#usda 1.0
(
    customLayerData = {
        double "campfire:dryMoistureRatioDryBasis" = 0.12
        int "campfire:flowUpdateIntervalSteps" = 30
        double "campfire:modelDtSeconds" = 0.2
        string "campfire:phase" = "phase3"
        string "campfire:scene" = "wood_thermal_mvp"
        double "campfire:wetMoistureRatioDryBasis" = 0.6
        dictionary renderSettings = {
            bool "rtx:flow:enabled" = 1
            bool "rtx:flow:pathTracingEnabled" = 1
            bool "rtx:flow:rayTracedReflectionsEnabled" = 1
            bool "rtx:flow:rayTracedTranslucencyEnabled" = 1
        }
    }
    defaultPrim = "World"
    endTimeCode = 1200
    metersPerUnit = 1
    startTimeCode = 0
    timeCodesPerSecond = 5
    upAxis = "Z"
)

def Xform "World"
{
    def PhysicsScene "PhysicsScene"
    {
        vector3f physics:gravityDirection = (0, 0, -1)
        float physics:gravityMagnitude = 9.81
    }

    def Cylinder "Ground" (
        prepend apiSchemas = ["PhysicsCollisionAPI"]
    )
    {
        uniform token axis = "Z"
        double height = 0.2
        color3f[] primvars:displayColor = [(0.08, 0.055, 0.035)]
        double radius = 5
        double3 xformOp:translate = (0, 0, -0.1)
        uniform token[] xformOpOrder = ["xformOp:translate"]
    }

    def Xform "Stones"
    {
        def Sphere "Stone_00" (
            prepend apiSchemas = ["PhysicsCollisionAPI"]
        )
        {
            color3f[] primvars:displayColor = [(0.22, 0.2, 0.18)]
            double radius = 0.42
            float3 xformOp:scale = (1.15, 0.85, 0.65)
            double3 xformOp:translate = (1.55, 0, 0.22)
            uniform token[] xformOpOrder = ["xformOp:translate", "xformOp:scale"]
        }

        def Sphere "Stone_01" (
            prepend apiSchemas = ["PhysicsCollisionAPI"]
        )
        {
            color3f[] primvars:displayColor = [(0.22, 0.2, 0.18)]
            double radius = 0.42
            float3 xformOp:scale = (1.15, 0.85, 0.65)
            double3 xformOp:translate = (1.34233937586588, 0.7749999999999999, 0.22)
            uniform token[] xformOpOrder = ["xformOp:translate", "xformOp:scale"]
        }

        def Sphere "Stone_02" (
            prepend apiSchemas = ["PhysicsCollisionAPI"]
        )
        {
            color3f[] primvars:displayColor = [(0.22, 0.2, 0.18)]
            double radius = 0.42
            float3 xformOp:scale = (1.15, 0.85, 0.65)
            double3 xformOp:translate = (0.7750000000000002, 1.34233937586588, 0.22)
            uniform token[] xformOpOrder = ["xformOp:translate", "xformOp:scale"]
        }

        def Sphere "Stone_03" (
            prepend apiSchemas = ["PhysicsCollisionAPI"]
        )
        {
            color3f[] primvars:displayColor = [(0.22, 0.2, 0.18)]
            double radius = 0.42
            float3 xformOp:scale = (1.15, 0.85, 0.65)
            double3 xformOp:translate = (9.491012693391987e-17, 1.55, 0.22)
            uniform token[] xformOpOrder = ["xformOp:translate", "xformOp:scale"]
        }

        def Sphere "Stone_04" (
            prepend apiSchemas = ["PhysicsCollisionAPI"]
        )
        {
            color3f[] primvars:displayColor = [(0.22, 0.2, 0.18)]
            double radius = 0.42
            float3 xformOp:scale = (1.15, 0.85, 0.65)
            double3 xformOp:translate = (-0.7749999999999997, 1.34233937586588, 0.22)
            uniform token[] xformOpOrder = ["xformOp:translate", "xformOp:scale"]
        }

        def Sphere "Stone_05" (
            prepend apiSchemas = ["PhysicsCollisionAPI"]
        )
        {
            color3f[] primvars:displayColor = [(0.22, 0.2, 0.18)]
            double radius = 0.42
            float3 xformOp:scale = (1.15, 0.85, 0.65)
            double3 xformOp:translate = (-1.34233937586588, 0.7749999999999999, 0.22)
            uniform token[] xformOpOrder = ["xformOp:translate", "xformOp:scale"]
        }

        def Sphere "Stone_06" (
            prepend apiSchemas = ["PhysicsCollisionAPI"]
        )
        {
            color3f[] primvars:displayColor = [(0.22, 0.2, 0.18)]
            double radius = 0.42
            float3 xformOp:scale = (1.15, 0.85, 0.65)
            double3 xformOp:translate = (-1.55, 1.8982025386783975e-16, 0.22)
            uniform token[] xformOpOrder = ["xformOp:translate", "xformOp:scale"]
        }

        def Sphere "Stone_07" (
            prepend apiSchemas = ["PhysicsCollisionAPI"]
        )
        {
            color3f[] primvars:displayColor = [(0.22, 0.2, 0.18)]
            double radius = 0.42
            float3 xformOp:scale = (1.15, 0.85, 0.65)
            double3 xformOp:translate = (-1.34233937586588, -0.7750000000000002, 0.22)
            uniform token[] xformOpOrder = ["xformOp:translate", "xformOp:scale"]
        }

        def Sphere "Stone_08" (
            prepend apiSchemas = ["PhysicsCollisionAPI"]
        )
        {
            color3f[] primvars:displayColor = [(0.22, 0.2, 0.18)]
            double radius = 0.42
            float3 xformOp:scale = (1.15, 0.85, 0.65)
            double3 xformOp:translate = (-0.7750000000000007, -1.3423393758658797, 0.22)
            uniform token[] xformOpOrder = ["xformOp:translate", "xformOp:scale"]
        }

        def Sphere "Stone_09" (
            prepend apiSchemas = ["PhysicsCollisionAPI"]
        )
        {
            color3f[] primvars:displayColor = [(0.22, 0.2, 0.18)]
            double radius = 0.42
            float3 xformOp:scale = (1.15, 0.85, 0.65)
            double3 xformOp:translate = (-2.847303808017596e-16, -1.55, 0.22)
            uniform token[] xformOpOrder = ["xformOp:translate", "xformOp:scale"]
        }

        def Sphere "Stone_10" (
            prepend apiSchemas = ["PhysicsCollisionAPI"]
        )
        {
            color3f[] primvars:displayColor = [(0.22, 0.2, 0.18)]
            double radius = 0.42
            float3 xformOp:scale = (1.15, 0.85, 0.65)
            double3 xformOp:translate = (0.7750000000000002, -1.34233937586588, 0.22)
            uniform token[] xformOpOrder = ["xformOp:translate", "xformOp:scale"]
        }

        def Sphere "Stone_11" (
            prepend apiSchemas = ["PhysicsCollisionAPI"]
        )
        {
            color3f[] primvars:displayColor = [(0.22, 0.2, 0.18)]
            double radius = 0.42
            float3 xformOp:scale = (1.15, 0.85, 0.65)
            double3 xformOp:translate = (1.3423393758658795, -0.7750000000000007, 0.22)
            uniform token[] xformOpOrder = ["xformOp:translate", "xformOp:scale"]
        }
    }

    def Camera "Camera"
    {
        float focalLength = 42
        matrix4d xformOp:transform = ( (0.7071067811865475, 0.7071067811865475, 0, 0), (-0.277171596739439, 0.277171596739439, 0.919973810454308, -0), (0.6505197198862688, -0.6505197198862688, 0.3919798312135209, 0), (7.799999999999999, -7.799999999999999, 5.799999999999998, 1) )
        uniform token[] xformOpOrder = ["xformOp:transform"]
    }

    def "Lights"
    {
        def DomeLight "Dome"
        {
            color3f inputs:color = (0.42, 0.5, 0.7)
            float inputs:intensity = 650
        }

        def SphereLight "Key"
        {
            color3f inputs:color = (1, 0.35, 0.08)
            float inputs:intensity = 24000
            float inputs:radius = 0.35
            double3 xformOp:translate = (0, 0, 2.5)
            uniform token[] xformOpOrder = ["xformOp:translate"]
        }
    }

    def Xform "Flow"
    {
        def FlowEmitterSphere "Emitter"
        {
            float allocationScale = 1.5
            float coupleRateFuel = 0
            float coupleRateSmoke = 0
            float coupleRateTemperature = 0
            float coupleRateVelocity = 2
            bool enabled = 1
            float fuel = 0
            int layer = 0
            bool multisample = 1
            uint numSubSteps = 2
            float3 position = (0, -0.34, 0.3)
            float radius = 0.18
            bool radiusIsWorldSpace = 1
            float smoke = 0
            float temperature = 0
            float3 velocity = (0, 0, 0.3)
            bool velocityIsWorldSpace = 1
        }

        def FlowSimulate "Simulate"
        {
            uint blockMinLifetime = 4
            float densityCellSize = 0.025
            bool enableVariableTimeStep = 0
            bool forceSimulate = 1
            int layer = 0
            uint maxStepsPerSimulate = 1
            bool physicsCollisionEnabled = 1
            bool physicsConvexCollision = 1
            bool simulateWhenPaused = 1
            float stepsPerSecond = 60
            uint velocitySubSteps = 1

            def FlowAdvectionCombustionParams "advection"
            {
                float buoyancyPerTemp = 6
                float burnPerTemp = 4
                bool combustionEnabled = 1
                float coolingRate = 1.5
                bool enabled = 1
                float fuelPerBurn = 0.25
                float3 gravity = (0, 0, -9.81)
                float ignitionTemp = 0.05
                float smokePerBurn = 3
                float tempPerBurn = 5

                def FlowAdvectionChannelParams "smoke"
                {
                    float damping = 0.3
                    float fade = 2
                    float secondOrderBlendFactor = 0.9
                }

                def FlowAdvectionChannelParams "velocity"
                {
                    float damping = 0.01
                    float fade = 1
                }

                def FlowAdvectionChannelParams "divergence"
                {
                    float damping = 0.01
                    float fade = 1
                }

                def FlowAdvectionChannelParams "temperature"
                {
                    float secondOrderBlendFactor = 0.9
                }

                def FlowAdvectionChannelParams "fuel"
                {
                    float secondOrderBlendFactor = 0.9
                }

                def FlowAdvectionChannelParams "burn"
                {
                    float secondOrderBlendFactor = 0.9
                }
            }

            def FlowVorticityParams "vorticity"
            {
                bool enabled = 1
                float forceScale = 1.5
                float velocityMask = 1
            }

            def FlowPressureParams "pressure"
            {
                bool enabled = 1
            }

            def FlowSummaryAllocateParams "summaryAllocate"
            {
                bool enableNeighborAllocation = 1
                float smokeThreshold = 0.02
                float speedThreshold = 1
            }

            def FlowSparseNanoVdbExportParams "nanoVdbExport"
            {
                bool burnEnabled = 1
                bool enabled = 1
                bool fuelEnabled = 1
                bool readbackEnabled = 0
                bool smokeEnabled = 1
                bool statisticsEnabled = 1
                bool temperatureEnabled = 1
                bool velocityEnabled = 1
            }
        }

        def FlowOffscreen "flowOffscreen"
        {
            int layer = 0

            def FlowRayMarchColormapParams "colormap"
            {
                float colorScale = 2.5
                float[] colorScalePoints = [1, 1, 1, 1, 1, 1]
                uint resolution = 32
                float4[] rgbaPoints = [(0.0154, 0.0177, 0.0154, 0.004902), (0.03575, 0.03575, 0.03575, 0.504902), (0.03575, 0.03575, 0.03575, 0.504902), (1, 0.1594, 0.0134, 0.8), (13.53, 2.99, 0.12599, 0.8), (78, 39, 6.1, 0.7)]
                float[] xPoints = [0, 0.05, 0.15, 0.6, 0.85, 1]
            }

            def FlowShadowParams "shadow"
            {
                float attenuation = 0.045
                bool coarsePropagate = 1
                bool enabled = 1
                float3 lightDirection = (1, 1, 1)
            }
        }

        def FlowRender "flowRender"
        {
            int layer = 0

            def FlowRayMarchParams "rayMarch"
            {
                float attenuation = 0.05
                float colorScale = 1
                float shadowFactor = 1
                float stepSizeScale = 0.75
            }
        }
    }

    def Xform "Logs"
    {
        def Cylinder "Log_00" (
            prepend apiSchemas = ["PhysicsCollisionAPI", "PhysicsRigidBodyAPI", "PhysicsMassAPI", "PhysxRigidBodyAPI", "MaterialBindingAPI"]
        )
        {
            uniform token axis = "X"
            custom double campfire:charFraction = 0
            custom int campfire:combustionModelVersion = 1
            custom string campfire:combustionStateJson = '{"cells":[{"ash_mass_kg":0.0,"char_mass_kg":0.0,"dry_wood_mass_kg":0.016336281798666922,"external_area_m2":0.00041887902047863906,"moisture_mass_kg":0.0019603538158400307,"oxygen_factor":1.0,"phase":"WET_WOOD","surface_exposure":1.0,"temperature_k":293.15,"volatile_potential_kg":0.012742299802960199,"volume_m3":3.141592653589793e-05},{"ash_mass_kg":0.0,"char_mass_kg":0.0,"dry_wood_mass_kg":0.04900884539600077,"external_area_m2":0.0012566370614359172,"moisture_mass_kg":0.005881061447520092,"oxygen_factor":1.0,"phase":"WET_WOOD","surface_exposure":1.0,"temperature_k":293.15,"volatile_potential_kg":0.038226899408880605,"volume_m3":9.424777960769378e-05},{"ash_mass_kg":0.0,"char_mass_kg":0.0,"dry_wood_mass_kg":0.0816814089933346,"external_area_m2":0.0020943951023931952,"moisture_mass_kg":0.009801769079200152,"oxygen_factor":1.0,"phase":"WET_WOOD","surface_exposure":1.0,"temperature_k":293.15,"volatile_potential_kg":0.063711499014801,"volume_m3":0.00015707963267948963},{"ash_mass_kg":0.0,"char_mass_kg":0.0,"dry_wood_mass_kg":0.11435397259066847,"external_area_m2":0.00921533845053006,"moisture_mass_kg":0.013722476710880217,"oxygen_factor":1.0,"phase":"WET_WOOD","surface_exposure":1.0,"temperature_k":293.15,"volatile_potential_kg":0.0891960986207214,"volume_m3":0.0002199114857512855},{"ash_mass_kg":0.0,"char_mass_kg":0.0,"dry_wood_mass_kg":0.016336281798666922,"external_area_m2":0.00041887902047863906,"moisture_mass_kg":0.0019603538158400307,"oxygen_factor":1.0,"phase":"WET_WOOD","surface_exposure":1.0,"temperature_k":293.15,"volatile_potential_kg":0.012742299802960199,"volume_m3":3.141592653589793e-05},{"ash_mass_kg":0.0,"char_mass_kg":0.0,"dry_wood_mass_kg":0.04900884539600077,"external_area_m2":0.0012566370614359172,"moisture_mass_kg":0.005881061447520092,"oxygen_factor":1.0,"phase":"WET_WOOD","surface_exposure":1.0,"temperature_k":293.15,"volatile_potential_kg":0.038226899408880605,"volume_m3":9.424777960769378e-05},{"ash_mass_kg":0.0,"char_mass_kg":0.0,"dry_wood_mass_kg":0.0816814089933346,"external_area_m2":0.0020943951023931952,"moisture_mass_kg":0.009801769079200152,"oxygen_factor":1.0,"phase":"WET_WOOD","surface_exposure":1.0,"temperature_k":293.15,"volatile_potential_kg":0.063711499014801,"volume_m3":0.00015707963267948963},{"ash_mass_kg":0.0,"char_mass_kg":0.0,"dry_wood_mass_kg":0.11435397259066847,"external_area_m2":0.00921533845053006,"moisture_mass_kg":0.013722476710880217,"oxygen_factor":1.0,"phase":"WET_WOOD","surface_exposure":1.0,"temperature_k":293.15,"volatile_potential_kg":0.0891960986207214,"volume_m3":0.0002199114857512855},{"ash_mass_kg":0.0,"char_mass_kg":0.0,"dry_wood_mass_kg":0.016336281798666922,"external_area_m2":0.00041887902047863906,"moisture_mass_kg":0.0019603538158400307,"oxygen_factor":1.0,"phase":"WET_WOOD","surface_exposure":1.0,"temperature_k":293.15,"volatile_potential_kg":0.012742299802960199,"volume_m3":3.141592653589793e-05},{"ash_mass_kg":0.0,"char_mass_kg":0.0,"dry_wood_mass_kg":0.04900884539600077,"external_area_m2":0.0012566370614359172,"moisture_mass_kg":0.005881061447520092,"oxygen_factor":1.0,"phase":"WET_WOOD","surface_exposure":1.0,"temperature_k":293.15,"volatile_potential_kg":0.038226899408880605,"volume_m3":9.424777960769378e-05},{"ash_mass_kg":0.0,"char_mass_kg":0.0,"dry_wood_mass_kg":0.0816814089933346,"external_area_m2":0.0020943951023931952,"moisture_mass_kg":0.009801769079200152,"oxygen_factor":1.0,"phase":"WET_WOOD","surface_exposure":1.0,"temperature_k":293.15,"volatile_potential_kg":0.063711499014801,"volume_m3":0.00015707963267948963},{"ash_mass_kg":0.0,"char_mass_kg":0.0,"dry_wood_mass_kg":0.11435397259066847,"external_area_m2":0.00921533845053006,"moisture_mass_kg":0.013722476710880217,"oxygen_factor":1.0,"phase":"WET_WOOD","surface_exposure":1.0,"temperature_k":293.15,"volatile_potential_kg":0.0891960986207214,"volume_m3":0.0002199114857512855},{"ash_mass_kg":0.0,"char_mass_kg":0.0,"dry_wood_mass_kg":0.016336281798666922,"external_area_m2":0.00041887902047863906,"moisture_mass_kg":0.0019603538158400307,"oxygen_factor":1.0,"phase":"WET_WOOD","surface_exposure":1.0,"temperature_k":293.15,"volatile_potential_kg":0.012742299802960199,"volume_m3":3.141592653589793e-05},{"ash_mass_kg":0.0,"char_mass_kg":0.0,"dry_wood_mass_kg":0.04900884539600077,"external_area_m2":0.0012566370614359172,"moisture_mass_kg":0.005881061447520092,"oxygen_factor":1.0,"phase":"WET_WOOD","surface_exposure":1.0,"temperature_k":293.15,"volatile_potential_kg":0.038226899408880605,"volume_m3":9.424777960769378e-05},{"ash_mass_kg":0.0,"char_mass_kg":0.0,"dry_wood_mass_kg":0.0816814089933346,"external_area_m2":0.0020943951023931952,"moisture_mass_kg":0.009801769079200152,"oxygen_factor":1.0,"phase":"WET_WOOD","surface_exposure":1.0,"temperature_k":293.15,"volatile_potential_kg":0.063711499014801,"volume_m3":0.00015707963267948963},{"ash_mass_kg":0.0,"char_mass_kg":0.0,"dry_wood_mass_kg":0.11435397259066847,"external_area_m2":0.00921533845053006,"moisture_mass_kg":0.013722476710880217,"oxygen_factor":1.0,"phase":"WET_WOOD","surface_exposure":1.0,"temperature_k":293.15,"volatile_potential_kg":0.0891960986207214,"volume_m3":0.0002199114857512855},{"ash_mass_kg":0.0,"char_mass_kg":0.0,"dry_wood_mass_kg":0.016336281798666922,"external_area_m2":0.00041887902047863906,"moisture_mass_kg":0.0019603538158400307,"oxygen_factor":1.0,"phase":"WET_WOOD","surface_exposure":1.0,"temperature_k":293.15,"volatile_potential_kg":0.012742299802960199,"volume_m3":3.141592653589793e-05},{"ash_mass_kg":0.0,"char_mass_kg":0.0,"dry_wood_mass_kg":0.04900884539600077,"external_area_m2":0.0012566370614359172,"moisture_mass_kg":0.005881061447520092,"oxygen_factor":1.0,"phase":"WET_WOOD","surface_exposure":1.0,"temperature_k":293.15,"volatile_potential_kg":0.038226899408880605,"volume_m3":9.424777960769378e-05},{"ash_mass_kg":0.0,"char_mass_kg":0.0,"dry_wood_mass_kg":0.0816814089933346,"external_area_m2":0.0020943951023931952,"moisture_mass_kg":0.009801769079200152,"oxygen_factor":1.0,"phase":"WET_WOOD","surface_exposure":1.0,"temperature_k":293.15,"volatile_potential_kg":0.063711499014801,"volume_m3":0.00015707963267948963},{"ash_mass_kg":0.0,"char_mass_kg":0.0,"dry_wood_mass_kg":0.11435397259066847,"external_area_m2":0.00921533845053006,"moisture_mass_kg":0.013722476710880217,"oxygen_factor":1.0,"phase":"WET_WOOD","surface_exposure":1.0,"temperature_k":293.15,"volatile_potential_kg":0.0891960986207214,"volume_m3":0.0002199114857512855},{"ash_mass_kg":0.0,"char_mass_kg":0.0,"dry_wood_mass_kg":0.016336281798666922,"external_area_m2":0.00041887902047863906,"moisture_mass_kg":0.0019603538158400307,"oxygen_factor":1.0,"phase":"WET_WOOD","surface_exposure":1.0,"temperature_k":293.15,"volatile_potential_kg":0.012742299802960199,"volume_m3":3.141592653589793e-05},{"ash_mass_kg":0.0,"char_mass_kg":0.0,"dry_wood_mass_kg":0.04900884539600077,"external_area_m2":0.0012566370614359172,"moisture_mass_kg":0.005881061447520092,"oxygen_factor":1.0,"phase":"WET_WOOD","surface_exposure":1.0,"temperature_k":293.15,"volatile_potential_kg":0.038226899408880605,"volume_m3":9.424777960769378e-05},{"ash_mass_kg":0.0,"char_mass_kg":0.0,"dry_wood_mass_kg":0.0816814089933346,"external_area_m2":0.0020943951023931952,"moisture_mass_kg":0.009801769079200152,"oxygen_factor":1.0,"phase":"WET_WOOD","surface_exposure":1.0,"temperature_k":293.15,"volatile_potential_kg":0.063711499014801,"volume_m3":0.00015707963267948963},{"ash_mass_kg":0.0,"char_mass_kg":0.0,"dry_wood_mass_kg":0.11435397259066847,"external_area_m2":0.00921533845053006,"moisture_mass_kg":0.013722476710880217,"oxygen_factor":1.0,"phase":"WET_WOOD","surface_exposure":1.0,"temperature_k":293.15,"volatile_potential_kg":0.0891960986207214,"volume_m3":0.0002199114857512855},{"ash_mass_kg":0.0,"char_mass_kg":0.0,"dry_wood_mass_kg":0.016336281798666922,"external_area_m2":0.00041887902047863906,"moisture_mass_kg":0.0019603538158400307,"oxygen_factor":1.0,"phase":"WET_WOOD","surface_exposure":1.0,"temperature_k":293.15,"volatile_potential_kg":0.012742299802960199,"volume_m3":3.141592653589793e-05},{"ash_mass_kg":0.0,"char_mass_kg":0.0,"dry_wood_mass_kg":0.04900884539600077,"external_area_m2":0.0012566370614359172,"moisture_mass_kg":0.005881061447520092,"oxygen_factor":1.0,"phase":"WET_WOOD","surface_exposure":1.0,"temperature_k":293.15,"volatile_potential_kg":0.038226899408880605,"volume_m3":9.424777960769378e-05},{"ash_mass_kg":0.0,"char_mass_kg":0.0,"dry_wood_mass_kg":0.0816814089933346,"external_area_m2":0.0020943951023931952,"moisture_mass_kg":0.009801769079200152,"oxygen_factor":1.0,"phase":"WET_WOOD","surface_exposure":1.0,"temperature_k":293.15,"volatile_potential_kg":0.063711499014801,"volume_m3":0.00015707963267948963},{"ash_mass_kg":0.0,"char_mass_kg":0.0,"dry_wood_mass_kg":0.11435397259066847,"external_area_m2":0.00921533845053006,"moisture_mass_kg":0.013722476710880217,"oxygen_factor":1.0,"phase":"WET_WOOD","surface_exposure":1.0,"temperature_k":293.15,"volatile_potential_kg":0.0891960986207214,"volume_m3":0.0002199114857512855},{"ash_mass_kg":0.0,"char_mass_kg":0.0,"dry_wood_mass_kg":0.016336281798666922,"external_area_m2":0.00041887902047863906,"moisture_mass_kg":0.0019603538158400307,"oxygen_factor":1.0,"phase":"WET_WOOD","surface_exposure":1.0,"temperature_k":293.15,"volatile_potential_kg":0.012742299802960199,"volume_m3":3.141592653589793e-05},{"ash_mass_kg":0.0,"char_mass_kg":0.0,"dry_wood_mass_kg":0.04900884539600077,"external_area_m2":0.0012566370614359172,"moisture_mass_kg":0.005881061447520092,"oxygen_factor":1.0,"phase":"WET_WOOD","surface_exposure":1.0,"temperature_k":293.15,"volatile_potential_kg":0.038226899408880605,"volume_m3":9.424777960769378e-05},{"ash_mass_kg":0.0,"char_mass_kg":0.0,"dry_wood_mass_kg":0.0816814089933346,"external_area_m2":0.0020943951023931952,"moisture_mass_kg":0.009801769079200152,"oxygen_factor":1.0,"phase":"WET_WOOD","surface_exposure":1.0,"temperature_k":293.15,"volatile_potential_kg":0.063711499014801,"volume_m3":0.00015707963267948963},{"ash_mass_kg":0.0,"char_mass_kg":0.0,"dry_wood_mass_kg":0.11435397259066847,"external_area_m2":0.00921533845053006,"moisture_mass_kg":0.013722476710880217,"oxygen_factor":1.0,"phase":"WET_WOOD","surface_exposure":1.0,"temperature_k":293.15,"volatile_potential_kg":0.0891960986207214,"volume_m3":0.0002199114857512855},{"ash_mass_kg":0.0,"char_mass_kg":0.0,"dry_wood_mass_kg":0.016336281798666922,"external_area_m2":0.00041887902047863906,"moisture_mass_kg":0.0019603538158400307,"oxygen_factor":1.0,"phase":"WET_WOOD","surface_exposure":1.0,"temperature_k":293.15,"volatile_potential_kg":0.012742299802960199,"volume_m3":3.141592653589793e-05},{"ash_mass_kg":0.0,"char_mass_kg":0.0,"dry_wood_mass_kg":0.04900884539600077,"external_area_m2":0.0012566370614359172,"moisture_mass_kg":0.005881061447520092,"oxygen_factor":1.0,"phase":"WET_WOOD","surface_exposure":1.0,"temperature_k":293.15,"volatile_potential_kg":0.038226899408880605,"volume_m3":9.424777960769378e-05},{"ash_mass_kg":0.0,"char_mass_kg":0.0,"dry_wood_mass_kg":0.0816814089933346,"external_area_m2":0.0020943951023931952,"moisture_mass_kg":0.009801769079200152,"oxygen_factor":1.0,"phase":"WET_WOOD","surface_exposure":1.0,"temperature_k":293.15,"volatile_potential_kg":0.063711499014801,"volume_m3":0.00015707963267948963},{"ash_mass_kg":0.0,"char_mass_kg":0.0,"dry_wood_mass_kg":0.11435397259066847,"external_area_m2":0.00921533845053006,"moisture_mass_kg":0.013722476710880217,"oxygen_factor":1.0,"phase":"WET_WOOD","surface_exposure":1.0,"temperature_k":293.15,"volatile_potential_kg":0.0891960986207214,"volume_m3":0.0002199114857512855},{"ash_mass_kg":0.0,"char_mass_kg":0.0,"dry_wood_mass_kg":0.016336281798666922,"external_area_m2":0.00041887902047863906,"moisture_mass_kg":0.0019603538158400307,"oxygen_factor":1.0,"phase":"WET_WOOD","surface_exposure":1.0,"temperature_k":293.15,"volatile_potential_kg":0.012742299802960199,"volume_m3":3.141592653589793e-05},{"ash_mass_kg":0.0,"char_mass_kg":0.0,"dry_wood_mass_kg":0.04900884539600077,"external_area_m2":0.0012566370614359172,"moisture_mass_kg":0.005881061447520092,"oxygen_factor":1.0,"phase":"WET_WOOD","surface_exposure":1.0,"temperature_k":293.15,"volatile_potential_kg":0.038226899408880605,"volume_m3":9.424777960769378e-05},{"ash_mass_kg":0.0,"char_mass_kg":0.0,"dry_wood_mass_kg":0.0816814089933346,"external_area_m2":0.0020943951023931952,"moisture_mass_kg":0.009801769079200152,"oxygen_factor":1.0,"phase":"WET_WOOD","surface_exposure":1.0,"temperature_k":293.15,"volatile_potential_kg":0.063711499014801,"volume_m3":0.00015707963267948963},{"ash_mass_kg":0.0,"char_mass_kg":0.0,"dry_wood_mass_kg":0.11435397259066847,"external_area_m2":0.00921533845053006,"moisture_mass_kg":0.013722476710880217,"oxygen_factor":1.0,"phase":"WET_WOOD","surface_exposure":1.0,"temperature_k":293.15,"volatile_potential_kg":0.0891960986207214,"volume_m3":0.0002199114857512855},{"ash_mass_kg":0.0,"char_mass_kg":0.0,"dry_wood_mass_kg":0.016336281798666922,"external_area_m2":0.00041887902047863906,"moisture_mass_kg":0.0019603538158400307,"oxygen_factor":1.0,"phase":"WET_WOOD","surface_exposure":1.0,"temperature_k":293.15,"volatile_potential_kg":0.012742299802960199,"volume_m3":3.141592653589793e-05},{"ash_mass_kg":0.0,"char_mass_kg":0.0,"dry_wood_mass_kg":0.04900884539600077,"external_area_m2":0.0012566370614359172,"moisture_mass_kg":0.005881061447520092,"oxygen_factor":1.0,"phase":"WET_WOOD","surface_exposure":1.0,"temperature_k":293.15,"volatile_potential_kg":0.038226899408880605,"volume_m3":9.424777960769378e-05},{"ash_mass_kg":0.0,"char_mass_kg":0.0,"dry_wood_mass_kg":0.0816814089933346,"external_area_m2":0.0020943951023931952,"moisture_mass_kg":0.009801769079200152,"oxygen_factor":1.0,"phase":"WET_WOOD","surface_exposure":1.0,"temperature_k":293.15,"volatile_potential_kg":0.063711499014801,"volume_m3":0.00015707963267948963},{"ash_mass_kg":0.0,"char_mass_kg":0.0,"dry_wood_mass_kg":0.11435397259066847,"external_area_m2":0.00921533845053006,"moisture_mass_kg":0.013722476710880217,"oxygen_factor":1.0,"phase":"WET_WOOD","surface_exposure":1.0,"temperature_k":293.15,"volatile_potential_kg":0.0891960986207214,"volume_m3":0.0002199114857512855},{"ash_mass_kg":0.0,"char_mass_kg":0.0,"dry_wood_mass_kg":0.016336281798666922,"external_area_m2":0.00041887902047863906,"moisture_mass_kg":0.0019603538158400307,"oxygen_factor":1.0,"phase":"WET_WOOD","surface_exposure":1.0,"temperature_k":293.15,"volatile_potential_kg":0.012742299802960199,"volume_m3":3.141592653589793e-05},{"ash_mass_kg":0.0,"char_mass_kg":0.0,"dry_wood_mass_kg":0.04900884539600077,"external_area_m2":0.0012566370614359172,"moisture_mass_kg":0.005881061447520092,"oxygen_factor":1.0,"phase":"WET_WOOD","surface_exposure":1.0,"temperature_k":293.15,"volatile_potential_kg":0.038226899408880605,"volume_m3":9.424777960769378e-05},{"ash_mass_kg":0.0,"char_mass_kg":0.0,"dry_wood_mass_kg":0.0816814089933346,"external_area_m2":0.0020943951023931952,"moisture_mass_kg":0.009801769079200152,"oxygen_factor":1.0,"phase":"WET_WOOD","surface_exposure":1.0,"temperature_k":293.15,"volatile_potential_kg":0.063711499014801,"volume_m3":0.00015707963267948963},{"ash_mass_kg":0.0,"char_mass_kg":0.0,"dry_wood_mass_kg":0.11435397259066847,"external_area_m2":0.00921533845053006,"moisture_mass_kg":0.013722476710880217,"oxygen_factor":1.0,"phase":"WET_WOOD","surface_exposure":1.0,"temperature_k":293.15,"volatile_potential_kg":0.0891960986207214,"volume_m3":0.0002199114857512855},{"ash_mass_kg":0.0,"char_mass_kg":0.0,"dry_wood_mass_kg":0.016336281798666922,"external_area_m2":0.0,"moisture_mass_kg":0.0019603538158400307,"oxygen_factor":0.0,"phase":"WET_WOOD","surface_exposure":0.0,"temperature_k":293.15,"volatile_potential_kg":0.012742299802960199,"volume_m3":3.141592653589793e-05},{"ash_mass_kg":0.0,"char_mass_kg":0.0,"dry_wood_mass_kg":0.04900884539600077,"external_area_m2":0.0,"moisture_mass_kg":0.005881061447520092,"oxygen_factor":0.0,"phase":"WET_WOOD","surface_exposure":0.0,"temperature_k":293.15,"volatile_potential_kg":0.038226899408880605,"volume_m3":9.424777960769378e-05},{"ash_mass_kg":0.0,"char_mass_kg":0.0,"dry_wood_mass_kg":0.0816814089933346,"external_area_m2":0.0,"moisture_mass_kg":0.009801769079200152,"oxygen_factor":0.0,"phase":"WET_WOOD","surface_exposure":0.0,"temperature_k":293.15,"volatile_potential_kg":0.063711499014801,"volume_m3":0.00015707963267948963},{"ash_mass_kg":0.0,"char_mass_kg":0.0,"dry_wood_mass_kg":0.11435397259066847,"external_area_m2":0.006283185307179586,"moisture_mass_kg":0.013722476710880217,"oxygen_factor":1.0,"phase":"WET_WOOD","surface_exposure":1.0,"temperature_k":293.15,"volatile_potential_kg":0.0891960986207214,"volume_m3":0.0002199114857512855},{"ash_mass_kg":0.0,"char_mass_kg":0.0,"dry_wood_mass_kg":0.016336281798666922,"external_area_m2":0.0,"moisture_mass_kg":0.0019603538158400307,"oxygen_factor":0.0,"phase":"WET_WOOD","surface_exposure":0.0,"temperature_k":293.15,"volatile_potential_kg":0.012742299802960199,"volume_m3":3.141592653589793e-05},{"ash_mass_kg":0.0,"char_mass_kg":0.0,"dry_wood_mass_kg":0.04900884539600077,"external_area_m2":0.0,"moisture_mass_kg":0.005881061447520092,"oxygen_factor":0.0,"phase":"WET_WOOD","surface_exposure":0.0,"temperature_k":293.15,"volatile_potential_kg":0.038226899408880605,"volume_m3":9.424777960769378e-05},{"ash_mass_kg":0.0,"char_mass_kg":0.0,"dry_wood_mass_kg":0.0816814089933346,"external_area_m2":0.0,"moisture_mass_kg":0.009801769079200152,"oxygen_factor":0.0,"phase":"WET_WOOD","surface_exposure":0.0,"temperature_k":293.15,"volatile_potential_kg":0.063711499014801,"volume_m3":0.00015707963267948963},{"ash_mass_kg":0.0,"char_mass_kg":0.0,"dry_wood_mass_kg":0.11435397259066847,"external_area_m2":0.006283185307179586,"moisture_mass_kg":0.013722476710880217,"oxygen_factor":1.0,"phase":"WET_WOOD","surface_exposure":1.0,"temperature_k":293.15,"volatile_potential_kg":0.0891960986207214,"volume_m3":0.0002199114857512855},{"ash_mass_kg":0.0,"char_mass_kg":0.0,"dry_wood_mass_kg":0.016336281798666922,"external_area_m2":0.0,"moisture_mass_kg":0.0019603538158400307,"oxygen_factor":0.0,"phase":"WET_WOOD","surface_exposure":0.0,"temperature_k":293.15,"volatile_potential_kg":0.012742299802960199,"volume_m3":3.141592653589793e-05},{"ash_mass_kg":0.0,"char_mass_kg":0.0,"dry_wood_mass_kg":0.04900884539600077,"external_area_m2":0.0,"moisture_mass_kg":0.005881061447520092,"oxygen_factor":0.0,"phase":"WET_WOOD","surface_exposure":0.0,"temperature_k":293.15,"volatile_potential_kg":0.038226899408880605,"volume_m3":9.424777960769378e-05},{"ash_mass_kg":0.0,"char_mass_kg":0.0,"dry_wood_mass_kg":0.0816814089933346,"external_area_m2":0.0,"moisture_mass_kg":0.009801769079200152,"oxygen_factor":0.0,"phase":"WET_WOOD","surface_exposure":0.0,"temperature_k":293.15,"volatile_potential_kg":0.063711499014801,"volume_m3":0.00015707963267948963},{"ash_mass_kg":0.0,"char_mass_kg":0.0,"dry_wood_mass_kg":0.11435397259066847,"external_area_m2":0.006283185307179586,"moisture_mass_kg":0.013722476710880217,"oxygen_factor":1.0,"phase":"WET_WOOD","surface_exposure":1.0,"temperature_k":293.15,"volatile_potential_kg":0.0891960986207214,"volume_m3":0.0002199114857512855},{"ash_mass_kg":0.0,"char_mass_kg":0.0,"dry_wood_mass_kg":0.016336281798666922,"external_area_m2":0.0,"moisture_mass_kg":0.0019603538158400307,"oxygen_factor":0.0,"phase":"WET_WOOD","surface_exposure":0.0,"temperature_k":293.15,"volatile_potential_kg":0.012742299802960199,"volume_m3":3.141592653589793e-05},{"ash_mass_kg":0.0,"char_mass_kg":0.0,"dry_wood_mass_kg":0.04900884539600077,"external_area_m2":0.0,"moisture_mass_kg":0.005881061447520092,"oxygen_factor":0.0,"phase":"WET_WOOD","surface_exposure":0.0,"temperature_k":293.15,"volatile_potential_kg":0.038226899408880605,"volume_m3":9.424777960769378e-05},{"ash_mass_kg":0.0,"char_mass_kg":0.0,"dry_wood_mass_kg":0.0816814089933346,"external_area_m2":0.0,"moisture_mass_kg":0.009801769079200152,"oxygen_factor":0.0,"phase":"WET_WOOD","surface_exposure":0.0,"temperature_k":293.15,"volatile_potential_kg":0.063711499014801,"volume_m3":0.00015707963267948963},{"ash_mass_kg":0.0,"char_mass_kg":0.0,"dry_wood_mass_kg":0.11435397259066847,"external_area_m2":0.006283185307179586,"moisture_mass_kg":0.013722476710880217,"oxygen_factor":1.0,"phase":"WET_WOOD","surface_exposure":1.0,"temperature_k":293.15,"volatile_potential_kg":0.0891960986207214,"volume_m3":0.0002199114857512855},{"ash_mass_kg":0.0,"char_mass_kg":0.0,"dry_wood_mass_kg":0.016336281798666922,"external_area_m2":0.0,"moisture_mass_kg":0.0019603538158400307,"oxygen_factor":0.0,"phase":"WET_WOOD","surface_exposure":0.0,"temperature_k":293.15,"volatile_potential_kg":0.012742299802960199,"volume_m3":3.141592653589793e-05},{"ash_mass_kg":0.0,"char_mass_kg":0.0,"dry_wood_mass_kg":0.04900884539600077,"external_area_m2":0.0,"moisture_mass_kg":0.005881061447520092,"oxygen_factor":0.0,"phase":"WET_WOOD","surface_exposure":0.0,"temperature_k":293.15,"volatile_potential_kg":0.038226899408880605,"volume_m3":9.424777960769378e-05},{"ash_mass_kg":0.0,"char_mass_kg":0.0,"dry_wood_mass_kg":0.0816814089933346,"external_area_m2":0.0,"moisture_mass_kg":0.009801769079200152,"oxygen_factor":0.0,"phase":"WET_WOOD","surface_exposure":0.0,"temperature_k":293.15,"volatile_potential_kg":0.063711499014801,"volume_m3":0.00015707963267948963},{"ash_mass_kg":0.0,"char_mass_kg":0.0,"dry_wood_mass_kg":0.11435397259066847,"external_area_m2":0.006283185307179586,"moisture_mass_kg":0.013722476710880217,"oxygen_factor":1.0,"phase":"WET_WOOD","surface_exposure":1.0,"temperature_k":293.15,"volatile_potential_kg":0.0891960986207214,"volume_m3":0.0002199114857512855},{"ash_mass_kg":0.0,"char_mass_kg":0.0,"dry_wood_mass_kg":0.016336281798666922,"external_area_m2":0.0,"moisture_mass_kg":0.0019603538158400307,"oxygen_factor":0.0,"phase":"WET_WOOD","surface_exposure":0.0,"temperature_k":293.15,"volatile_potential_kg":0.012742299802960199,"volume_m3":3.141592653589793e-05},{"ash_mass_kg":0.0,"char_mass_kg":0.0,"dry_wood_mass_kg":0.04900884539600077,"external_area_m2":0.0,"moisture_mass_kg":0.005881061447520092,"oxygen_factor":0.0,"phase":"WET_WOOD","surface_exposure":0.0,"temperature_k":293.15,"volatile_potential_kg":0.038226899408880605,"volume_m3":9.424777960769378e-05},{"ash_mass_kg":0.0,"char_mass_kg":0.0,"dry_wood_mass_kg":0.0816814089933346,"external_area_m2":0.0,"moisture_mass_kg":0.009801769079200152,"oxygen_factor":0.0,"phase":"WET_WOOD","surface_exposure":0.0,"temperature_k":293.15,"volatile_potential_kg":0.063711499014801,"volume_m3":0.00015707963267948963},{"ash_mass_kg":0.0,"char_mass_kg":0.0,"dry_wood_mass_kg":0.11435397259066847,"external_area_m2":0.006283185307179586,"moisture_mass_kg":0.013722476710880217,"oxygen_factor":1.0,"phase":"WET_WOOD","surface_exposure":1.0,"temperature_k":293.15,"volatile_potential_kg":0.0891960986207214,"volume_m3":0.0002199114857512855},{"ash_mass_kg":0.0,"char_mass_kg":0.0,"dry_wood_mass_kg":0.016336281798666922,"external_area_m2":0.0,"moisture_mass_kg":0.0019603538158400307,"oxygen_factor":0.0,"phase":"WET_WOOD","surface_exposure":0.0,"temperature_k":293.15,"volatile_potential_kg":0.012742299802960199,"volume_m3":3.141592653589793e-05},{"ash_mass_kg":0.0,"char_mass_kg":0.0,"dry_wood_mass_kg":0.04900884539600077,"external_area_m2":0.0,"moisture_mass_kg":0.005881061447520092,"oxygen_factor":0.0,"phase":"WET_WOOD","surface_exposure":0.0,"temperature_k":293.15,"volatile_potential_kg":0.038226899408880605,"volume_m3":9.424777960769378e-05},{"ash_mass_kg":0.0,"char_mass_kg":0.0,"dry_wood_mass_kg":0.0816814089933346,"external_area_m2":0.0,"moisture_mass_kg":0.009801769079200152,"oxygen_factor":0.0,"phase":"WET_WOOD","surface_exposure":0.0,"temperature_k":293.15,"volatile_potential_kg":0.063711499014801,"volume_m3":0.00015707963267948963},{"ash_mass_kg":0.0,"char_mass_kg":0.0,"dry_wood_mass_kg":0.11435397259066847,"external_area_m2":0.006283185307179586,"moisture_mass_kg":0.013722476710880217,"oxygen_factor":1.0,"phase":"WET_WOOD","surface_exposure":1.0,"temperature_k":293.15,"volatile_potential_kg":0.0891960986207214,"volume_m3":0.0002199114857512855},{"ash_mass_kg":0.0,"char_mass_kg":0.0,"dry_wood_mass_kg":0.016336281798666922,"external_area_m2":0.0,"moisture_mass_kg":0.0019603538158400307,"oxygen_factor":0.0,"phase":"WET_WOOD","surface_exposure":0.0,"temperature_k":293.15,"volatile_potential_kg":0.012742299802960199,"volume_m3":3.141592653589793e-05},{"ash_mass_kg":0.0,"char_mass_kg":0.0,"dry_wood_mass_kg":0.04900884539600077,"external_area_m2":0.0,"moisture_mass_kg":0.005881061447520092,"oxygen_factor":0.0,"phase":"WET_WOOD","surface_exposure":0.0,"temperature_k":293.15,"volatile_potential_kg":0.038226899408880605,"volume_m3":9.424777960769378e-05},{"ash_mass_kg":0.0,"char_mass_kg":0.0,"dry_wood_mass_kg":0.0816814089933346,"external_area_m2":0.0,"moisture_mass_kg":0.009801769079200152,"oxygen_factor":0.0,"phase":"WET_WOOD","surface_exposure":0.0,"temperature_k":293.15,"volatile_potential_kg":0.063711499014801,"volume_m3":0.00015707963267948963},{"ash_mass_kg":0.0,"char_mass_kg":0.0,"dry_wood_mass_kg":0.11435397259066847,"external_area_m2":0.006283185307179586,"moisture_mass_kg":0.013722476710880217,"oxygen_factor":1.0,"phase":"WET_WOOD","surface_exposure":1.0,"temperature_k":293.15,"volatile_potential_kg":0.0891960986207214,"volume_m3":0.0002199114857512855},{"ash_mass_kg":0.0,"char_mass_kg":0.0,"dry_wood_mass_kg":0.016336281798666922,"external_area_m2":0.0,"moisture_mass_kg":0.0019603538158400307,"oxygen_factor":0.0,"phase":"WET_WOOD","surface_exposure":0.0,"temperature_k":293.15,"volatile_potential_kg":0.012742299802960199,"volume_m3":3.141592653589793e-05},{"ash_mass_kg":0.0,"char_mass_kg":0.0,"dry_wood_mass_kg":0.04900884539600077,"external_area_m2":0.0,"moisture_mass_kg":0.005881061447520092,"oxygen_factor":0.0,"phase":"WET_WOOD","surface_exposure":0.0,"temperature_k":293.15,"volatile_potential_kg":0.038226899408880605,"volume_m3":9.424777960769378e-05},{"ash_mass_kg":0.0,"char_mass_kg":0.0,"dry_wood_mass_kg":0.0816814089933346,"external_area_m2":0.0,"moisture_mass_kg":0.009801769079200152,"oxygen_factor":0.0,"phase":"WET_WOOD","surface_exposure":0.0,"temperature_k":293.15,"volatile_potential_kg":0.063711499014801,"volume_m3":0.00015707963267948963},{"ash_mass_kg":0.0,"char_mass_kg":0.0,"dry_wood_mass_kg":0.11435397259066847,"external_area_m2":0.006283185307179586,"moisture_mass_kg":0.013722476710880217,"oxygen_factor":1.0,"phase":"WET_WOOD","surface_exposure":1.0,"temperature_k":293.15,"volatile_potential_kg":0.0891960986207214,"volume_m3":0.0002199114857512855},{"ash_mass_kg":0.0,"char_mass_kg":0.0,"dry_wood_mass_kg":0.016336281798666922,"external_area_m2":0.0,"moisture_mass_kg":0.0019603538158400307,"oxygen_factor":0.0,"phase":"WET_WOOD","surface_exposure":0.0,"temperature_k":293.15,"volatile_potential_kg":0.012742299802960199,"volume_m3":3.141592653589793e-05},{"ash_mass_kg":0.0,"char_mass_kg":0.0,"dry_wood_mass_kg":0.04900884539600077,"external_area_m2":0.0,"moisture_mass_kg":0.005881061447520092,"oxygen_factor":0.0,"phase":"WET_WOOD","surface_exposure":0.0,"temperature_k":293.15,"volatile_potential_kg":0.038226899408880605,"volume_m3":9.424777960769378e-05},{"ash_mass_kg":0.0,"char_mass_kg":0.0,"dry_wood_mass_kg":0.0816814089933346,"external_area_m2":0.0,"moisture_mass_kg":0.009801769079200152,"oxygen_factor":0.0,"phase":"WET_WOOD","surface_exposure":0.0,"temperature_k":293.15,"volatile_potential_kg":0.063711499014801,"volume_m3":0.00015707963267948963},{"ash_mass_kg":0.0,"char_mass_kg":0.0,"dry_wood_mass_kg":0.11435397259066847,"external_area_m2":0.006283185307179586,"moisture_mass_kg":0.013722476710880217,"oxygen_factor":1.0,"phase":"WET_WOOD","surface_exposure":1.0,"temperature_k":293.15,"volatile_potential_kg":0.0891960986207214,"volume_m3":0.0002199114857512855},{"ash_mass_kg":0.0,"char_mass_kg":0.0,"dry_wood_mass_kg":0.016336281798666922,"external_area_m2":0.0,"moisture_mass_kg":0.0019603538158400307,"oxygen_factor":0.0,"phase":"WET_WOOD","surface_exposure":0.0,"temperature_k":293.15,"volatile_potential_kg":0.012742299802960199,"volume_m3":3.141592653589793e-05},{"ash_mass_kg":0.0,"char_mass_kg":0.0,"dry_wood_mass_kg":0.04900884539600077,"external_area_m2":0.0,"moisture_mass_kg":0.005881061447520092,"oxygen_factor":0.0,"phase":"WET_WOOD","surface_exposure":0.0,"temperature_k":293.15,"volatile_potential_kg":0.038226899408880605,"volume_m3":9.424777960769378e-05},{"ash_mass_kg":0.0,"char_mass_kg":0.0,"dry_wood_mass_kg":0.0816814089933346,"external_area_m2":0.0,"moisture_mass_kg":0.009801769079200152,"oxygen_factor":0.0,"phase":"WET_WOOD","surface_exposure":0.0,"temperature_k":293.15,"volatile_potential_kg":0.063711499014801,"volume_m3":0.00015707963267948963},{"ash_mass_kg":0.0,"char_mass_kg":0.0,"dry_wood_mass_kg":0.11435397259066847,"external_area_m2":0.006283185307179586,"moisture_mass_kg":0.013722476710880217,"oxygen_factor":1.0,"phase":"WET_WOOD","surface_exposure":1.0,"temperature_k":293.15,"volatile_potential_kg":0.0891960986207214,"volume_m3":0.0002199114857512855},{"ash_mass_kg":0.0,"char_mass_kg":0.0,"dry_wood_mass_kg":0.016336281798666922,"external_area_m2":0.0,"moisture_mass_kg":0.0019603538158400307,"oxygen_factor":0.0,"phase":"WET_WOOD","surface_exposure":0.0,"temperature_k":293.15,"volatile_potential_kg":0.012742299802960199,"volume_m3":3.141592653589793e-05},{"ash_mass_kg":0.0,"char_mass_kg":0.0,"dry_wood_mass_kg":0.04900884539600077,"external_area_m2":0.0,"moisture_mass_kg":0.005881061447520092,"oxygen_factor":0.0,"phase":"WET_WOOD","surface_exposure":0.0,"temperature_k":293.15,"volatile_potential_kg":0.038226899408880605,"volume_m3":9.424777960769378e-05},{"ash_mass_kg":0.0,"char_mass_kg":0.0,"dry_wood_mass_kg":0.0816814089933346,"external_area_m2":0.0,"moisture_mass_kg":0.009801769079200152,"oxygen_factor":0.0,"phase":"WET_WOOD","surface_exposure":0.0,"temperature_k":293.15,"volatile_potential_kg":0.063711499014801,"volume_m3":0.00015707963267948963},{"ash_mass_kg":0.0,"char_mass_kg":0.0,"dry_wood_mass_kg":0.11435397259066847,"external_area_m2":0.006283185307179586,"moisture_mass_kg":0.013722476710880217,"oxygen_factor":1.0,"phase":"WET_WOOD","surface_exposure":1.0,"temperature_k":293.15,"volatile_potential_kg":0.0891960986207214,"volume_m3":0.0002199114857512855},{"ash_mass_kg":0.0,"char_mass_kg":0.0,"dry_wood_mass_kg":0.016336281798666922,"external_area_m2":0.0,"moisture_mass_kg":0.0019603538158400307,"oxygen_factor":0.0,"phase":"WET_WOOD","surface_exposure":0.0,"temperature_k":293.15,"volatile_potential_kg":0.012742299802960199,"volume_m3":3.141592653589793e-05},{"ash_mass_kg":0.0,"char_mass_kg":0.0,"dry_wood_mass_kg":0.04900884539600077,"external_area_m2":0.0,"moisture_mass_kg":0.005881061447520092,"oxygen_factor":0.0,"phase":"WET_WOOD","surface_exposure":0.0,"temperature_k":293.15,"volatile_potential_kg":0.038226899408880605,"volume_m3":9.424777960769378e-05},{"ash_mass_kg":0.0,"char_mass_kg":0.0,"dry_wood_mass_kg":0.0816814089933346,"external_area_m2":0.0,"moisture_mass_kg":0.009801769079200152,"oxygen_factor":0.0,"phase":"WET_WOOD","surface_exposure":0.0,"temperature_k":293.15,"volatile_potential_kg":0.063711499014801,"volume_m3":0.00015707963267948963},{"ash_mass_kg":0.0,"char_mass_kg":0.0,"dry_wood_mass_kg":0.11435397259066847,"external_area_m2":0.006283185307179586,"moisture_mass_kg":0.013722476710880217,"oxygen_factor":1.0,"phase":"WET_WOOD","surface_exposure":1.0,"temperature_k":293.15,"volatile_potential_kg":0.0891960986207214,"volume_m3":0.0002199114857512855},{"ash_mass_kg":0.0,"char_mass_kg":0.0,"dry_wood_mass_kg":0.016336281798666922,"external_area_m2":0.0,"moisture_mass_kg":0.0019603538158400307,"oxygen_factor":0.0,"phase":"WET_WOOD","surface_exposure":0.0,"temperature_k":293.15,"volatile_potential_kg":0.012742299802960199,"volume_m3":3.141592653589793e-05},{"ash_mass_kg":0.0,"char_mass_kg":0.0,"dry_wood_mass_kg":0.04900884539600077,"external_area_m2":0.0,"moisture_mass_kg":0.005881061447520092,"oxygen_factor":0.0,"phase":"WET_WOOD","surface_exposure":0.0,"temperature_k":293.15,"volatile_potential_kg":0.038226899408880605,"volume_m3":9.424777960769378e-05},{"ash_mass_kg":0.0,"char_mass_kg":0.0,"dry_wood_mass_kg":0.0816814089933346,"external_area_m2":0.0,"moisture_mass_kg":0.009801769079200152,"oxygen_factor":0.0,"phase":"WET_WOOD","surface_exposure":0.0,"temperature_k":293.15,"volatile_potential_kg":0.063711499014801,"volume_m3":0.00015707963267948963},{"ash_mass_kg":0.0,"char_mass_kg":0.0,"dry_wood_mass_kg":0.11435397259066847,"external_area_m2":0.006283185307179586,"moisture_mass_kg":0.013722476710880217,"oxygen_factor":1.0,"phase":"WET_WOOD","surface_exposure":1.0,"temperature_k":293.15,"volatile_potential_kg":0.0891960986207214,"volume_m3":0.0002199114857512855},{"ash_mass_kg":0.0,"char_mass_kg":0.0,"dry_wood_mass_kg":0.016336281798666922,"external_area_m2":0.0,"moisture_mass_kg":0.0019603538158400307,"oxygen_factor":0.0,"phase":"WET_WOOD","surface_exposure":0.0,"temperature_k":293.15,"volatile_potential_kg":0.012742299802960199,"volume_m3":3.141592653589793e-05},{"ash_mass_kg":0.0,"char_mass_kg":0.0,"dry_wood_mass_kg":0.04900884539600077,"external_area_m2":0.0,"moisture_mass_kg":0.005881061447520092,"oxygen_factor":0.0,"phase":"WET_WOOD","surface_exposure":0.0,"temperature_k":293.15,"volatile_potential_kg":0.038226899408880605,"volume_m3":9.424777960769378e-05},{"ash_mass_kg":0.0,"char_mass_kg":0.0,"dry_wood_mass_kg":0.0816814089933346,"external_area_m2":0.0,"moisture_mass_kg":0.009801769079200152,"oxygen_factor":0.0,"phase":"WET_WOOD","surface_exposure":0.0,"temperature_k":293.15,"volatile_potential_kg":0.063711499014801,"volume_m3":0.00015707963267948963},{"ash_mass_kg":0.0,"char_mass_kg":0.0,"dry_wood_mass_kg":0.11435397259066847,"external_area_m2":0.006283185307179586,"moisture_mass_kg":0.013722476710880217,"oxygen_factor":1.0,"phase":"WET_WOOD","surface_exposure":1.0,"temperature_k":293.15,"volatile_potential_kg":0.0891960986207214,"volume_m3":0.0002199114857512855},{"ash_mass_kg":0.0,"char_mass_kg":0.0,"dry_wood_mass_kg":0.016336281798666922,"external_area_m2":0.0,"moisture_mass_kg":0.0019603538158400307,"oxygen_factor":0.0,"phase":"WET_WOOD","surface_exposure":0.0,"temperature_k":293.15,"volatile_potential_kg":0.012742299802960199,"volume_m3":3.141592653589793e-05},{"ash_mass_kg":0.0,"char_mass_kg":0.0,"dry_wood_mass_kg":0.04900884539600077,"external_area_m2":0.0,"moisture_mass_kg":0.005881061447520092,"oxygen_factor":0.0,"phase":"WET_WOOD","surface_exposure":0.0,"temperature_k":293.15,"volatile_potential_kg":0.038226899408880605,"volume_m3":9.424777960769378e-05},{"ash_mass_kg":0.0,"char_mass_kg":0.0,"dry_wood_mass_kg":0.0816814089933346,"external_area_m2":0.0,"moisture_mass_kg":0.009801769079200152,"oxygen_factor":0.0,"phase":"WET_WOOD","surface_exposure":0.0,"temperature_k":293.15,"volatile_potential_kg":0.063711499014801,"volume_m3":0.00015707963267948963},{"ash_mass_kg":0.0,"char_mass_kg":0.0,"dry_wood_mass_kg":0.11435397259066847,"external_area_m2":0.006283185307179586,"moisture_mass_kg":0.013722476710880217,"oxygen_factor":1.0,"phase":"WET_WOOD","surface_exposure":1.0,"temperature_k":293.15,"volatile_potential_kg":0.0891960986207214,"volume_m3":0.0002199114857512855},{"ash_mass_kg":0.0,"char_mass_kg":0.0,"dry_wood_mass_kg":0.016336281798666922,"external_area_m2":0.0,"moisture_mass_kg":0.0019603538158400307,"oxygen_factor":0.0,"phase":"WET_WOOD","surface_exposure":0.0,"temperature_k":293.15,"volatile_potential_kg":0.012742299802960199,"volume_m3":3.141592653589793e-05},{"ash_mass_kg":0.0,"char_mass_kg":0.0,"dry_wood_mass_kg":0.04900884539600077,"external_area_m2":0.0,"moisture_mass_kg":0.005881061447520092,"oxygen_factor":0.0,"phase":"WET_WOOD","surface_exposure":0.0,"temperature_k":293.15,"volatile_potential_kg":0.038226899408880605,"volume_m3":9.424777960769378e-05},{"ash_mass_kg":0.0,"char_mass_kg":0.0,"dry_wood_mass_kg":0.0816814089933346,"external_area_m2":0.0,"moisture_mass_kg":0.009801769079200152,"oxygen_factor":0.0,"phase":"WET_WOOD","surface_exposure":0.0,"temperature_k":293.15,"volatile_potential_kg":0.063711499014801,"volume_m3":0.00015707963267948963},{"ash_mass_kg":0.0,"char_mass_kg":0.0,"dry_wood_mass_kg":0.11435397259066847,"external_area_m2":0.006283185307179586,"moisture_mass_kg":0.013722476710880217,"oxygen_factor":1.0,"phase":"WET_WOOD","surface_exposure":1.0,"temperature_k":293.15,"volatile_potential_kg":0.0891960986207214,"volume_m3":0.0002199114857512855},{"ash_mass_kg":0.0,"char_mass_kg":0.0,"dry_wood_mass_kg":0.016336281798666922,"external_area_m2":0.0,"moisture_mass_kg":0.0019603538158400307,"oxygen_factor":0.0,"phase":"WET_WOOD","surface_exposure":0.0,"temperature_k":293.15,"volatile_potential_kg":0.012742299802960199,"volume_m3":3.141592653589793e-05},{"ash_mass_kg":0.0,"char_mass_kg":0.0,"dry_wood_mass_kg":0.04900884539600077,"external_area_m2":0.0,"moisture_mass_kg":0.005881061447520092,"oxygen_factor":0.0,"phase":"WET_WOOD","surface_exposure":0.0,"temperature_k":293.15,"volatile_potential_kg":0.038226899408880605,"volume_m3":9.424777960769378e-05},{"ash_mass_kg":0.0,"char_mass_kg":0.0,"dry_wood_mass_kg":0.0816814089933346,"external_area_m2":0.0,"moisture_mass_kg":0.009801769079200152,"oxygen_factor":0.0,"phase":"WET_WOOD","surface_exposure":0.0,"temperature_k":293.15,"volatile_potential_kg":0.063711499014801,"volume_m3":0.00015707963267948963},{"ash_mass_kg":0.0,"char_mass_kg":0.0,"dry_wood_mass_kg":0.11435397259066847,"external_area_m2":0.006283185307179586,"moisture_mass_kg":0.013722476710880217,"oxygen_factor":1.0,"phase":"WET_WOOD","surface_exposure":1.0,"temperature_k":293.15,"volatile_potential_kg":0.0891960986207214,"volume_m3":0.0002199114857512855},{"ash_mass_kg":0.0,"char_mass_kg":0.0,"dry_wood_mass_kg":0.016336281798666922,"external_area_m2":0.0,"moisture_mass_kg":0.0019603538158400307,"oxygen_factor":0.0,"phase":"WET_WOOD","surface_exposure":0.0,"temperature_k":293.15,"volatile_potential_kg":0.012742299802960199,"volume_m3":3.141592653589793e-05},{"ash_mass_kg":0.0,"char_mass_kg":0.0,"dry_wood_mass_kg":0.04900884539600077,"external_area_m2":0.0,"moisture_mass_kg":0.005881061447520092,"oxygen_factor":0.0,"phase":"WET_WOOD","surface_exposure":0.0,"temperature_k":293.15,"volatile_potential_kg":0.038226899408880605,"volume_m3":9.424777960769378e-05},{"ash_mass_kg":0.0,"char_mass_kg":0.0,"dry_wood_mass_kg":0.0816814089933346,"external_area_m2":0.0,"moisture_mass_kg":0.009801769079200152,"oxygen_factor":0.0,"phase":"WET_WOOD","surface_exposure":0.0,"temperature_k":293.15,"volatile_potential_kg":0.063711499014801,"volume_m3":0.00015707963267948963},{"ash_mass_kg":0.0,"char_mass_kg":0.0,"dry_wood_mass_kg":0.11435397259066847,"external_area_m2":0.006283185307179586,"moisture_mass_kg":0.013722476710880217,"oxygen_factor":1.0,"phase":"WET_WOOD","surface_exposure":1.0,"temperature_k":293.15,"volatile_potential_kg":0.0891960986207214,"volume_m3":0.0002199114857512855},{"ash_mass_kg":0.0,"char_mass_kg":0.0,"dry_wood_mass_kg":0.016336281798666922,"external_area_m2":0.0,"moisture_mass_kg":0.0019603538158400307,"oxygen_factor":0.0,"phase":"WET_WOOD","surface_exposure":0.0,"temperature_k":293.15,"volatile_potential_kg":0.012742299802960199,"volume_m3":3.141592653589793e-05},{"ash_mass_kg":0.0,"char_mass_kg":0.0,"dry_wood_mass_kg":0.04900884539600077,"external_area_m2":0.0,"moisture_mass_kg":0.005881061447520092,"oxygen_factor":0.0,"phase":"WET_WOOD","surface_exposure":0.0,"temperature_k":293.15,"volatile_potential_kg":0.038226899408880605,"volume_m3":9.424777960769378e-05},{"ash_mass_kg":0.0,"char_mass_kg":0.0,"dry_wood_mass_kg":0.0816814089933346,"external_area_m2":0.0,"moisture_mass_kg":0.009801769079200152,"oxygen_factor":0.0,"phase":"WET_WOOD","surface_exposure":0.0,"temperature_k":293.15,"volatile_potential_kg":0.063711499014801,"volume_m3":0.00015707963267948963},{"ash_mass_kg":0.0,"char_mass_kg":0.0,"dry_wood_mass_kg":0.11435397259066847,"external_area_m2":0.006283185307179586,"moisture_mass_kg":0.013722476710880217,"oxygen_factor":1.0,"phase":"WET_WOOD","surface_exposure":1.0,"temperature_k":293.15,"volatile_potential_kg":0.0891960986207214,"volume_m3":0.0002199114857512855},{"ash_mass_kg":0.0,"char_mass_kg":0.0,"dry_wood_mass_kg":0.016336281798666922,"external_area_m2":0.0,"moisture_mass_kg":0.0019603538158400307,"oxygen_factor":0.0,"phase":"WET_WOOD","surface_exposure":0.0,"temperature_k":293.15,"volatile_potential_kg":0.012742299802960199,"volume_m3":3.141592653589793e-05},{"ash_mass_kg":0.0,"char_mass_kg":0.0,"dry_wood_mass_kg":0.04900884539600077,"external_area_m2":0.0,"moisture_mass_kg":0.005881061447520092,"oxygen_factor":0.0,"phase":"WET_WOOD","surface_exposure":0.0,"temperature_k":293.15,"volatile_potential_kg":0.038226899408880605,"volume_m3":9.424777960769378e-05},{"ash_mass_kg":0.0,"char_mass_kg":0.0,"dry_wood_mass_kg":0.0816814089933346,"external_area_m2":0.0,"moisture_mass_kg":0.009801769079200152,"oxygen_factor":0.0,"phase":"WET_WOOD","surface_exposure":0.0,"temperature_k":293.15,"volatile_potential_kg":0.063711499014801,"volume_m3":0.00015707963267948963},{"ash_mass_kg":0.0,"char_mass_kg":0.0,"dry_wood_mass_kg":0.11435397259066847,"external_area_m2":0.006283185307179586,"moisture_mass_kg":0.013722476710880217,"oxygen_factor":1.0,"phase":"WET_WOOD","surface_exposure":1.0,"temperature_k":293.15,"volatile_potential_kg":0.0891960986207214,"volume_m3":0.0002199114857512855},{"ash_mass_kg":0.0,"char_mass_kg":0.0,"dry_wood_mass_kg":0.016336281798666922,"external_area_m2":0.0,"moisture_mass_kg":0.0019603538158400307,"oxygen_factor":0.0,"phase":"WET_WOOD","surface_exposure":0.0,"temperature_k":293.15,"volatile_potential_kg":0.012742299802960199,"volume_m3":3.141592653589793e-05},{"ash_mass_kg":0.0,"char_mass_kg":0.0,"dry_wood_mass_kg":0.04900884539600077,"external_area_m2":0.0,"moisture_mass_kg":0.005881061447520092,"oxygen_factor":0.0,"phase":"WET_WOOD","surface_exposure":0.0,"temperature_k":293.15,"volatile_potential_kg":0.038226899408880605,"volume_m3":9.424777960769378e-05},{"ash_mass_kg":0.0,"char_mass_kg":0.0,"dry_wood_mass_kg":0.0816814089933346,"external_area_m2":0.0,"moisture_mass_kg":0.009801769079200152,"oxygen_factor":0.0,"phase":"WET_WOOD","surface_exposure":0.0,"temperature_k":293.15,"volatile_potential_kg":0.063711499014801,"volume_m3":0.00015707963267948963},{"ash_mass_kg":0.0,"char_mass_kg":0.0,"dry_wood_mass_kg":0.11435397259066847,"external_area_m2":0.006283185307179586,"moisture_mass_kg":0.013722476710880217,"oxygen_factor":1.0,"phase":"WET_WOOD","surface_exposure":1.0,"temperature_k":293.15,"volatile_potential_kg":0.0891960986207214,"volume_m3":0.0002199114857512855},{"ash_mass_kg":0.0,"char_mass_kg":0.0,"dry_wood_mass_kg":0.016336281798666922,"external_area_m2":0.0,"moisture_mass_kg":0.0019603538158400307,"oxygen_factor":0.0,"phase":"WET_WOOD","surface_exposure":0.0,"temperature_k":293.15,"volatile_potential_kg":0.012742299802960199,"volume_m3":3.141592653589793e-05},{"ash_mass_kg":0.0,"char_mass_kg":0.0,"dry_wood_mass_kg":0.04900884539600077,"external_area_m2":0.0,"moisture_mass_kg":0.005881061447520092,"oxygen_factor":0.0,"phase":"WET_WOOD","surface_exposure":0.0,"temperature_k":293.15,"volatile_potential_kg":0.038226899408880605,"volume_m3":9.424777960769378e-05},{"ash_mass_kg":0.0,"char_mass_kg":0.0,"dry_wood_mass_kg":0.0816814089933346,"external_area_m2":0.0,"moisture_mass_kg":0.009801769079200152,"oxygen_factor":0.0,"phase":"WET_WOOD","surface_exposure":0.0,"temperature_k":293.15,"volatile_potential_kg":0.063711499014801,"volume_m3":0.00015707963267948963},{"ash_mass_kg":0.0,"char_mass_kg":0.0,"dry_wood_mass_kg":0.11435397259066847,"external_area_m2":0.006283185307179586,"moisture_mass_kg":0.013722476710880217,"oxygen_factor":1.0,"phase":"WET_WOOD","surface_exposure":1.0,"temperature_k":293.15,"volatile_potential_kg":0.0891960986207214,"volume_m3":0.0002199114857512855},{"ash_mass_kg":0.0,"char_mass_kg":0.0,"dry_wood_mass_kg":0.016336281798666922,"external_area_m2":0.0,"moisture_mass_kg":0.0019603538158400307,"oxygen_factor":0.0,"phase":"WET_WOOD","surface_exposure":0.0,"temperature_k":293.15,"volatile_potential_kg":0.012742299802960199,"volume_m3":3.141592653589793e-05},{"ash_mass_kg":0.0,"char_mass_kg":0.0,"dry_wood_mass_kg":0.04900884539600077,"external_area_m2":0.0,"moisture_mass_kg":0.005881061447520092,"oxygen_factor":0.0,"phase":"WET_WOOD","surface_exposure":0.0,"temperature_k":293.15,"volatile_potential_kg":0.038226899408880605,"volume_m3":9.424777960769378e-05},{"ash_mass_kg":0.0,"char_mass_kg":0.0,"dry_wood_mass_kg":0.0816814089933346,"external_area_m2":0.0,"moisture_mass_kg":0.009801769079200152,"oxygen_factor":0.0,"phase":"WET_WOOD","surface_exposure":0.0,"temperature_k":293.15,"volatile_potential_kg":0.063711499014801,"volume_m3":0.00015707963267948963},{"ash_mass_kg":0.0,"char_mass_kg":0.0,"dry_wood_mass_kg":0.11435397259066847,"external_area_m2":0.006283185307179586,"moisture_mass_kg":0.013722476710880217,"oxygen_factor":1.0,"phase":"WET_WOOD","surface_exposure":1.0,"temperature_k":293.15,"volatile_potential_kg":0.0891960986207214,"volume_m3":0.0002199114857512855},{"ash_mass_kg":0.0,"char_mass_kg":0.0,"dry_wood_mass_kg":0.016336281798666922,"external_area_m2":0.0,"moisture_mass_kg":0.0019603538158400307,"oxygen_factor":0.0,"phase":"WET_WOOD","surface_exposure":0.0,"temperature_k":293.15,"volatile_potential_kg":0.012742299802960199,"volume_m3":3.141592653589793e-05},{"ash_mass_kg":0.0,"char_mass_kg":0.0,"dry_wood_mass_kg":0.04900884539600077,"external_area_m2":0.0,"moisture_mass_kg":0.005881061447520092,"oxygen_factor":0.0,"phase":"WET_WOOD","surface_exposure":0.0,"temperature_k":293.15,"volatile_potential_kg":0.038226899408880605,"volume_m3":9.424777960769378e-05},{"ash_mass_kg":0.0,"char_mass_kg":0.0,"dry_wood_mass_kg":0.0816814089933346,"external_area_m2":0.0,"moisture_mass_kg":0.009801769079200152,"oxygen_factor":0.0,"phase":"WET_WOOD","surface_exposure":0.0,"temperature_k":293.15,"volatile_potential_kg":0.063711499014801,"volume_m3":0.00015707963267948963},{"ash_mass_kg":0.0,"char_mass_kg":0.0,"dry_wood_mass_kg":0.11435397259066847,"external_area_m2":0.006283185307179586,"moisture_mass_kg":0.013722476710880217,"oxygen_factor":1.0,"phase":"WET_WOOD","surface_exposure":1.0,"temperature_k":293.15,"volatile_potential_kg":0.0891960986207214,"volume_m3":0.0002199114857512855},{"ash_mass_kg":0.0,"char_mass_kg":0.0,"dry_wood_mass_kg":0.016336281798666922,"external_area_m2":0.0,"moisture_mass_kg":0.0019603538158400307,"oxygen_factor":0.0,"phase":"WET_WOOD","surface_exposure":0.0,"temperature_k":293.15,"volatile_potential_kg":0.012742299802960199,"volume_m3":3.141592653589793e-05},{"ash_mass_kg":0.0,"char_mass_kg":0.0,"dry_wood_mass_kg":0.04900884539600077,"external_area_m2":0.0,"moisture_mass_kg":0.005881061447520092,"oxygen_factor":0.0,"phase":"WET_WOOD","surface_exposure":0.0,"temperature_k":293.15,"volatile_potential_kg":0.038226899408880605,"volume_m3":9.424777960769378e-05},{"ash_mass_kg":0.0,"char_mass_kg":0.0,"dry_wood_mass_kg":0.0816814089933346,"external_area_m2":0.0,"moisture_mass_kg":0.009801769079200152,"oxygen_factor":0.0,"phase":"WET_WOOD","surface_exposure":0.0,"temperature_k":293.15,"volatile_potential_kg":0.063711499014801,"volume_m3":0.00015707963267948963},{"ash_mass_kg":0.0,"char_mass_kg":0.0,"dry_wood_mass_kg":0.11435397259066847,"external_area_m2":0.006283185307179586,"moisture_mass_kg":0.013722476710880217,"oxygen_factor":1.0,"phase":"WET_WOOD","surface_exposure":1.0,"temperature_k":293.15,"volatile_potential_kg":0.0891960986207214,"volume_m3":0.0002199114857512855},{"ash_mass_kg":0.0,"char_mass_kg":0.0,"dry_wood_mass_kg":0.016336281798666922,"external_area_m2":0.0,"moisture_mass_kg":0.0019603538158400307,"oxygen_factor":0.0,"phase":"WET_WOOD","surface_exposure":0.0,"temperature_k":293.15,"volatile_potential_kg":0.012742299802960199,"volume_m3":3.141592653589793e-05},{"ash_mass_kg":0.0,"char_mass_kg":0.0,"dry_wood_mass_kg":0.04900884539600077,"external_area_m2":0.0,"moisture_mass_kg":0.005881061447520092,"oxygen_factor":0.0,"phase":"WET_WOOD","surface_exposure":0.0,"temperature_k":293.15,"volatile_potential_kg":0.038226899408880605,"volume_m3":9.424777960769378e-05},{"ash_mass_kg":0.0,"char_mass_kg":0.0,"dry_wood_mass_kg":0.0816814089933346,"external_area_m2":0.0,"moisture_mass_kg":0.009801769079200152,"oxygen_factor":0.0,"phase":"WET_WOOD","surface_exposure":0.0,"temperature_k":293.15,"volatile_potential_kg":0.063711499014801,"volume_m3":0.00015707963267948963},{"ash_mass_kg":0.0,"char_mass_kg":0.0,"dry_wood_mass_kg":0.11435397259066847,"external_area_m2":0.006283185307179586,"moisture_mass_kg":0.013722476710880217,"oxygen_factor":1.0,"phase":"WET_WOOD","surface_exposure":1.0,"temperature_k":293.15,"volatile_potential_kg":0.0891960986207214,"volume_m3":0.0002199114857512855},{"ash_mass_kg":0.0,"char_mass_kg":0.0,"dry_wood_mass_kg":0.016336281798666922,"external_area_m2":0.0,"moisture_mass_kg":0.0019603538158400307,"oxygen_factor":0.0,"phase":"WET_WOOD","surface_exposure":0.0,"temperature_k":293.15,"volatile_potential_kg":0.012742299802960199,"volume_m3":3.141592653589793e-05},{"ash_mass_kg":0.0,"char_mass_kg":0.0,"dry_wood_mass_kg":0.04900884539600077,"external_area_m2":0.0,"moisture_mass_kg":0.005881061447520092,"oxygen_factor":0.0,"phase":"WET_WOOD","surface_exposure":0.0,"temperature_k":293.15,"volatile_potential_kg":0.038226899408880605,"volume_m3":9.424777960769378e-05},{"ash_mass_kg":0.0,"char_mass_kg":0.0,"dry_wood_mass_kg":0.0816814089933346,"external_area_m2":0.0,"moisture_mass_kg":0.009801769079200152,"oxygen_factor":0.0,"phase":"WET_WOOD","surface_exposure":0.0,"temperature_k":293.15,"volatile_potential_kg":0.063711499014801,"volume_m3":0.00015707963267948963},{"ash_mass_kg":0.0,"char_mass_kg":0.0,"dry_wood_mass_kg":0.11435397259066847,"external_area_m2":0.006283185307179586,"moisture_mass_kg":0.013722476710880217,"oxygen_factor":1.0,"phase":"WET_WOOD","surface_exposure":1.0,"temperature_k":293.15,"volatile_potential_kg":0.0891960986207214,"volume_m3":0.0002199114857512855},{"ash_mass_kg":0.0,"char_mass_kg":0.0,"dry_wood_mass_kg":0.016336281798666922,"external_area_m2":0.0,"moisture_mass_kg":0.0019603538158400307,"oxygen_factor":0.0,"phase":"WET_WOOD","surface_exposure":0.0,"temperature_k":293.15,"volatile_potential_kg":0.012742299802960199,"volume_m3":3.141592653589793e-05},{"ash_mass_kg":0.0,"char_mass_kg":0.0,"dry_wood_mass_kg":0.04900884539600077,"external_area_m2":0.0,"moisture_mass_kg":0.005881061447520092,"oxygen_factor":0.0,"phase":"WET_WOOD","surface_exposure":0.0,"temperature_k":293.15,"volatile_potential_kg":0.038226899408880605,"volume_m3":9.424777960769378e-05},{"ash_mass_kg":0.0,"char_mass_kg":0.0,"dry_wood_mass_kg":0.0816814089933346,"external_area_m2":0.0,"moisture_mass_kg":0.009801769079200152,"oxygen_factor":0.0,"phase":"WET_WOOD","surface_exposure":0.0,"temperature_k":293.15,"volatile_potential_kg":0.063711499014801,"volume_m3":0.00015707963267948963},{"ash_mass_kg":0.0,"char_mass_kg":0.0,"dry_wood_mass_kg":0.11435397259066847,"external_area_m2":0.006283185307179586,"moisture_mass_kg":0.013722476710880217,"oxygen_factor":1.0,"phase":"WET_WOOD","surface_exposure":1.0,"temperature_k":293.15,"volatile_potential_kg":0.0891960986207214,"volume_m3":0.0002199114857512855},{"ash_mass_kg":0.0,"char_mass_kg":0.0,"dry_wood_mass_kg":0.016336281798666922,"external_area_m2":0.0,"moisture_mass_kg":0.0019603538158400307,"oxygen_factor":0.0,"phase":"WET_WOOD","surface_exposure":0.0,"temperature_k":293.15,"volatile_potential_kg":0.012742299802960199,"volume_m3":3.141592653589793e-05},{"ash_mass_kg":0.0,"char_mass_kg":0.0,"dry_wood_mass_kg":0.04900884539600077,"external_area_m2":0.0,"moisture_mass_kg":0.005881061447520092,"oxygen_factor":0.0,"phase":"WET_WOOD","surface_exposure":0.0,"temperature_k":293.15,"volatile_potential_kg":0.038226899408880605,"volume_m3":9.424777960769378e-05},{"ash_mass_kg":0.0,"char_mass_kg":0.0,"dry_wood_mass_kg":0.0816814089933346,"external_area_m2":0.0,"moisture_mass_kg":0.009801769079200152,"oxygen_factor":0.0,"phase":"WET_WOOD","surface_exposure":0.0,"temperature_k":293.15,"volatile_potential_kg":0.063711499014801,"volume_m3":0.00015707963267948963},{"ash_mass_kg":0.0,"char_mass_kg":0.0,"dry_wood_mass_kg":0.11435397259066847,"external_area_m2":0.006283185307179586,"moisture_mass_kg":0.013722476710880217,"oxygen_factor":1.0,"phase":"WET_WOOD","surface_exposure":1.0,"temperature_k":293.15,"volatile_potential_kg":0.0891960986207214,"volume_m3":0.0002199114857512855},{"ash_mass_kg":0.0,"char_mass_kg":0.0,"dry_wood_mass_kg":0.016336281798666922,"external_area_m2":0.0,"moisture_mass_kg":0.0019603538158400307,"oxygen_factor":0.0,"phase":"WET_WOOD","surface_exposure":0.0,"temperature_k":293.15,"volatile_potential_kg":0.012742299802960199,"volume_m3":3.141592653589793e-05},{"ash_mass_kg":0.0,"char_mass_kg":0.0,"dry_wood_mass_kg":0.04900884539600077,"external_area_m2":0.0,"moisture_mass_kg":0.005881061447520092,"oxygen_factor":0.0,"phase":"WET_WOOD","surface_exposure":0.0,"temperature_k":293.15,"volatile_potential_kg":0.038226899408880605,"volume_m3":9.424777960769378e-05},{"ash_mass_kg":0.0,"char_mass_kg":0.0,"dry_wood_mass_kg":0.0816814089933346,"external_area_m2":0.0,"moisture_mass_kg":0.009801769079200152,"oxygen_factor":0.0,"phase":"WET_WOOD","surface_exposure":0.0,"temperature_k":293.15,"volatile_potential_kg":0.063711499014801,"volume_m3":0.00015707963267948963},{"ash_mass_kg":0.0,"char_mass_kg":0.0,"dry_wood_mass_kg":0.11435397259066847,"external_area_m2":0.006283185307179586,"moisture_mass_kg":0.013722476710880217,"oxygen_factor":1.0,"phase":"WET_WOOD","surface_exposure":1.0,"temperature_k":293.15,"volatile_potential_kg":0.0891960986207214,"volume_m3":0.0002199114857512855},{"ash_mass_kg":0.0,"char_mass_kg":0.0,"dry_wood_mass_kg":0.016336281798666922,"external_area_m2":0.0,"moisture_mass_kg":0.0019603538158400307,"oxygen_factor":0.0,"phase":"WET_WOOD","surface_exposure":0.0,"temperature_k":293.15,"volatile_potential_kg":0.012742299802960199,"volume_m3":3.141592653589793e-05},{"ash_mass_kg":0.0,"char_mass_kg":0.0,"dry_wood_mass_kg":0.04900884539600077,"external_area_m2":0.0,"moisture_mass_kg":0.005881061447520092,"oxygen_factor":0.0,"phase":"WET_WOOD","surface_exposure":0.0,"temperature_k":293.15,"volatile_potential_kg":0.038226899408880605,"volume_m3":9.424777960769378e-05},{"ash_mass_kg":0.0,"char_mass_kg":0.0,"dry_wood_mass_kg":0.0816814089933346,"external_area_m2":0.0,"moisture_mass_kg":0.009801769079200152,"oxygen_factor":0.0,"phase":"WET_WOOD","surface_exposure":0.0,"temperature_k":293.15,"volatile_potential_kg":0.063711499014801,"volume_m3":0.00015707963267948963},{"ash_mass_kg":0.0,"char_mass_kg":0.0,"dry_wood_mass_kg":0.11435397259066847,"external_area_m2":0.006283185307179586,"moisture_mass_kg":0.013722476710880217,"oxygen_factor":1.0,"phase":"WET_WOOD","surface_exposure":1.0,"temperature_k":293.15,"volatile_potential_kg":0.0891960986207214,"volume_m3":0.0002199114857512855},{"ash_mass_kg":0.0,"char_mass_kg":0.0,"dry_wood_mass_kg":0.016336281798666922,"external_area_m2":0.0,"moisture_mass_kg":0.0019603538158400307,"oxygen_factor":0.0,"phase":"WET_WOOD","surface_exposure":0.0,"temperature_k":293.15,"volatile_potential_kg":0.012742299802960199,"volume_m3":3.141592653589793e-05},{"ash_mass_kg":0.0,"char_mass_kg":0.0,"dry_wood_mass_kg":0.04900884539600077,"external_area_m2":0.0,"moisture_mass_kg":0.005881061447520092,"oxygen_factor":0.0,"phase":"WET_WOOD","surface_exposure":0.0,"temperature_k":293.15,"volatile_potential_kg":0.038226899408880605,"volume_m3":9.424777960769378e-05},{"ash_mass_kg":0.0,"char_mass_kg":0.0,"dry_wood_mass_kg":0.0816814089933346,"external_area_m2":0.0,"moisture_mass_kg":0.009801769079200152,"oxygen_factor":0.0,"phase":"WET_WOOD","surface_exposure":0.0,"temperature_k":293.15,"volatile_potential_kg":0.063711499014801,"volume_m3":0.00015707963267948963},{"ash_mass_kg":0.0,"char_mass_kg":0.0,"dry_wood_mass_kg":0.11435397259066847,"external_area_m2":0.006283185307179586,"moisture_mass_kg":0.013722476710880217,"oxygen_factor":1.0,"phase":"WET_WOOD","surface_exposure":1.0,"temperature_k":293.15,"volatile_potential_kg":0.0891960986207214,"volume_m3":0.0002199114857512855},{"ash_mass_kg":0.0,"char_mass_kg":0.0,"dry_wood_mass_kg":0.016336281798666922,"external_area_m2":0.0,"moisture_mass_kg":0.0019603538158400307,"oxygen_factor":0.0,"phase":"WET_WOOD","surface_exposure":0.0,"temperature_k":293.15,"volatile_potential_kg":0.012742299802960199,"volume_m3":3.141592653589793e-05},{"ash_mass_kg":0.0,"char_mass_kg":0.0,"dry_wood_mass_kg":0.04900884539600077,"external_area_m2":0.0,"moisture_mass_kg":0.005881061447520092,"oxygen_factor":0.0,"phase":"WET_WOOD","surface_exposure":0.0,"temperature_k":293.15,"volatile_potential_kg":0.038226899408880605,"volume_m3":9.424777960769378e-05},{"ash_mass_kg":0.0,"char_mass_kg":0.0,"dry_wood_mass_kg":0.0816814089933346,"external_area_m2":0.0,"moisture_mass_kg":0.009801769079200152,"oxygen_factor":0.0,"phase":"WET_WOOD","surface_exposure":0.0,"temperature_k":293.15,"volatile_potential_kg":0.063711499014801,"volume_m3":0.00015707963267948963},{"ash_mass_kg":0.0,"char_mass_kg":0.0,"dry_wood_mass_kg":0.11435397259066847,"external_area_m2":0.006283185307179586,"moisture_mass_kg":0.013722476710880217,"oxygen_factor":1.0,"phase":"WET_WOOD","surface_exposure":1.0,"temperature_k":293.15,"volatile_potential_kg":0.0891960986207214,"volume_m3":0.0002199114857512855},{"ash_mass_kg":0.0,"char_mass_kg":0.0,"dry_wood_mass_kg":0.016336281798666922,"external_area_m2":0.0,"moisture_mass_kg":0.0019603538158400307,"oxygen_factor":0.0,"phase":"WET_WOOD","surface_exposure":0.0,"temperature_k":293.15,"volatile_potential_kg":0.012742299802960199,"volume_m3":3.141592653589793e-05},{"ash_mass_kg":0.0,"char_mass_kg":0.0,"dry_wood_mass_kg":0.04900884539600077,"external_area_m2":0.0,"moisture_mass_kg":0.005881061447520092,"oxygen_factor":0.0,"phase":"WET_WOOD","surface_exposure":0.0,"temperature_k":293.15,"volatile_potential_kg":0.038226899408880605,"volume_m3":9.424777960769378e-05},{"ash_mass_kg":0.0,"char_mass_kg":0.0,"dry_wood_mass_kg":0.0816814089933346,"external_area_m2":0.0,"moisture_mass_kg":0.009801769079200152,"oxygen_factor":0.0,"phase":"WET_WOOD","surface_exposure":0.0,"temperature_k":293.15,"volatile_potential_kg":0.063711499014801,"volume_m3":0.00015707963267948963},{"ash_mass_kg":0.0,"char_mass_kg":0.0,"dry_wood_mass_kg":0.11435397259066847,"external_area_m2":0.006283185307179586,"moisture_mass_kg":0.013722476710880217,"oxygen_factor":1.0,"phase":"WET_WOOD","surface_exposure":1.0,"temperature_k":293.15,"volatile_potential_kg":0.0891960986207214,"volume_m3":0.0002199114857512855},{"ash_mass_kg":0.0,"char_mass_kg":0.0,"dry_wood_mass_kg":0.016336281798666922,"external_area_m2":0.0,"moisture_mass_kg":0.0019603538158400307,"oxygen_factor":0.0,"phase":"WET_WOOD","surface_exposure":0.0,"temperature_k":293.15,"volatile_potential_kg":0.012742299802960199,"volume_m3":3.141592653589793e-05},{"ash_mass_kg":0.0,"char_mass_kg":0.0,"dry_wood_mass_kg":0.04900884539600077,"external_area_m2":0.0,"moisture_mass_kg":0.005881061447520092,"oxygen_factor":0.0,"phase":"WET_WOOD","surface_exposure":0.0,"temperature_k":293.15,"volatile_potential_kg":0.038226899408880605,"volume_m3":9.424777960769378e-05},{"ash_mass_kg":0.0,"char_mass_kg":0.0,"dry_wood_mass_kg":0.0816814089933346,"external_area_m2":0.0,"moisture_mass_kg":0.009801769079200152,"oxygen_factor":0.0,"phase":"WET_WOOD","surface_exposure":0.0,"temperature_k":293.15,"volatile_potential_kg":0.063711499014801,"volume_m3":0.00015707963267948963},{"ash_mass_kg":0.0,"char_mass_kg":0.0,"dry_wood_mass_kg":0.11435397259066847,"external_area_m2":0.006283185307179586,"moisture_mass_kg":0.013722476710880217,"oxygen_factor":1.0,"phase":"WET_WOOD","surface_exposure":1.0,"temperature_k":293.15,"volatile_potential_kg":0.0891960986207214,"volume_m3":0.0002199114857512855},{"ash_mass_kg":0.0,"char_mass_kg":0.0,"dry_wood_mass_kg":0.016336281798666922,"external_area_m2":0.0,"moisture_mass_kg":0.0019603538158400307,"oxygen_factor":0.0,"phase":"WET_WOOD","surface_exposure":0.0,"temperature_k":293.15,"volatile_potential_kg":0.012742299802960199,"volume_m3":3.141592653589793e-05},{"ash_mass_kg":0.0,"char_mass_kg":0.0,"dry_wood_mass_kg":0.04900884539600077,"external_area_m2":0.0,"moisture_mass_kg":0.005881061447520092,"oxygen_factor":0.0,"phase":"WET_WOOD","surface_exposure":0.0,"temperature_k":293.15,"volatile_potential_kg":0.038226899408880605,"volume_m3":9.424777960769378e-05},{"ash_mass_kg":0.0,"char_mass_kg":0.0,"dry_wood_mass_kg":0.0816814089933346,"external_area_m2":0.0,"moisture_mass_kg":0.009801769079200152,"oxygen_factor":0.0,"phase":"WET_WOOD","surface_exposure":0.0,"temperature_k":293.15,"volatile_potential_kg":0.063711499014801,"volume_m3":0.00015707963267948963},{"ash_mass_kg":0.0,"char_mass_kg":0.0,"dry_wood_mass_kg":0.11435397259066847,"external_area_m2":0.006283185307179586,"moisture_mass_kg":0.013722476710880217,"oxygen_factor":1.0,"phase":"WET_WOOD","surface_exposure":1.0,"temperature_k":293.15,"volatile_potential_kg":0.0891960986207214,"volume_m3":0.0002199114857512855},{"ash_mass_kg":0.0,"char_mass_kg":0.0,"dry_wood_mass_kg":0.016336281798666922,"external_area_m2":0.0,"moisture_mass_kg":0.0019603538158400307,"oxygen_factor":0.0,"phase":"WET_WOOD","surface_exposure":0.0,"temperature_k":293.15,"volatile_potential_kg":0.012742299802960199,"volume_m3":3.141592653589793e-05},{"ash_mass_kg":0.0,"char_mass_kg":0.0,"dry_wood_mass_kg":0.04900884539600077,"external_area_m2":0.0,"moisture_mass_kg":0.005881061447520092,"oxygen_factor":0.0,"phase":"WET_WOOD","surface_exposure":0.0,"temperature_k":293.15,"volatile_potential_kg":0.038226899408880605,"volume_m3":9.424777960769378e-05},{"ash_mass_kg":0.0,"char_mass_kg":0.0,"dry_wood_mass_kg":0.0816814089933346,"external_area_m2":0.0,"moisture_mass_kg":0.009801769079200152,"oxygen_factor":0.0,"phase":"WET_WOOD","surface_exposure":0.0,"temperature_k":293.15,"volatile_potential_kg":0.063711499014801,"volume_m3":0.00015707963267948963},{"ash_mass_kg":0.0,"char_mass_kg":0.0,"dry_wood_mass_kg":0.11435397259066847,"external_area_m2":0.006283185307179586,"moisture_mass_kg":0.013722476710880217,"oxygen_factor":1.0,"phase":"WET_WOOD","surface_exposure":1.0,"temperature_k":293.15,"volatile_potential_kg":0.0891960986207214,"volume_m3":0.0002199114857512855},{"ash_mass_kg":0.0,"char_mass_kg":0.0,"dry_wood_mass_kg":0.016336281798666922,"external_area_m2":0.0,"moisture_mass_kg":0.0019603538158400307,"oxygen_factor":0.0,"phase":"WET_WOOD","surface_exposure":0.0,"temperature_k":293.15,"volatile_potential_kg":0.012742299802960199,"volume_m3":3.141592653589793e-05},{"ash_mass_kg":0.0,"char_mass_kg":0.0,"dry_wood_mass_kg":0.04900884539600077,"external_area_m2":0.0,"moisture_mass_kg":0.005881061447520092,"oxygen_factor":0.0,"phase":"WET_WOOD","surface_exposure":0.0,"temperature_k":293.15,"volatile_potential_kg":0.038226899408880605,"volume_m3":9.424777960769378e-05},{"ash_mass_kg":0.0,"char_mass_kg":0.0,"dry_wood_mass_kg":0.0816814089933346,"external_area_m2":0.0,"moisture_mass_kg":0.009801769079200152,"oxygen_factor":0.0,"phase":"WET_WOOD","surface_exposure":0.0,"temperature_k":293.15,"volatile_potential_kg":0.063711499014801,"volume_m3":0.00015707963267948963},{"ash_mass_kg":0.0,"char_mass_kg":0.0,"dry_wood_mass_kg":0.11435397259066847,"external_area_m2":0.006283185307179586,"moisture_mass_kg":0.013722476710880217,"oxygen_factor":1.0,"phase":"WET_WOOD","surface_exposure":1.0,"temperature_k":293.15,"volatile_potential_kg":0.0891960986207214,"volume_m3":0.0002199114857512855},{"ash_mass_kg":0.0,"char_mass_kg":0.0,"dry_wood_mass_kg":0.016336281798666922,"external_area_m2":0.0,"moisture_mass_kg":0.0019603538158400307,"oxygen_factor":0.0,"phase":"WET_WOOD","surface_exposure":0.0,"temperature_k":293.15,"volatile_potential_kg":0.012742299802960199,"volume_m3":3.141592653589793e-05},{"ash_mass_kg":0.0,"char_mass_kg":0.0,"dry_wood_mass_kg":0.04900884539600077,"external_area_m2":0.0,"moisture_mass_kg":0.005881061447520092,"oxygen_factor":0.0,"phase":"WET_WOOD","surface_exposure":0.0,"temperature_k":293.15,"volatile_potential_kg":0.038226899408880605,"volume_m3":9.424777960769378e-05},{"ash_mass_kg":0.0,"char_mass_kg":0.0,"dry_wood_mass_kg":0.0816814089933346,"external_area_m2":0.0,"moisture_mass_kg":0.009801769079200152,"oxygen_factor":0.0,"phase":"WET_WOOD","surface_exposure":0.0,"temperature_k":293.15,"volatile_potential_kg":0.063711499014801,"volume_m3":0.00015707963267948963},{"ash_mass_kg":0.0,"char_mass_kg":0.0,"dry_wood_mass_kg":0.11435397259066847,"external_area_m2":0.006283185307179586,"moisture_mass_kg":0.013722476710880217,"oxygen_factor":1.0,"phase":"WET_WOOD","surface_exposure":1.0,"temperature_k":293.15,"volatile_potential_kg":0.0891960986207214,"volume_m3":0.0002199114857512855},{"ash_mass_kg":0.0,"char_mass_kg":0.0,"dry_wood_mass_kg":0.016336281798666922,"external_area_m2":0.0,"moisture_mass_kg":0.0019603538158400307,"oxygen_factor":0.0,"phase":"WET_WOOD","surface_exposure":0.0,"temperature_k":293.15,"volatile_potential_kg":0.012742299802960199,"volume_m3":3.141592653589793e-05},{"ash_mass_kg":0.0,"char_mass_kg":0.0,"dry_wood_mass_kg":0.04900884539600077,"external_area_m2":0.0,"moisture_mass_kg":0.005881061447520092,"oxygen_factor":0.0,"phase":"WET_WOOD","surface_exposure":0.0,"temperature_k":293.15,"volatile_potential_kg":0.038226899408880605,"volume_m3":9.424777960769378e-05},{"ash_mass_kg":0.0,"char_mass_kg":0.0,"dry_wood_mass_kg":0.0816814089933346,"external_area_m2":0.0,"moisture_mass_kg":0.009801769079200152,"oxygen_factor":0.0,"phase":"WET_WOOD","surface_exposure":0.0,"temperature_k":293.15,"volatile_potential_kg":0.063711499014801,"volume_m3":0.00015707963267948963},{"ash_mass_kg":0.0,"char_mass_kg":0.0,"dry_wood_mass_kg":0.11435397259066847,"external_area_m2":0.006283185307179586,"moisture_mass_kg":0.013722476710880217,"oxygen_factor":1.0,"phase":"WET_WOOD","surface_exposure":1.0,"temperature_k":293.15,"volatile_potential_kg":0.0891960986207214,"volume_m3":0.0002199114857512855},{"ash_mass_kg":0.0,"char_mass_kg":0.0,"dry_wood_mass_kg":0.016336281798666922,"external_area_m2":0.0,"moisture_mass_kg":0.0019603538158400307,"oxygen_factor":0.0,"phase":"WET_WOOD","surface_exposure":0.0,"temperature_k":293.15,"volatile_potential_kg":0.012742299802960199,"volume_m3":3.141592653589793e-05},{"ash_mass_kg":0.0,"char_mass_kg":0.0,"dry_wood_mass_kg":0.04900884539600077,"external_area_m2":0.0,"moisture_mass_kg":0.005881061447520092,"oxygen_factor":0.0,"phase":"WET_WOOD","surface_exposure":0.0,"temperature_k":293.15,"volatile_potential_kg":0.038226899408880605,"volume_m3":9.424777960769378e-05},{"ash_mass_kg":0.0,"char_mass_kg":0.0,"dry_wood_mass_kg":0.0816814089933346,"external_area_m2":0.0,"moisture_mass_kg":0.009801769079200152,"oxygen_factor":0.0,"phase":"WET_WOOD","surface_exposure":0.0,"temperature_k":293.15,"volatile_potential_kg":0.063711499014801,"volume_m3":0.00015707963267948963},{"ash_mass_kg":0.0,"char_mass_kg":0.0,"dry_wood_mass_kg":0.11435397259066847,"external_area_m2":0.006283185307179586,"moisture_mass_kg":0.013722476710880217,"oxygen_factor":1.0,"phase":"WET_WOOD","surface_exposure":1.0,"temperature_k":293.15,"volatile_potential_kg":0.0891960986207214,"volume_m3":0.0002199114857512855},{"ash_mass_kg":0.0,"char_mass_kg":0.0,"dry_wood_mass_kg":0.016336281798666922,"external_area_m2":0.0,"moisture_mass_kg":0.0019603538158400307,"oxygen_factor":0.0,"phase":"WET_WOOD","surface_exposure":0.0,"temperature_k":293.15,"volatile_potential_kg":0.012742299802960199,"volume_m3":3.141592653589793e-05},{"ash_mass_kg":0.0,"char_mass_kg":0.0,"dry_wood_mass_kg":0.04900884539600077,"external_area_m2":0.0,"moisture_mass_kg":0.005881061447520092,"oxygen_factor":0.0,"phase":"WET_WOOD","surface_exposure":0.0,"temperature_k":293.15,"volatile_potential_kg":0.038226899408880605,"volume_m3":9.424777960769378e-05},{"ash_mass_kg":0.0,"char_mass_kg":0.0,"dry_wood_mass_kg":0.0816814089933346,"external_area_m2":0.0,"moisture_mass_kg":0.009801769079200152,"oxygen_factor":0.0,"phase":"WET_WOOD","surface_exposure":0.0,"temperature_k":293.15,"volatile_potential_kg":0.063711499014801,"volume_m3":0.00015707963267948963},{"ash_mass_kg":0.0,"char_mass_kg":0.0,"dry_wood_mass_kg":0.11435397259066847,"external_area_m2":0.006283185307179586,"moisture_mass_kg":0.013722476710880217,"oxygen_factor":1.0,"phase":"WET_WOOD","surface_exposure":1.0,"temperature_k":293.15,"volatile_potential_kg":0.0891960986207214,"volume_m3":0.0002199114857512855},{"ash_mass_kg":0.0,"char_mass_kg":0.0,"dry_wood_mass_kg":0.016336281798666922,"external_area_m2":0.0,"moisture_mass_kg":0.0019603538158400307,"oxygen_factor":0.0,"phase":"WET_WOOD","surface_exposure":0.0,"temperature_k":293.15,"volatile_potential_kg":0.012742299802960199,"volume_m3":3.141592653589793e-05},{"ash_mass_kg":0.0,"char_mass_kg":0.0,"dry_wood_mass_kg":0.04900884539600077,"external_area_m2":0.0,"moisture_mass_kg":0.005881061447520092,"oxygen_factor":0.0,"phase":"WET_WOOD","surface_exposure":0.0,"temperature_k":293.15,"volatile_potential_kg":0.038226899408880605,"volume_m3":9.424777960769378e-05},{"ash_mass_kg":0.0,"char_mass_kg":0.0,"dry_wood_mass_kg":0.0816814089933346,"external_area_m2":0.0,"moisture_mass_kg":0.009801769079200152,"oxygen_factor":0.0,"phase":"WET_WOOD","surface_exposure":0.0,"temperature_k":293.15,"volatile_potential_kg":0.063711499014801,"volume_m3":0.00015707963267948963},{"ash_mass_kg":0.0,"char_mass_kg":0.0,"dry_wood_mass_kg":0.11435397259066847,"external_area_m2":0.006283185307179586,"moisture_mass_kg":0.013722476710880217,"oxygen_factor":1.0,"phase":"WET_WOOD","surface_exposure":1.0,"temperature_k":293.15,"volatile_potential_kg":0.0891960986207214,"volume_m3":0.0002199114857512855},{"ash_mass_kg":0.0,"char_mass_kg":0.0,"dry_wood_mass_kg":0.016336281798666922,"external_area_m2":0.0,"moisture_mass_kg":0.0019603538158400307,"oxygen_factor":0.0,"phase":"WET_WOOD","surface_exposure":0.0,"temperature_k":293.15,"volatile_potential_kg":0.012742299802960199,"volume_m3":3.141592653589793e-05},{"ash_mass_kg":0.0,"char_mass_kg":0.0,"dry_wood_mass_kg":0.04900884539600077,"external_area_m2":0.0,"moisture_mass_kg":0.005881061447520092,"oxygen_factor":0.0,"phase":"WET_WOOD","surface_exposure":0.0,"temperature_k":293.15,"volatile_potential_kg":0.038226899408880605,"volume_m3":9.424777960769378e-05},{"ash_mass_kg":0.0,"char_mass_kg":0.0,"dry_wood_mass_kg":0.0816814089933346,"external_area_m2":0.0,"moisture_mass_kg":0.009801769079200152,"oxygen_factor":0.0,"phase":"WET_WOOD","surface_exposure":0.0,"temperature_k":293.15,"volatile_potential_kg":0.063711499014801,"volume_m3":0.00015707963267948963},{"ash_mass_kg":0.0,"char_mass_kg":0.0,"dry_wood_mass_kg":0.11435397259066847,"external_area_m2":0.006283185307179586,"moisture_mass_kg":0.013722476710880217,"oxygen_factor":1.0,"phase":"WET_WOOD","surface_exposure":1.0,"temperature_k":293.15,"volatile_potential_kg":0.0891960986207214,"volume_m3":0.0002199114857512855},{"ash_mass_kg":0.0,"char_mass_kg":0.0,"dry_wood_mass_kg":0.016336281798666922,"external_area_m2":0.0,"moisture_mass_kg":0.0019603538158400307,"oxygen_factor":0.0,"phase":"WET_WOOD","surface_exposure":0.0,"temperature_k":293.15,"volatile_potential_kg":0.012742299802960199,"volume_m3":3.141592653589793e-05},{"ash_mass_kg":0.0,"char_mass_kg":0.0,"dry_wood_mass_kg":0.04900884539600077,"external_area_m2":0.0,"moisture_mass_kg":0.005881061447520092,"oxygen_factor":0.0,"phase":"WET_WOOD","surface_exposure":0.0,"temperature_k":293.15,"volatile_potential_kg":0.038226899408880605,"volume_m3":9.424777960769378e-05},{"ash_mass_kg":0.0,"char_mass_kg":0.0,"dry_wood_mass_kg":0.0816814089933346,"external_area_m2":0.0,"moisture_mass_kg":0.009801769079200152,"oxygen_factor":0.0,"phase":"WET_WOOD","surface_exposure":0.0,"temperature_k":293.15,"volatile_potential_kg":0.063711499014801,"volume_m3":0.00015707963267948963},{"ash_mass_kg":0.0,"char_mass_kg":0.0,"dry_wood_mass_kg":0.11435397259066847,"external_area_m2":0.006283185307179586,"moisture_mass_kg":0.013722476710880217,"oxygen_factor":1.0,"phase":"WET_WOOD","surface_exposure":1.0,"temperature_k":293.15,"volatile_potential_kg":0.0891960986207214,"volume_m3":0.0002199114857512855},{"ash_mass_kg":0.0,"char_mass_kg":0.0,"dry_wood_mass_kg":0.016336281798666922,"external_area_m2":0.0,"moisture_mass_kg":0.0019603538158400307,"oxygen_factor":0.0,"phase":"WET_WOOD","surface_exposure":0.0,"temperature_k":293.15,"volatile_potential_kg":0.012742299802960199,"volume_m3":3.141592653589793e-05},{"ash_mass_kg":0.0,"char_mass_kg":0.0,"dry_wood_mass_kg":0.04900884539600077,"external_area_m2":0.0,"moisture_mass_kg":0.005881061447520092,"oxygen_factor":0.0,"phase":"WET_WOOD","surface_exposure":0.0,"temperature_k":293.15,"volatile_potential_kg":0.038226899408880605,"volume_m3":9.424777960769378e-05},{"ash_mass_kg":0.0,"char_mass_kg":0.0,"dry_wood_mass_kg":0.0816814089933346,"external_area_m2":0.0,"moisture_mass_kg":0.009801769079200152,"oxygen_factor":0.0,"phase":"WET_WOOD","surface_exposure":0.0,"temperature_k":293.15,"volatile_potential_kg":0.063711499014801,"volume_m3":0.00015707963267948963},{"ash_mass_kg":0.0,"char_mass_kg":0.0,"dry_wood_mass_kg":0.11435397259066847,"external_area_m2":0.006283185307179586,"moisture_mass_kg":0.013722476710880217,"oxygen_factor":1.0,"phase":"WET_WOOD","surface_exposure":1.0,"temperature_k":293.15,"volatile_potential_kg":0.0891960986207214,"volume_m3":0.0002199114857512855},{"ash_mass_kg":0.0,"char_mass_kg":0.0,"dry_wood_mass_kg":0.016336281798666922,"external_area_m2":0.0,"moisture_mass_kg":0.0019603538158400307,"oxygen_factor":0.0,"phase":"WET_WOOD","surface_exposure":0.0,"temperature_k":293.15,"volatile_potential_kg":0.012742299802960199,"volume_m3":3.141592653589793e-05},{"ash_mass_kg":0.0,"char_mass_kg":0.0,"dry_wood_mass_kg":0.04900884539600077,"external_area_m2":0.0,"moisture_mass_kg":0.005881061447520092,"oxygen_factor":0.0,"phase":"WET_WOOD","surface_exposure":0.0,"temperature_k":293.15,"volatile_potential_kg":0.038226899408880605,"volume_m3":9.424777960769378e-05},{"ash_mass_kg":0.0,"char_mass_kg":0.0,"dry_wood_mass_kg":0.0816814089933346,"external_area_m2":0.0,"moisture_mass_kg":0.009801769079200152,"oxygen_factor":0.0,"phase":"WET_WOOD","surface_exposure":0.0,"temperature_k":293.15,"volatile_potential_kg":0.063711499014801,"volume_m3":0.00015707963267948963},{"ash_mass_kg":0.0,"char_mass_kg":0.0,"dry_wood_mass_kg":0.11435397259066847,"external_area_m2":0.006283185307179586,"moisture_mass_kg":0.013722476710880217,"oxygen_factor":1.0,"phase":"WET_WOOD","surface_exposure":1.0,"temperature_k":293.15,"volatile_potential_kg":0.0891960986207214,"volume_m3":0.0002199114857512855},{"ash_mass_kg":0.0,"char_mass_kg":0.0,"dry_wood_mass_kg":0.016336281798666922,"external_area_m2":0.0,"moisture_mass_kg":0.0019603538158400307,"oxygen_factor":0.0,"phase":"WET_WOOD","surface_exposure":0.0,"temperature_k":293.15,"volatile_potential_kg":0.012742299802960199,"volume_m3":3.141592653589793e-05},{"ash_mass_kg":0.0,"char_mass_kg":0.0,"dry_wood_mass_kg":0.04900884539600077,"external_area_m2":0.0,"moisture_mass_kg":0.005881061447520092,"oxygen_factor":0.0,"phase":"WET_WOOD","surface_exposure":0.0,"temperature_k":293.15,"volatile_potential_kg":0.038226899408880605,"volume_m3":9.424777960769378e-05},{"ash_mass_kg":0.0,"char_mass_kg":0.0,"dry_wood_mass_kg":0.0816814089933346,"external_area_m2":0.0,"moisture_mass_kg":0.009801769079200152,"oxygen_factor":0.0,"phase":"WET_WOOD","surface_exposure":0.0,"temperature_k":293.15,"volatile_potential_kg":0.063711499014801,"volume_m3":0.00015707963267948963},{"ash_mass_kg":0.0,"char_mass_kg":0.0,"dry_wood_mass_kg":0.11435397259066847,"external_area_m2":0.006283185307179586,"moisture_mass_kg":0.013722476710880217,"oxygen_factor":1.0,"phase":"WET_WOOD","surface_exposure":1.0,"temperature_k":293.15,"volatile_potential_kg":0.0891960986207214,"volume_m3":0.0002199114857512855},{"ash_mass_kg":0.0,"char_mass_kg":0.0,"dry_wood_mass_kg":0.016336281798666922,"external_area_m2":0.0,"moisture_mass_kg":0.0019603538158400307,"oxygen_factor":0.0,"phase":"WET_WOOD","surface_exposure":0.0,"temperature_k":293.15,"volatile_potential_kg":0.012742299802960199,"volume_m3":3.141592653589793e-05},{"ash_mass_kg":0.0,"char_mass_kg":0.0,"dry_wood_mass_kg":0.04900884539600077,"external_area_m2":0.0,"moisture_mass_kg":0.005881061447520092,"oxygen_factor":0.0,"phase":"WET_WOOD","surface_exposure":0.0,"temperature_k":293.15,"volatile_potential_kg":0.038226899408880605,"volume_m3":9.424777960769378e-05},{"ash_mass_kg":0.0,"char_mass_kg":0.0,"dry_wood_mass_kg":0.0816814089933346,"external_area_m2":0.0,"moisture_mass_kg":0.009801769079200152,"oxygen_factor":0.0,"phase":"WET_WOOD","surface_exposure":0.0,"temperature_k":293.15,"volatile_potential_kg":0.063711499014801,"volume_m3":0.00015707963267948963},{"ash_mass_kg":0.0,"char_mass_kg":0.0,"dry_wood_mass_kg":0.11435397259066847,"external_area_m2":0.006283185307179586,"moisture_mass_kg":0.013722476710880217,"oxygen_factor":1.0,"phase":"WET_WOOD","surface_exposure":1.0,"temperature_k":293.15,"volatile_potential_kg":0.0891960986207214,"volume_m3":0.0002199114857512855},{"ash_mass_kg":0.0,"char_mass_kg":0.0,"dry_wood_mass_kg":0.016336281798666922,"external_area_m2":0.0,"moisture_mass_kg":0.0019603538158400307,"oxygen_factor":0.0,"phase":"WET_WOOD","surface_exposure":0.0,"temperature_k":293.15,"volatile_potential_kg":0.012742299802960199,"volume_m3":3.141592653589793e-05},{"ash_mass_kg":0.0,"char_mass_kg":0.0,"dry_wood_mass_kg":0.04900884539600077,"external_area_m2":0.0,"moisture_mass_kg":0.005881061447520092,"oxygen_factor":0.0,"phase":"WET_WOOD","surface_exposure":0.0,"temperature_k":293.15,"volatile_potential_kg":0.038226899408880605,"volume_m3":9.424777960769378e-05},{"ash_mass_kg":0.0,"char_mass_kg":0.0,"dry_wood_mass_kg":0.0816814089933346,"external_area_m2":0.0,"moisture_mass_kg":0.009801769079200152,"oxygen_factor":0.0,"phase":"WET_WOOD","surface_exposure":0.0,"temperature_k":293.15,"volatile_potential_kg":0.063711499014801,"volume_m3":0.00015707963267948963},{"ash_mass_kg":0.0,"char_mass_kg":0.0,"dry_wood_mass_kg":0.11435397259066847,"external_area_m2":0.006283185307179586,"moisture_mass_kg":0.013722476710880217,"oxygen_factor":1.0,"phase":"WET_WOOD","surface_exposure":1.0,"temperature_k":293.15,"volatile_potential_kg":0.0891960986207214,"volume_m3":0.0002199114857512855},{"ash_mass_kg":0.0,"char_mass_kg":0.0,"dry_wood_mass_kg":0.016336281798666922,"external_area_m2":0.0,"moisture_mass_kg":0.0019603538158400307,"oxygen_factor":0.0,"phase":"WET_WOOD","surface_exposure":0.0,"temperature_k":293.15,"volatile_potential_kg":0.012742299802960199,"volume_m3":3.141592653589793e-05},{"ash_mass_kg":0.0,"char_mass_kg":0.0,"dry_wood_mass_kg":0.04900884539600077,"external_area_m2":0.0,"moisture_mass_kg":0.005881061447520092,"oxygen_factor":0.0,"phase":"WET_WOOD","surface_exposure":0.0,"temperature_k":293.15,"volatile_potential_kg":0.038226899408880605,"volume_m3":9.424777960769378e-05},{"ash_mass_kg":0.0,"char_mass_kg":0.0,"dry_wood_mass_kg":0.0816814089933346,"external_area_m2":0.0,"moisture_mass_kg":0.009801769079200152,"oxygen_factor":0.0,"phase":"WET_WOOD","surface_exposure":0.0,"temperature_k":293.15,"volatile_potential_kg":0.063711499014801,"volume_m3":0.00015707963267948963},{"ash_mass_kg":0.0,"char_mass_kg":0.0,"dry_wood_mass_kg":0.11435397259066847,"external_area_m2":0.006283185307179586,"moisture_mass_kg":0.013722476710880217,"oxygen_factor":1.0,"phase":"WET_WOOD","surface_exposure":1.0,"temperature_k":293.15,"volatile_potential_kg":0.0891960986207214,"volume_m3":0.0002199114857512855},{"ash_mass_kg":0.0,"char_mass_kg":0.0,"dry_wood_mass_kg":0.016336281798666922,"external_area_m2":0.0,"moisture_mass_kg":0.0019603538158400307,"oxygen_factor":0.0,"phase":"WET_WOOD","surface_exposure":0.0,"temperature_k":293.15,"volatile_potential_kg":0.012742299802960199,"volume_m3":3.141592653589793e-05},{"ash_mass_kg":0.0,"char_mass_kg":0.0,"dry_wood_mass_kg":0.04900884539600077,"external_area_m2":0.0,"moisture_mass_kg":0.005881061447520092,"oxygen_factor":0.0,"phase":"WET_WOOD","surface_exposure":0.0,"temperature_k":293.15,"volatile_potential_kg":0.038226899408880605,"volume_m3":9.424777960769378e-05},{"ash_mass_kg":0.0,"char_mass_kg":0.0,"dry_wood_mass_kg":0.0816814089933346,"external_area_m2":0.0,"moisture_mass_kg":0.009801769079200152,"oxygen_factor":0.0,"phase":"WET_WOOD","surface_exposure":0.0,"temperature_k":293.15,"volatile_potential_kg":0.063711499014801,"volume_m3":0.00015707963267948963},{"ash_mass_kg":0.0,"char_mass_kg":0.0,"dry_wood_mass_kg":0.11435397259066847,"external_area_m2":0.006283185307179586,"moisture_mass_kg":0.013722476710880217,"oxygen_factor":1.0,"phase":"WET_WOOD","surface_exposure":1.0,"temperature_k":293.15,"volatile_potential_kg":0.0891960986207214,"volume_m3":0.0002199114857512855},{"ash_mass_kg":0.0,"char_mass_kg":0.0,"dry_wood_mass_kg":0.016336281798666922,"external_area_m2":0.0,"moisture_mass_kg":0.0019603538158400307,"oxygen_factor":0.0,"phase":"WET_WOOD","surface_exposure":0.0,"temperature_k":293.15,"volatile_potential_kg":0.012742299802960199,"volume_m3":3.141592653589793e-05},{"ash_mass_kg":0.0,"char_mass_kg":0.0,"dry_wood_mass_kg":0.04900884539600077,"external_area_m2":0.0,"moisture_mass_kg":0.005881061447520092,"oxygen_factor":0.0,"phase":"WET_WOOD","surface_exposure":0.0,"temperature_k":293.15,"volatile_potential_kg":0.038226899408880605,"volume_m3":9.424777960769378e-05},{"ash_mass_kg":0.0,"char_mass_kg":0.0,"dry_wood_mass_kg":0.0816814089933346,"external_area_m2":0.0,"moisture_mass_kg":0.009801769079200152,"oxygen_factor":0.0,"phase":"WET_WOOD","surface_exposure":0.0,"temperature_k":293.15,"volatile_potential_kg":0.063711499014801,"volume_m3":0.00015707963267948963},{"ash_mass_kg":0.0,"char_mass_kg":0.0,"dry_wood_mass_kg":0.11435397259066847,"external_area_m2":0.006283185307179586,"moisture_mass_kg":0.013722476710880217,"oxygen_factor":1.0,"phase":"WET_WOOD","surface_exposure":1.0,"temperature_k":293.15,"volatile_potential_kg":0.0891960986207214,"volume_m3":0.0002199114857512855},{"ash_mass_kg":0.0,"char_mass_kg":0.0,"dry_wood_mass_kg":0.016336281798666922,"external_area_m2":0.0,"moisture_mass_kg":0.0019603538158400307,"oxygen_factor":0.0,"phase":"WET_WOOD","surface_exposure":0.0,"temperature_k":293.15,"volatile_potential_kg":0.012742299802960199,"volume_m3":3.141592653589793e-05},{"ash_mass_kg":0.0,"char_mass_kg":0.0,"dry_wood_mass_kg":0.04900884539600077,"external_area_m2":0.0,"moisture_mass_kg":0.005881061447520092,"oxygen_factor":0.0,"phase":"WET_WOOD","surface_exposure":0.0,"temperature_k":293.15,"volatile_potential_kg":0.038226899408880605,"volume_m3":9.424777960769378e-05},{"ash_mass_kg":0.0,"char_mass_kg":0.0,"dry_wood_mass_kg":0.0816814089933346,"external_area_m2":0.0,"moisture_mass_kg":0.009801769079200152,"oxygen_factor":0.0,"phase":"WET_WOOD","surface_exposure":0.0,"temperature_k":293.15,"volatile_potential_kg":0.063711499014801,"volume_m3":0.00015707963267948963},{"ash_mass_kg":0.0,"char_mass_kg":0.0,"dry_wood_mass_kg":0.11435397259066847,"external_area_m2":0.006283185307179586,"moisture_mass_kg":0.013722476710880217,"oxygen_factor":1.0,"phase":"WET_WOOD","surface_exposure":1.0,"temperature_k":293.15,"volatile_potential_kg":0.0891960986207214,"volume_m3":0.0002199114857512855},{"ash_mass_kg":0.0,"char_mass_kg":0.0,"dry_wood_mass_kg":0.016336281798666922,"external_area_m2":0.0,"moisture_mass_kg":0.0019603538158400307,"oxygen_factor":0.0,"phase":"WET_WOOD","surface_exposure":0.0,"temperature_k":293.15,"volatile_potential_kg":0.012742299802960199,"volume_m3":3.141592653589793e-05},{"ash_mass_kg":0.0,"char_mass_kg":0.0,"dry_wood_mass_kg":0.04900884539600077,"external_area_m2":0.0,"moisture_mass_kg":0.005881061447520092,"oxygen_factor":0.0,"phase":"WET_WOOD","surface_exposure":0.0,"temperature_k":293.15,"volatile_potential_kg":0.038226899408880605,"volume_m3":9.424777960769378e-05},{"ash_mass_kg":0.0,"char_mass_kg":0.0,"dry_wood_mass_kg":0.0816814089933346,"external_area_m2":0.0,"moisture_mass_kg":0.009801769079200152,"oxygen_factor":0.0,"phase":"WET_WOOD","surface_exposure":0.0,"temperature_k":293.15,"volatile_potential_kg":0.063711499014801,"volume_m3":0.00015707963267948963},{"ash_mass_kg":0.0,"char_mass_kg":0.0,"dry_wood_mass_kg":0.11435397259066847,"external_area_m2":0.006283185307179586,"moisture_mass_kg":0.013722476710880217,"oxygen_factor":1.0,"phase":"WET_WOOD","surface_exposure":1.0,"temperature_k":293.15,"volatile_potential_kg":0.0891960986207214,"volume_m3":0.0002199114857512855},{"ash_mass_kg":0.0,"char_mass_kg":0.0,"dry_wood_mass_kg":0.016336281798666922,"external_area_m2":0.0,"moisture_mass_kg":0.0019603538158400307,"oxygen_factor":0.0,"phase":"WET_WOOD","surface_exposure":0.0,"temperature_k":293.15,"volatile_potential_kg":0.012742299802960199,"volume_m3":3.141592653589793e-05},{"ash_mass_kg":0.0,"char_mass_kg":0.0,"dry_wood_mass_kg":0.04900884539600077,"external_area_m2":0.0,"moisture_mass_kg":0.005881061447520092,"oxygen_factor":0.0,"phase":"WET_WOOD","surface_exposure":0.0,"temperature_k":293.15,"volatile_potential_kg":0.038226899408880605,"volume_m3":9.424777960769378e-05},{"ash_mass_kg":0.0,"char_mass_kg":0.0,"dry_wood_mass_kg":0.0816814089933346,"external_area_m2":0.0,"moisture_mass_kg":0.009801769079200152,"oxygen_factor":0.0,"phase":"WET_WOOD","surface_exposure":0.0,"temperature_k":293.15,"volatile_potential_kg":0.063711499014801,"volume_m3":0.00015707963267948963},{"ash_mass_kg":0.0,"char_mass_kg":0.0,"dry_wood_mass_kg":0.11435397259066847,"external_area_m2":0.006283185307179586,"moisture_mass_kg":0.013722476710880217,"oxygen_factor":1.0,"phase":"WET_WOOD","surface_exposure":1.0,"temperature_k":293.15,"volatile_potential_kg":0.0891960986207214,"volume_m3":0.0002199114857512855},{"ash_mass_kg":0.0,"char_mass_kg":0.0,"dry_wood_mass_kg":0.016336281798666922,"external_area_m2":0.0,"moisture_mass_kg":0.0019603538158400307,"oxygen_factor":0.0,"phase":"WET_WOOD","surface_exposure":0.0,"temperature_k":293.15,"volatile_potential_kg":0.012742299802960199,"volume_m3":3.141592653589793e-05},{"ash_mass_kg":0.0,"char_mass_kg":0.0,"dry_wood_mass_kg":0.04900884539600077,"external_area_m2":0.0,"moisture_mass_kg":0.005881061447520092,"oxygen_factor":0.0,"phase":"WET_WOOD","surface_exposure":0.0,"temperature_k":293.15,"volatile_potential_kg":0.038226899408880605,"volume_m3":9.424777960769378e-05},{"ash_mass_kg":0.0,"char_mass_kg":0.0,"dry_wood_mass_kg":0.0816814089933346,"external_area_m2":0.0,"moisture_mass_kg":0.009801769079200152,"oxygen_factor":0.0,"phase":"WET_WOOD","surface_exposure":0.0,"temperature_k":293.15,"volatile_potential_kg":0.063711499014801,"volume_m3":0.00015707963267948963},{"ash_mass_kg":0.0,"char_mass_kg":0.0,"dry_wood_mass_kg":0.11435397259066847,"external_area_m2":0.006283185307179586,"moisture_mass_kg":0.013722476710880217,"oxygen_factor":1.0,"phase":"WET_WOOD","surface_exposure":1.0,"temperature_k":293.15,"volatile_potential_kg":0.0891960986207214,"volume_m3":0.0002199114857512855},{"ash_mass_kg":0.0,"char_mass_kg":0.0,"dry_wood_mass_kg":0.016336281798666922,"external_area_m2":0.0,"moisture_mass_kg":0.0019603538158400307,"oxygen_factor":0.0,"phase":"WET_WOOD","surface_exposure":0.0,"temperature_k":293.15,"volatile_potential_kg":0.012742299802960199,"volume_m3":3.141592653589793e-05},{"ash_mass_kg":0.0,"char_mass_kg":0.0,"dry_wood_mass_kg":0.04900884539600077,"external_area_m2":0.0,"moisture_mass_kg":0.005881061447520092,"oxygen_factor":0.0,"phase":"WET_WOOD","surface_exposure":0.0,"temperature_k":293.15,"volatile_potential_kg":0.038226899408880605,"volume_m3":9.424777960769378e-05},{"ash_mass_kg":0.0,"char_mass_kg":0.0,"dry_wood_mass_kg":0.0816814089933346,"external_area_m2":0.0,"moisture_mass_kg":0.009801769079200152,"oxygen_factor":0.0,"phase":"WET_WOOD","surface_exposure":0.0,"temperature_k":293.15,"volatile_potential_kg":0.063711499014801,"volume_m3":0.00015707963267948963},{"ash_mass_kg":0.0,"char_mass_kg":0.0,"dry_wood_mass_kg":0.11435397259066847,"external_area_m2":0.006283185307179586,"moisture_mass_kg":0.013722476710880217,"oxygen_factor":1.0,"phase":"WET_WOOD","surface_exposure":1.0,"temperature_k":293.15,"volatile_potential_kg":0.0891960986207214,"volume_m3":0.0002199114857512855},{"ash_mass_kg":0.0,"char_mass_kg":0.0,"dry_wood_mass_kg":0.016336281798666922,"external_area_m2":0.0,"moisture_mass_kg":0.0019603538158400307,"oxygen_factor":0.0,"phase":"WET_WOOD","surface_exposure":0.0,"temperature_k":293.15,"volatile_potential_kg":0.012742299802960199,"volume_m3":3.141592653589793e-05},{"ash_mass_kg":0.0,"char_mass_kg":0.0,"dry_wood_mass_kg":0.04900884539600077,"external_area_m2":0.0,"moisture_mass_kg":0.005881061447520092,"oxygen_factor":0.0,"phase":"WET_WOOD","surface_exposure":0.0,"temperature_k":293.15,"volatile_potential_kg":0.038226899408880605,"volume_m3":9.424777960769378e-05},{"ash_mass_kg":0.0,"char_mass_kg":0.0,"dry_wood_mass_kg":0.0816814089933346,"external_area_m2":0.0,"moisture_mass_kg":0.009801769079200152,"oxygen_factor":0.0,"phase":"WET_WOOD","surface_exposure":0.0,"temperature_k":293.15,"volatile_potential_kg":0.063711499014801,"volume_m3":0.00015707963267948963},{"ash_mass_kg":0.0,"char_mass_kg":0.0,"dry_wood_mass_kg":0.11435397259066847,"external_area_m2":0.006283185307179586,"moisture_mass_kg":0.013722476710880217,"oxygen_factor":1.0,"phase":"WET_WOOD","surface_exposure":1.0,"temperature_k":293.15,"volatile_potential_kg":0.0891960986207214,"volume_m3":0.0002199114857512855},{"ash_mass_kg":0.0,"char_mass_kg":0.0,"dry_wood_mass_kg":0.016336281798666922,"external_area_m2":0.0,"moisture_mass_kg":0.0019603538158400307,"oxygen_factor":0.0,"phase":"WET_WOOD","surface_exposure":0.0,"temperature_k":293.15,"volatile_potential_kg":0.012742299802960199,"volume_m3":3.141592653589793e-05},{"ash_mass_kg":0.0,"char_mass_kg":0.0,"dry_wood_mass_kg":0.04900884539600077,"external_area_m2":0.0,"moisture_mass_kg":0.005881061447520092,"oxygen_factor":0.0,"phase":"WET_WOOD","surface_exposure":0.0,"temperature_k":293.15,"volatile_potential_kg":0.038226899408880605,"volume_m3":9.424777960769378e-05},{"ash_mass_kg":0.0,"char_mass_kg":0.0,"dry_wood_mass_kg":0.0816814089933346,"external_area_m2":0.0,"moisture_mass_kg":0.009801769079200152,"oxygen_factor":0.0,"phase":"WET_WOOD","surface_exposure":0.0,"temperature_k":293.15,"volatile_potential_kg":0.063711499014801,"volume_m3":0.00015707963267948963},{"ash_mass_kg":0.0,"char_mass_kg":0.0,"dry_wood_mass_kg":0.11435397259066847,"external_area_m2":0.006283185307179586,"moisture_mass_kg":0.013722476710880217,"oxygen_factor":1.0,"phase":"WET_WOOD","surface_exposure":1.0,"temperature_k":293.15,"volatile_potential_kg":0.0891960986207214,"volume_m3":0.0002199114857512855},{"ash_mass_kg":0.0,"char_mass_kg":0.0,"dry_wood_mass_kg":0.016336281798666922,"external_area_m2":0.0,"moisture_mass_kg":0.0019603538158400307,"oxygen_factor":0.0,"phase":"WET_WOOD","surface_exposure":0.0,"temperature_k":293.15,"volatile_potential_kg":0.012742299802960199,"volume_m3":3.141592653589793e-05},{"ash_mass_kg":0.0,"char_mass_kg":0.0,"dry_wood_mass_kg":0.04900884539600077,"external_area_m2":0.0,"moisture_mass_kg":0.005881061447520092,"oxygen_factor":0.0,"phase":"WET_WOOD","surface_exposure":0.0,"temperature_k":293.15,"volatile_potential_kg":0.038226899408880605,"volume_m3":9.424777960769378e-05},{"ash_mass_kg":0.0,"char_mass_kg":0.0,"dry_wood_mass_kg":0.0816814089933346,"external_area_m2":0.0,"moisture_mass_kg":0.009801769079200152,"oxygen_factor":0.0,"phase":"WET_WOOD","surface_exposure":0.0,"temperature_k":293.15,"volatile_potential_kg":0.063711499014801,"volume_m3":0.00015707963267948963},{"ash_mass_kg":0.0,"char_mass_kg":0.0,"dry_wood_mass_kg":0.11435397259066847,"external_area_m2":0.006283185307179586,"moisture_mass_kg":0.013722476710880217,"oxygen_factor":1.0,"phase":"WET_WOOD","surface_exposure":1.0,"temperature_k":293.15,"volatile_potential_kg":0.0891960986207214,"volume_m3":0.0002199114857512855},{"ash_mass_kg":0.0,"char_mass_kg":0.0,"dry_wood_mass_kg":0.016336281798666922,"external_area_m2":0.0,"moisture_mass_kg":0.0019603538158400307,"oxygen_factor":0.0,"phase":"WET_WOOD","surface_exposure":0.0,"temperature_k":293.15,"volatile_potential_kg":0.012742299802960199,"volume_m3":3.141592653589793e-05},{"ash_mass_kg":0.0,"char_mass_kg":0.0,"dry_wood_mass_kg":0.04900884539600077,"external_area_m2":0.0,"moisture_mass_kg":0.005881061447520092,"oxygen_factor":0.0,"phase":"WET_WOOD","surface_exposure":0.0,"temperature_k":293.15,"volatile_potential_kg":0.038226899408880605,"volume_m3":9.424777960769378e-05},{"ash_mass_kg":0.0,"char_mass_kg":0.0,"dry_wood_mass_kg":0.0816814089933346,"external_area_m2":0.0,"moisture_mass_kg":0.009801769079200152,"oxygen_factor":0.0,"phase":"WET_WOOD","surface_exposure":0.0,"temperature_k":293.15,"volatile_potential_kg":0.063711499014801,"volume_m3":0.00015707963267948963},{"ash_mass_kg":0.0,"char_mass_kg":0.0,"dry_wood_mass_kg":0.11435397259066847,"external_area_m2":0.006283185307179586,"moisture_mass_kg":0.013722476710880217,"oxygen_factor":1.0,"phase":"WET_WOOD","surface_exposure":1.0,"temperature_k":293.15,"volatile_potential_kg":0.0891960986207214,"volume_m3":0.0002199114857512855},{"ash_mass_kg":0.0,"char_mass_kg":0.0,"dry_wood_mass_kg":0.016336281798666922,"external_area_m2":0.0,"moisture_mass_kg":0.0019603538158400307,"oxygen_factor":0.0,"phase":"WET_WOOD","surface_exposure":0.0,"temperature_k":293.15,"volatile_potential_kg":0.012742299802960199,"volume_m3":3.141592653589793e-05},{"ash_mass_kg":0.0,"char_mass_kg":0.0,"dry_wood_mass_kg":0.04900884539600077,"external_area_m2":0.0,"moisture_mass_kg":0.005881061447520092,"oxygen_factor":0.0,"phase":"WET_WOOD","surface_exposure":0.0,"temperature_k":293.15,"volatile_potential_kg":0.038226899408880605,"volume_m3":9.424777960769378e-05},{"ash_mass_kg":0.0,"char_mass_kg":0.0,"dry_wood_mass_kg":0.0816814089933346,"external_area_m2":0.0,"moisture_mass_kg":0.009801769079200152,"oxygen_factor":0.0,"phase":"WET_WOOD","surface_exposure":0.0,"temperature_k":293.15,"volatile_potential_kg":0.063711499014801,"volume_m3":0.00015707963267948963},{"ash_mass_kg":0.0,"char_mass_kg":0.0,"dry_wood_mass_kg":0.11435397259066847,"external_area_m2":0.006283185307179586,"moisture_mass_kg":0.013722476710880217,"oxygen_factor":1.0,"phase":"WET_WOOD","surface_exposure":1.0,"temperature_k":293.15,"volatile_potential_kg":0.0891960986207214,"volume_m3":0.0002199114857512855},{"ash_mass_kg":0.0,"char_mass_kg":0.0,"dry_wood_mass_kg":0.016336281798666922,"external_area_m2":0.0,"moisture_mass_kg":0.0019603538158400307,"oxygen_factor":0.0,"phase":"WET_WOOD","surface_exposure":0.0,"temperature_k":293.15,"volatile_potential_kg":0.012742299802960199,"volume_m3":3.141592653589793e-05},{"ash_mass_kg":0.0,"char_mass_kg":0.0,"dry_wood_mass_kg":0.04900884539600077,"external_area_m2":0.0,"moisture_mass_kg":0.005881061447520092,"oxygen_factor":0.0,"phase":"WET_WOOD","surface_exposure":0.0,"temperature_k":293.15,"volatile_potential_kg":0.038226899408880605,"volume_m3":9.424777960769378e-05},{"ash_mass_kg":0.0,"char_mass_kg":0.0,"dry_wood_mass_kg":0.0816814089933346,"external_area_m2":0.0,"moisture_mass_kg":0.009801769079200152,"oxygen_factor":0.0,"phase":"WET_WOOD","surface_exposure":0.0,"temperature_k":293.15,"volatile_potential_kg":0.063711499014801,"volume_m3":0.00015707963267948963},{"ash_mass_kg":0.0,"char_mass_kg":0.0,"dry_wood_mass_kg":0.11435397259066847,"external_area_m2":0.006283185307179586,"moisture_mass_kg":0.013722476710880217,"oxygen_factor":1.0,"phase":"WET_WOOD","surface_exposure":1.0,"temperature_k":293.15,"volatile_potential_kg":0.0891960986207214,"volume_m3":0.0002199114857512855},{"ash_mass_kg":0.0,"char_mass_kg":0.0,"dry_wood_mass_kg":0.016336281798666922,"external_area_m2":0.0,"moisture_mass_kg":0.0019603538158400307,"oxygen_factor":0.0,"phase":"WET_WOOD","surface_exposure":0.0,"temperature_k":293.15,"volatile_potential_kg":0.012742299802960199,"volume_m3":3.141592653589793e-05},{"ash_mass_kg":0.0,"char_mass_kg":0.0,"dry_wood_mass_kg":0.04900884539600077,"external_area_m2":0.0,"moisture_mass_kg":0.005881061447520092,"oxygen_factor":0.0,"phase":"WET_WOOD","surface_exposure":0.0,"temperature_k":293.15,"volatile_potential_kg":0.038226899408880605,"volume_m3":9.424777960769378e-05},{"ash_mass_kg":0.0,"char_mass_kg":0.0,"dry_wood_mass_kg":0.0816814089933346,"external_area_m2":0.0,"moisture_mass_kg":0.009801769079200152,"oxygen_factor":0.0,"phase":"WET_WOOD","surface_exposure":0.0,"temperature_k":293.15,"volatile_potential_kg":0.063711499014801,"volume_m3":0.00015707963267948963},{"ash_mass_kg":0.0,"char_mass_kg":0.0,"dry_wood_mass_kg":0.11435397259066847,"external_area_m2":0.006283185307179586,"moisture_mass_kg":0.013722476710880217,"oxygen_factor":1.0,"phase":"WET_WOOD","surface_exposure":1.0,"temperature_k":293.15,"volatile_potential_kg":0.0891960986207214,"volume_m3":0.0002199114857512855},{"ash_mass_kg":0.0,"char_mass_kg":0.0,"dry_wood_mass_kg":0.016336281798666922,"external_area_m2":0.0,"moisture_mass_kg":0.0019603538158400307,"oxygen_factor":0.0,"phase":"WET_WOOD","surface_exposure":0.0,"temperature_k":293.15,"volatile_potential_kg":0.012742299802960199,"volume_m3":3.141592653589793e-05},{"ash_mass_kg":0.0,"char_mass_kg":0.0,"dry_wood_mass_kg":0.04900884539600077,"external_area_m2":0.0,"moisture_mass_kg":0.005881061447520092,"oxygen_factor":0.0,"phase":"WET_WOOD","surface_exposure":0.0,"temperature_k":293.15,"volatile_potential_kg":0.038226899408880605,"volume_m3":9.424777960769378e-05},{"ash_mass_kg":0.0,"char_mass_kg":0.0,"dry_wood_mass_kg":0.0816814089933346,"external_area_m2":0.0,"moisture_mass_kg":0.009801769079200152,"oxygen_factor":0.0,"phase":"WET_WOOD","surface_exposure":0.0,"temperature_k":293.15,"volatile_potential_kg":0.063711499014801,"volume_m3":0.00015707963267948963},{"ash_mass_kg":0.0,"char_mass_kg":0.0,"dry_wood_mass_kg":0.11435397259066847,"external_area_m2":0.006283185307179586,"moisture_mass_kg":0.013722476710880217,"oxygen_factor":1.0,"phase":"WET_WOOD","surface_exposure":1.0,"temperature_k":293.15,"volatile_potential_kg":0.0891960986207214,"volume_m3":0.0002199114857512855},{"ash_mass_kg":0.0,"char_mass_kg":0.0,"dry_wood_mass_kg":0.016336281798666922,"external_area_m2":0.0,"moisture_mass_kg":0.0019603538158400307,"oxygen_factor":0.0,"phase":"WET_WOOD","surface_exposure":0.0,"temperature_k":293.15,"volatile_potential_kg":0.012742299802960199,"volume_m3":3.141592653589793e-05},{"ash_mass_kg":0.0,"char_mass_kg":0.0,"dry_wood_mass_kg":0.04900884539600077,"external_area_m2":0.0,"moisture_mass_kg":0.005881061447520092,"oxygen_factor":0.0,"phase":"WET_WOOD","surface_exposure":0.0,"temperature_k":293.15,"volatile_potential_kg":0.038226899408880605,"volume_m3":9.424777960769378e-05},{"ash_mass_kg":0.0,"char_mass_kg":0.0,"dry_wood_mass_kg":0.0816814089933346,"external_area_m2":0.0,"moisture_mass_kg":0.009801769079200152,"oxygen_factor":0.0,"phase":"WET_WOOD","surface_exposure":0.0,"temperature_k":293.15,"volatile_potential_kg":0.063711499014801,"volume_m3":0.00015707963267948963},{"ash_mass_kg":0.0,"char_mass_kg":0.0,"dry_wood_mass_kg":0.11435397259066847,"external_area_m2":0.006283185307179586,"moisture_mass_kg":0.013722476710880217,"oxygen_factor":1.0,"phase":"WET_WOOD","surface_exposure":1.0,"temperature_k":293.15,"volatile_potential_kg":0.0891960986207214,"volume_m3":0.0002199114857512855},{"ash_mass_kg":0.0,"char_mass_kg":0.0,"dry_wood_mass_kg":0.016336281798666922,"external_area_m2":0.0,"moisture_mass_kg":0.0019603538158400307,"oxygen_factor":0.0,"phase":"WET_WOOD","surface_exposure":0.0,"temperature_k":293.15,"volatile_potential_kg":0.012742299802960199,"volume_m3":3.141592653589793e-05},{"ash_mass_kg":0.0,"char_mass_kg":0.0,"dry_wood_mass_kg":0.04900884539600077,"external_area_m2":0.0,"moisture_mass_kg":0.005881061447520092,"oxygen_factor":0.0,"phase":"WET_WOOD","surface_exposure":0.0,"temperature_k":293.15,"volatile_potential_kg":0.038226899408880605,"volume_m3":9.424777960769378e-05},{"ash_mass_kg":0.0,"char_mass_kg":0.0,"dry_wood_mass_kg":0.0816814089933346,"external_area_m2":0.0,"moisture_mass_kg":0.009801769079200152,"oxygen_factor":0.0,"phase":"WET_WOOD","surface_exposure":0.0,"temperature_k":293.15,"volatile_potential_kg":0.063711499014801,"volume_m3":0.00015707963267948963},{"ash_mass_kg":0.0,"char_mass_kg":0.0,"dry_wood_mass_kg":0.11435397259066847,"external_area_m2":0.006283185307179586,"moisture_mass_kg":0.013722476710880217,"oxygen_factor":1.0,"phase":"WET_WOOD","surface_exposure":1.0,"temperature_k":293.15,"volatile_potential_kg":0.0891960986207214,"volume_m3":0.0002199114857512855},{"ash_mass_kg":0.0,"char_mass_kg":0.0,"dry_wood_mass_kg":0.016336281798666922,"external_area_m2":0.0,"moisture_mass_kg":0.0019603538158400307,"oxygen_factor":0.0,"phase":"WET_WOOD","surface_exposure":0.0,"temperature_k":293.15,"volatile_potential_kg":0.012742299802960199,"volume_m3":3.141592653589793e-05},{"ash_mass_kg":0.0,"char_mass_kg":0.0,"dry_wood_mass_kg":0.04900884539600077,"external_area_m2":0.0,"moisture_mass_kg":0.005881061447520092,"oxygen_factor":0.0,"phase":"WET_WOOD","surface_exposure":0.0,"temperature_k":293.15,"volatile_potential_kg":0.038226899408880605,"volume_m3":9.424777960769378e-05},{"ash_mass_kg":0.0,"char_mass_kg":0.0,"dry_wood_mass_kg":0.0816814089933346,"external_area_m2":0.0,"moisture_mass_kg":0.009801769079200152,"oxygen_factor":0.0,"phase":"WET_WOOD","surface_exposure":0.0,"temperature_k":293.15,"volatile_potential_kg":0.063711499014801,"volume_m3":0.00015707963267948963},{"ash_mass_kg":0.0,"char_mass_kg":0.0,"dry_wood_mass_kg":0.11435397259066847,"external_area_m2":0.006283185307179586,"moisture_mass_kg":0.013722476710880217,"oxygen_factor":1.0,"phase":"WET_WOOD","surface_exposure":1.0,"temperature_k":293.15,"volatile_potential_kg":0.0891960986207214,"volume_m3":0.0002199114857512855},{"ash_mass_kg":0.0,"char_mass_kg":0.0,"dry_wood_mass_kg":0.016336281798666922,"external_area_m2":0.0,"moisture_mass_kg":0.0019603538158400307,"oxygen_factor":0.0,"phase":"WET_WOOD","surface_exposure":0.0,"temperature_k":293.15,"volatile_potential_kg":0.012742299802960199,"volume_m3":3.141592653589793e-05},{"ash_mass_kg":0.0,"char_mass_kg":0.0,"dry_wood_mass_kg":0.04900884539600077,"external_area_m2":0.0,"moisture_mass_kg":0.005881061447520092,"oxygen_factor":0.0,"phase":"WET_WOOD","surface_exposure":0.0,"temperature_k":293.15,"volatile_potential_kg":0.038226899408880605,"volume_m3":9.424777960769378e-05},{"ash_mass_kg":0.0,"char_mass_kg":0.0,"dry_wood_mass_kg":0.0816814089933346,"external_area_m2":0.0,"moisture_mass_kg":0.009801769079200152,"oxygen_factor":0.0,"phase":"WET_WOOD","surface_exposure":0.0,"temperature_k":293.15,"volatile_potential_kg":0.063711499014801,"volume_m3":0.00015707963267948963},{"ash_mass_kg":0.0,"char_mass_kg":0.0,"dry_wood_mass_kg":0.11435397259066847,"external_area_m2":0.006283185307179586,"moisture_mass_kg":0.013722476710880217,"oxygen_factor":1.0,"phase":"WET_WOOD","surface_exposure":1.0,"temperature_k":293.15,"volatile_potential_kg":0.0891960986207214,"volume_m3":0.0002199114857512855},{"ash_mass_kg":0.0,"char_mass_kg":0.0,"dry_wood_mass_kg":0.016336281798666922,"external_area_m2":0.0,"moisture_mass_kg":0.0019603538158400307,"oxygen_factor":0.0,"phase":"WET_WOOD","surface_exposure":0.0,"temperature_k":293.15,"volatile_potential_kg":0.012742299802960199,"volume_m3":3.141592653589793e-05},{"ash_mass_kg":0.0,"char_mass_kg":0.0,"dry_wood_mass_kg":0.04900884539600077,"external_area_m2":0.0,"moisture_mass_kg":0.005881061447520092,"oxygen_factor":0.0,"phase":"WET_WOOD","surface_exposure":0.0,"temperature_k":293.15,"volatile_potential_kg":0.038226899408880605,"volume_m3":9.424777960769378e-05},{"ash_mass_kg":0.0,"char_mass_kg":0.0,"dry_wood_mass_kg":0.0816814089933346,"external_area_m2":0.0,"moisture_mass_kg":0.009801769079200152,"oxygen_factor":0.0,"phase":"WET_WOOD","surface_exposure":0.0,"temperature_k":293.15,"volatile_potential_kg":0.063711499014801,"volume_m3":0.00015707963267948963},{"ash_mass_kg":0.0,"char_mass_kg":0.0,"dry_wood_mass_kg":0.11435397259066847,"external_area_m2":0.006283185307179586,"moisture_mass_kg":0.013722476710880217,"oxygen_factor":1.0,"phase":"WET_WOOD","surface_exposure":1.0,"temperature_k":293.15,"volatile_potential_kg":0.0891960986207214,"volume_m3":0.0002199114857512855},{"ash_mass_kg":0.0,"char_mass_kg":0.0,"dry_wood_mass_kg":0.016336281798666922,"external_area_m2":0.0,"moisture_mass_kg":0.0019603538158400307,"oxygen_factor":0.0,"phase":"WET_WOOD","surface_exposure":0.0,"temperature_k":293.15,"volatile_potential_kg":0.012742299802960199,"volume_m3":3.141592653589793e-05},{"ash_mass_kg":0.0,"char_mass_kg":0.0,"dry_wood_mass_kg":0.04900884539600077,"external_area_m2":0.0,"moisture_mass_kg":0.005881061447520092,"oxygen_factor":0.0,"phase":"WET_WOOD","surface_exposure":0.0,"temperature_k":293.15,"volatile_potential_kg":0.038226899408880605,"volume_m3":9.424777960769378e-05},{"ash_mass_kg":0.0,"char_mass_kg":0.0,"dry_wood_mass_kg":0.0816814089933346,"external_area_m2":0.0,"moisture_mass_kg":0.009801769079200152,"oxygen_factor":0.0,"phase":"WET_WOOD","surface_exposure":0.0,"temperature_k":293.15,"volatile_potential_kg":0.063711499014801,"volume_m3":0.00015707963267948963},{"ash_mass_kg":0.0,"char_mass_kg":0.0,"dry_wood_mass_kg":0.11435397259066847,"external_area_m2":0.006283185307179586,"moisture_mass_kg":0.013722476710880217,"oxygen_factor":1.0,"phase":"WET_WOOD","surface_exposure":1.0,"temperature_k":293.15,"volatile_potential_kg":0.0891960986207214,"volume_m3":0.0002199114857512855},{"ash_mass_kg":0.0,"char_mass_kg":0.0,"dry_wood_mass_kg":0.016336281798666922,"external_area_m2":0.0,"moisture_mass_kg":0.0019603538158400307,"oxygen_factor":0.0,"phase":"WET_WOOD","surface_exposure":0.0,"temperature_k":293.15,"volatile_potential_kg":0.012742299802960199,"volume_m3":3.141592653589793e-05},{"ash_mass_kg":0.0,"char_mass_kg":0.0,"dry_wood_mass_kg":0.04900884539600077,"external_area_m2":0.0,"moisture_mass_kg":0.005881061447520092,"oxygen_factor":0.0,"phase":"WET_WOOD","surface_exposure":0.0,"temperature_k":293.15,"volatile_potential_kg":0.038226899408880605,"volume_m3":9.424777960769378e-05},{"ash_mass_kg":0.0,"char_mass_kg":0.0,"dry_wood_mass_kg":0.0816814089933346,"external_area_m2":0.0,"moisture_mass_kg":0.009801769079200152,"oxygen_factor":0.0,"phase":"WET_WOOD","surface_exposure":0.0,"temperature_k":293.15,"volatile_potential_kg":0.063711499014801,"volume_m3":0.00015707963267948963},{"ash_mass_kg":0.0,"char_mass_kg":0.0,"dry_wood_mass_kg":0.11435397259066847,"external_area_m2":0.006283185307179586,"moisture_mass_kg":0.013722476710880217,"oxygen_factor":1.0,"phase":"WET_WOOD","surface_exposure":1.0,"temperature_k":293.15,"volatile_potential_kg":0.0891960986207214,"volume_m3":0.0002199114857512855},{"ash_mass_kg":0.0,"char_mass_kg":0.0,"dry_wood_mass_kg":0.016336281798666922,"external_area_m2":0.0,"moisture_mass_kg":0.0019603538158400307,"oxygen_factor":0.0,"phase":"WET_WOOD","surface_exposure":0.0,"temperature_k":293.15,"volatile_potential_kg":0.012742299802960199,"volume_m3":3.141592653589793e-05},{"ash_mass_kg":0.0,"char_mass_kg":0.0,"dry_wood_mass_kg":0.04900884539600077,"external_area_m2":0.0,"moisture_mass_kg":0.005881061447520092,"oxygen_factor":0.0,"phase":"WET_WOOD","surface_exposure":0.0,"temperature_k":293.15,"volatile_potential_kg":0.038226899408880605,"volume_m3":9.424777960769378e-05},{"ash_mass_kg":0.0,"char_mass_kg":0.0,"dry_wood_mass_kg":0.0816814089933346,"external_area_m2":0.0,"moisture_mass_kg":0.009801769079200152,"oxygen_factor":0.0,"phase":"WET_WOOD","surface_exposure":0.0,"temperature_k":293.15,"volatile_potential_kg":0.063711499014801,"volume_m3":0.00015707963267948963},{"ash_mass_kg":0.0,"char_mass_kg":0.0,"dry_wood_mass_kg":0.11435397259066847,"external_area_m2":0.006283185307179586,"moisture_mass_kg":0.013722476710880217,"oxygen_factor":1.0,"phase":"WET_WOOD","surface_exposure":1.0,"temperature_k":293.15,"volatile_potential_kg":0.0891960986207214,"volume_m3":0.0002199114857512855},{"ash_mass_kg":0.0,"char_mass_kg":0.0,"dry_wood_mass_kg":0.016336281798666922,"external_area_m2":0.0,"moisture_mass_kg":0.0019603538158400307,"oxygen_factor":0.0,"phase":"WET_WOOD","surface_exposure":0.0,"temperature_k":293.15,"volatile_potential_kg":0.012742299802960199,"volume_m3":3.141592653589793e-05},{"ash_mass_kg":0.0,"char_mass_kg":0.0,"dry_wood_mass_kg":0.04900884539600077,"external_area_m2":0.0,"moisture_mass_kg":0.005881061447520092,"oxygen_factor":0.0,"phase":"WET_WOOD","surface_exposure":0.0,"temperature_k":293.15,"volatile_potential_kg":0.038226899408880605,"volume_m3":9.424777960769378e-05},{"ash_mass_kg":0.0,"char_mass_kg":0.0,"dry_wood_mass_kg":0.0816814089933346,"external_area_m2":0.0,"moisture_mass_kg":0.009801769079200152,"oxygen_factor":0.0,"phase":"WET_WOOD","surface_exposure":0.0,"temperature_k":293.15,"volatile_potential_kg":0.063711499014801,"volume_m3":0.00015707963267948963},{"ash_mass_kg":0.0,"char_mass_kg":0.0,"dry_wood_mass_kg":0.11435397259066847,"external_area_m2":0.006283185307179586,"moisture_mass_kg":0.013722476710880217,"oxygen_factor":1.0,"phase":"WET_WOOD","surface_exposure":1.0,"temperature_k":293.15,"volatile_potential_kg":0.0891960986207214,"volume_m3":0.0002199114857512855},{"ash_mass_kg":0.0,"char_mass_kg":0.0,"dry_wood_mass_kg":0.016336281798666922,"external_area_m2":0.0,"moisture_mass_kg":0.0019603538158400307,"oxygen_factor":0.0,"phase":"WET_WOOD","surface_exposure":0.0,"temperature_k":293.15,"volatile_potential_kg":0.012742299802960199,"volume_m3":3.141592653589793e-05},{"ash_mass_kg":0.0,"char_mass_kg":0.0,"dry_wood_mass_kg":0.04900884539600077,"external_area_m2":0.0,"moisture_mass_kg":0.005881061447520092,"oxygen_factor":0.0,"phase":"WET_WOOD","surface_exposure":0.0,"temperature_k":293.15,"volatile_potential_kg":0.038226899408880605,"volume_m3":9.424777960769378e-05},{"ash_mass_kg":0.0,"char_mass_kg":0.0,"dry_wood_mass_kg":0.0816814089933346,"external_area_m2":0.0,"moisture_mass_kg":0.009801769079200152,"oxygen_factor":0.0,"phase":"WET_WOOD","surface_exposure":0.0,"temperature_k":293.15,"volatile_potential_kg":0.063711499014801,"volume_m3":0.00015707963267948963},{"ash_mass_kg":0.0,"char_mass_kg":0.0,"dry_wood_mass_kg":0.11435397259066847,"external_area_m2":0.006283185307179586,"moisture_mass_kg":0.013722476710880217,"oxygen_factor":1.0,"phase":"WET_WOOD","surface_exposure":1.0,"temperature_k":293.15,"volatile_potential_kg":0.0891960986207214,"volume_m3":0.0002199114857512855},{"ash_mass_kg":0.0,"char_mass_kg":0.0,"dry_wood_mass_kg":0.016336281798666922,"external_area_m2":0.0,"moisture_mass_kg":0.0019603538158400307,"oxygen_factor":0.0,"phase":"WET_WOOD","surface_exposure":0.0,"temperature_k":293.15,"volatile_potential_kg":0.012742299802960199,"volume_m3":3.141592653589793e-05},{"ash_mass_kg":0.0,"char_mass_kg":0.0,"dry_wood_mass_kg":0.04900884539600077,"external_area_m2":0.0,"moisture_mass_kg":0.005881061447520092,"oxygen_factor":0.0,"phase":"WET_WOOD","surface_exposure":0.0,"temperature_k":293.15,"volatile_potential_kg":0.038226899408880605,"volume_m3":9.424777960769378e-05},{"ash_mass_kg":0.0,"char_mass_kg":0.0,"dry_wood_mass_kg":0.0816814089933346,"external_area_m2":0.0,"moisture_mass_kg":0.009801769079200152,"oxygen_factor":0.0,"phase":"WET_WOOD","surface_exposure":0.0,"temperature_k":293.15,"volatile_potential_kg":0.063711499014801,"volume_m3":0.00015707963267948963},{"ash_mass_kg":0.0,"char_mass_kg":0.0,"dry_wood_mass_kg":0.11435397259066847,"external_area_m2":0.006283185307179586,"moisture_mass_kg":0.013722476710880217,"oxygen_factor":1.0,"phase":"WET_WOOD","surface_exposure":1.0,"temperature_k":293.15,"volatile_potential_kg":0.0891960986207214,"volume_m3":0.0002199114857512855},{"ash_mass_kg":0.0,"char_mass_kg":0.0,"dry_wood_mass_kg":0.016336281798666922,"external_area_m2":0.0,"moisture_mass_kg":0.0019603538158400307,"oxygen_factor":0.0,"phase":"WET_WOOD","surface_exposure":0.0,"temperature_k":293.15,"volatile_potential_kg":0.012742299802960199,"volume_m3":3.141592653589793e-05},{"ash_mass_kg":0.0,"char_mass_kg":0.0,"dry_wood_mass_kg":0.04900884539600077,"external_area_m2":0.0,"moisture_mass_kg":0.005881061447520092,"oxygen_factor":0.0,"phase":"WET_WOOD","surface_exposure":0.0,"temperature_k":293.15,"volatile_potential_kg":0.038226899408880605,"volume_m3":9.424777960769378e-05},{"ash_mass_kg":0.0,"char_mass_kg":0.0,"dry_wood_mass_kg":0.0816814089933346,"external_area_m2":0.0,"moisture_mass_kg":0.009801769079200152,"oxygen_factor":0.0,"phase":"WET_WOOD","surface_exposure":0.0,"temperature_k":293.15,"volatile_potential_kg":0.063711499014801,"volume_m3":0.00015707963267948963},{"ash_mass_kg":0.0,"char_mass_kg":0.0,"dry_wood_mass_kg":0.11435397259066847,"external_area_m2":0.006283185307179586,"moisture_mass_kg":0.013722476710880217,"oxygen_factor":1.0,"phase":"WET_WOOD","surface_exposure":1.0,"temperature_k":293.15,"volatile_potential_kg":0.0891960986207214,"volume_m3":0.0002199114857512855},{"ash_mass_kg":0.0,"char_mass_kg":0.0,"dry_wood_mass_kg":0.016336281798666922,"external_area_m2":0.0,"moisture_mass_kg":0.0019603538158400307,"oxygen_factor":0.0,"phase":"WET_WOOD","surface_exposure":0.0,"temperature_k":293.15,"volatile_potential_kg":0.012742299802960199,"volume_m3":3.141592653589793e-05},{"ash_mass_kg":0.0,"char_mass_kg":0.0,"dry_wood_mass_kg":0.04900884539600077,"external_area_m2":0.0,"moisture_mass_kg":0.005881061447520092,"oxygen_factor":0.0,"phase":"WET_WOOD","surface_exposure":0.0,"temperature_k":293.15,"volatile_potential_kg":0.038226899408880605,"volume_m3":9.424777960769378e-05},{"ash_mass_kg":0.0,"char_mass_kg":0.0,"dry_wood_mass_kg":0.0816814089933346,"external_area_m2":0.0,"moisture_mass_kg":0.009801769079200152,"oxygen_factor":0.0,"phase":"WET_WOOD","surface_exposure":0.0,"temperature_k":293.15,"volatile_potential_kg":0.063711499014801,"volume_m3":0.00015707963267948963},{"ash_mass_kg":0.0,"char_mass_kg":0.0,"dry_wood_mass_kg":0.11435397259066847,"external_area_m2":0.006283185307179586,"moisture_mass_kg":0.013722476710880217,"oxygen_factor":1.0,"phase":"WET_WOOD","surface_exposure":1.0,"temperature_k":293.15,"volatile_potential_kg":0.0891960986207214,"volume_m3":0.0002199114857512855},{"ash_mass_kg":0.0,"char_mass_kg":0.0,"dry_wood_mass_kg":0.016336281798666922,"external_area_m2":0.0,"moisture_mass_kg":0.0019603538158400307,"oxygen_factor":0.0,"phase":"WET_WOOD","surface_exposure":0.0,"temperature_k":293.15,"volatile_potential_kg":0.012742299802960199,"volume_m3":3.141592653589793e-05},{"ash_mass_kg":0.0,"char_mass_kg":0.0,"dry_wood_mass_kg":0.04900884539600077,"external_area_m2":0.0,"moisture_mass_kg":0.005881061447520092,"oxygen_factor":0.0,"phase":"WET_WOOD","surface_exposure":0.0,"temperature_k":293.15,"volatile_potential_kg":0.038226899408880605,"volume_m3":9.424777960769378e-05},{"ash_mass_kg":0.0,"char_mass_kg":0.0,"dry_wood_mass_kg":0.0816814089933346,"external_area_m2":0.0,"moisture_mass_kg":0.009801769079200152,"oxygen_factor":0.0,"phase":"WET_WOOD","surface_exposure":0.0,"temperature_k":293.15,"volatile_potential_kg":0.063711499014801,"volume_m3":0.00015707963267948963},{"ash_mass_kg":0.0,"char_mass_kg":0.0,"dry_wood_mass_kg":0.11435397259066847,"external_area_m2":0.006283185307179586,"moisture_mass_kg":0.013722476710880217,"oxygen_factor":1.0,"phase":"WET_WOOD","surface_exposure":1.0,"temperature_k":293.15,"volatile_potential_kg":0.0891960986207214,"volume_m3":0.0002199114857512855},{"ash_mass_kg":0.0,"char_mass_kg":0.0,"dry_wood_mass_kg":0.016336281798666922,"external_area_m2":0.0,"moisture_mass_kg":0.0019603538158400307,"oxygen_factor":0.0,"phase":"WET_WOOD","surface_exposure":0.0,"temperature_k":293.15,"volatile_potential_kg":0.012742299802960199,"volume_m3":3.141592653589793e-05},{"ash_mass_kg":0.0,"char_mass_kg":0.0,"dry_wood_mass_kg":0.04900884539600077,"external_area_m2":0.0,"moisture_mass_kg":0.005881061447520092,"oxygen_factor":0.0,"phase":"WET_WOOD","surface_exposure":0.0,"temperature_k":293.15,"volatile_potential_kg":0.038226899408880605,"volume_m3":9.424777960769378e-05},{"ash_mass_kg":0.0,"char_mass_kg":0.0,"dry_wood_mass_kg":0.0816814089933346,"external_area_m2":0.0,"moisture_mass_kg":0.009801769079200152,"oxygen_factor":0.0,"phase":"WET_WOOD","surface_exposure":0.0,"temperature_k":293.15,"volatile_potential_kg":0.063711499014801,"volume_m3":0.00015707963267948963},{"ash_mass_kg":0.0,"char_mass_kg":0.0,"dry_wood_mass_kg":0.11435397259066847,"external_area_m2":0.006283185307179586,"moisture_mass_kg":0.013722476710880217,"oxygen_factor":1.0,"phase":"WET_WOOD","surface_exposure":1.0,"temperature_k":293.15,"volatile_potential_kg":0.0891960986207214,"volume_m3":0.0002199114857512855},{"ash_mass_kg":0.0,"char_mass_kg":0.0,"dry_wood_mass_kg":0.016336281798666922,"external_area_m2":0.0,"moisture_mass_kg":0.0019603538158400307,"oxygen_factor":0.0,"phase":"WET_WOOD","surface_exposure":0.0,"temperature_k":293.15,"volatile_potential_kg":0.012742299802960199,"volume_m3":3.141592653589793e-05},{"ash_mass_kg":0.0,"char_mass_kg":0.0,"dry_wood_mass_kg":0.04900884539600077,"external_area_m2":0.0,"moisture_mass_kg":0.005881061447520092,"oxygen_factor":0.0,"phase":"WET_WOOD","surface_exposure":0.0,"temperature_k":293.15,"volatile_potential_kg":0.038226899408880605,"volume_m3":9.424777960769378e-05},{"ash_mass_kg":0.0,"char_mass_kg":0.0,"dry_wood_mass_kg":0.0816814089933346,"external_area_m2":0.0,"moisture_mass_kg":0.009801769079200152,"oxygen_factor":0.0,"phase":"WET_WOOD","surface_exposure":0.0,"temperature_k":293.15,"volatile_potential_kg":0.063711499014801,"volume_m3":0.00015707963267948963},{"ash_mass_kg":0.0,"char_mass_kg":0.0,"dry_wood_mass_kg":0.11435397259066847,"external_area_m2":0.006283185307179586,"moisture_mass_kg":0.013722476710880217,"oxygen_factor":1.0,"phase":"WET_WOOD","surface_exposure":1.0,"temperature_k":293.15,"volatile_potential_kg":0.0891960986207214,"volume_m3":0.0002199114857512855},{"ash_mass_kg":0.0,"char_mass_kg":0.0,"dry_wood_mass_kg":0.016336281798666922,"external_area_m2":0.0,"moisture_mass_kg":0.0019603538158400307,"oxygen_factor":0.0,"phase":"WET_WOOD","surface_exposure":0.0,"temperature_k":293.15,"volatile_potential_kg":0.012742299802960199,"volume_m3":3.141592653589793e-05},{"ash_mass_kg":0.0,"char_mass_kg":0.0,"dry_wood_mass_kg":0.04900884539600077,"external_area_m2":0.0,"moisture_mass_kg":0.005881061447520092,"oxygen_factor":0.0,"phase":"WET_WOOD","surface_exposure":0.0,"temperature_k":293.15,"volatile_potential_kg":0.038226899408880605,"volume_m3":9.424777960769378e-05},{"ash_mass_kg":0.0,"char_mass_kg":0.0,"dry_wood_mass_kg":0.0816814089933346,"external_area_m2":0.0,"moisture_mass_kg":0.009801769079200152,"oxygen_factor":0.0,"phase":"WET_WOOD","surface_exposure":0.0,"temperature_k":293.15,"volatile_potential_kg":0.063711499014801,"volume_m3":0.00015707963267948963},{"ash_mass_kg":0.0,"char_mass_kg":0.0,"dry_wood_mass_kg":0.11435397259066847,"external_area_m2":0.006283185307179586,"moisture_mass_kg":0.013722476710880217,"oxygen_factor":1.0,"phase":"WET_WOOD","surface_exposure":1.0,"temperature_k":293.15,"volatile_potential_kg":0.0891960986207214,"volume_m3":0.0002199114857512855},{"ash_mass_kg":0.0,"char_mass_kg":0.0,"dry_wood_mass_kg":0.016336281798666922,"external_area_m2":0.0,"moisture_mass_kg":0.0019603538158400307,"oxygen_factor":0.0,"phase":"WET_WOOD","surface_exposure":0.0,"temperature_k":293.15,"volatile_potential_kg":0.012742299802960199,"volume_m3":3.141592653589793e-05},{"ash_mass_kg":0.0,"char_mass_kg":0.0,"dry_wood_mass_kg":0.04900884539600077,"external_area_m2":0.0,"moisture_mass_kg":0.005881061447520092,"oxygen_factor":0.0,"phase":"WET_WOOD","surface_exposure":0.0,"temperature_k":293.15,"volatile_potential_kg":0.038226899408880605,"volume_m3":9.424777960769378e-05},{"ash_mass_kg":0.0,"char_mass_kg":0.0,"dry_wood_mass_kg":0.0816814089933346,"external_area_m2":0.0,"moisture_mass_kg":0.009801769079200152,"oxygen_factor":0.0,"phase":"WET_WOOD","surface_exposure":0.0,"temperature_k":293.15,"volatile_potential_kg":0.063711499014801,"volume_m3":0.00015707963267948963},{"ash_mass_kg":0.0,"char_mass_kg":0.0,"dry_wood_mass_kg":0.11435397259066847,"external_area_m2":0.006283185307179586,"moisture_mass_kg":0.013722476710880217,"oxygen_factor":1.0,"phase":"WET_WOOD","surface_exposure":1.0,"temperature_k":293.15,"volatile_potential_kg":0.0891960986207214,"volume_m3":0.0002199114857512855},{"ash_mass_kg":0.0,"char_mass_kg":0.0,"dry_wood_mass_kg":0.016336281798666922,"external_area_m2":0.0,"moisture_mass_kg":0.0019603538158400307,"oxygen_factor":0.0,"phase":"WET_WOOD","surface_exposure":0.0,"temperature_k":293.15,"volatile_potential_kg":0.012742299802960199,"volume_m3":3.141592653589793e-05},{"ash_mass_kg":0.0,"char_mass_kg":0.0,"dry_wood_mass_kg":0.04900884539600077,"external_area_m2":0.0,"moisture_mass_kg":0.005881061447520092,"oxygen_factor":0.0,"phase":"WET_WOOD","surface_exposure":0.0,"temperature_k":293.15,"volatile_potential_kg":0.038226899408880605,"volume_m3":9.424777960769378e-05},{"ash_mass_kg":0.0,"char_mass_kg":0.0,"dry_wood_mass_kg":0.0816814089933346,"external_area_m2":0.0,"moisture_mass_kg":0.009801769079200152,"oxygen_factor":0.0,"phase":"WET_WOOD","surface_exposure":0.0,"temperature_k":293.15,"volatile_potential_kg":0.063711499014801,"volume_m3":0.00015707963267948963},{"ash_mass_kg":0.0,"char_mass_kg":0.0,"dry_wood_mass_kg":0.11435397259066847,"external_area_m2":0.006283185307179586,"moisture_mass_kg":0.013722476710880217,"oxygen_factor":1.0,"phase":"WET_WOOD","surface_exposure":1.0,"temperature_k":293.15,"volatile_potential_kg":0.0891960986207214,"volume_m3":0.0002199114857512855},{"ash_mass_kg":0.0,"char_mass_kg":0.0,"dry_wood_mass_kg":0.016336281798666922,"external_area_m2":0.0,"moisture_mass_kg":0.0019603538158400307,"oxygen_factor":0.0,"phase":"WET_WOOD","surface_exposure":0.0,"temperature_k":293.15,"volatile_potential_kg":0.012742299802960199,"volume_m3":3.141592653589793e-05},{"ash_mass_kg":0.0,"char_mass_kg":0.0,"dry_wood_mass_kg":0.04900884539600077,"external_area_m2":0.0,"moisture_mass_kg":0.005881061447520092,"oxygen_factor":0.0,"phase":"WET_WOOD","surface_exposure":0.0,"temperature_k":293.15,"volatile_potential_kg":0.038226899408880605,"volume_m3":9.424777960769378e-05},{"ash_mass_kg":0.0,"char_mass_kg":0.0,"dry_wood_mass_kg":0.0816814089933346,"external_area_m2":0.0,"moisture_mass_kg":0.009801769079200152,"oxygen_factor":0.0,"phase":"WET_WOOD","surface_exposure":0.0,"temperature_k":293.15,"volatile_potential_kg":0.063711499014801,"volume_m3":0.00015707963267948963},{"ash_mass_kg":0.0,"char_mass_kg":0.0,"dry_wood_mass_kg":0.11435397259066847,"external_area_m2":0.006283185307179586,"moisture_mass_kg":0.013722476710880217,"oxygen_factor":1.0,"phase":"WET_WOOD","surface_exposure":1.0,"temperature_k":293.15,"volatile_potential_kg":0.0891960986207214,"volume_m3":0.0002199114857512855},{"ash_mass_kg":0.0,"char_mass_kg":0.0,"dry_wood_mass_kg":0.016336281798666922,"external_area_m2":0.0,"moisture_mass_kg":0.0019603538158400307,"oxygen_factor":0.0,"phase":"WET_WOOD","surface_exposure":0.0,"temperature_k":293.15,"volatile_potential_kg":0.012742299802960199,"volume_m3":3.141592653589793e-05},{"ash_mass_kg":0.0,"char_mass_kg":0.0,"dry_wood_mass_kg":0.04900884539600077,"external_area_m2":0.0,"moisture_mass_kg":0.005881061447520092,"oxygen_factor":0.0,"phase":"WET_WOOD","surface_exposure":0.0,"temperature_k":293.15,"volatile_potential_kg":0.038226899408880605,"volume_m3":9.424777960769378e-05},{"ash_mass_kg":0.0,"char_mass_kg":0.0,"dry_wood_mass_kg":0.0816814089933346,"external_area_m2":0.0,"moisture_mass_kg":0.009801769079200152,"oxygen_factor":0.0,"phase":"WET_WOOD","surface_exposure":0.0,"temperature_k":293.15,"volatile_potential_kg":0.063711499014801,"volume_m3":0.00015707963267948963},{"ash_mass_kg":0.0,"char_mass_kg":0.0,"dry_wood_mass_kg":0.11435397259066847,"external_area_m2":0.006283185307179586,"moisture_mass_kg":0.013722476710880217,"oxygen_factor":1.0,"phase":"WET_WOOD","surface_exposure":1.0,"temperature_k":293.15,"volatile_potential_kg":0.0891960986207214,"volume_m3":0.0002199114857512855},{"ash_mass_kg":0.0,"char_mass_kg":0.0,"dry_wood_mass_kg":0.016336281798666922,"external_area_m2":0.0,"moisture_mass_kg":0.0019603538158400307,"oxygen_factor":0.0,"phase":"WET_WOOD","surface_exposure":0.0,"temperature_k":293.15,"volatile_potential_kg":0.012742299802960199,"volume_m3":3.141592653589793e-05},{"ash_mass_kg":0.0,"char_mass_kg":0.0,"dry_wood_mass_kg":0.04900884539600077,"external_area_m2":0.0,"moisture_mass_kg":0.005881061447520092,"oxygen_factor":0.0,"phase":"WET_WOOD","surface_exposure":0.0,"temperature_k":293.15,"volatile_potential_kg":0.038226899408880605,"volume_m3":9.424777960769378e-05},{"ash_mass_kg":0.0,"char_mass_kg":0.0,"dry_wood_mass_kg":0.0816814089933346,"external_area_m2":0.0,"moisture_mass_kg":0.009801769079200152,"oxygen_factor":0.0,"phase":"WET_WOOD","surface_exposure":0.0,"temperature_k":293.15,"volatile_potential_kg":0.063711499014801,"volume_m3":0.00015707963267948963},{"ash_mass_kg":0.0,"char_mass_kg":0.0,"dry_wood_mass_kg":0.11435397259066847,"external_area_m2":0.006283185307179586,"moisture_mass_kg":0.013722476710880217,"oxygen_factor":1.0,"phase":"WET_WOOD","surface_exposure":1.0,"temperature_k":293.15,"volatile_potential_kg":0.0891960986207214,"volume_m3":0.0002199114857512855},{"ash_mass_kg":0.0,"char_mass_kg":0.0,"dry_wood_mass_kg":0.016336281798666922,"external_area_m2":0.0,"moisture_mass_kg":0.0019603538158400307,"oxygen_factor":0.0,"phase":"WET_WOOD","surface_exposure":0.0,"temperature_k":293.15,"volatile_potential_kg":0.012742299802960199,"volume_m3":3.141592653589793e-05},{"ash_mass_kg":0.0,"char_mass_kg":0.0,"dry_wood_mass_kg":0.04900884539600077,"external_area_m2":0.0,"moisture_mass_kg":0.005881061447520092,"oxygen_factor":0.0,"phase":"WET_WOOD","surface_exposure":0.0,"temperature_k":293.15,"volatile_potential_kg":0.038226899408880605,"volume_m3":9.424777960769378e-05},{"ash_mass_kg":0.0,"char_mass_kg":0.0,"dry_wood_mass_kg":0.0816814089933346,"external_area_m2":0.0,"moisture_mass_kg":0.009801769079200152,"oxygen_factor":0.0,"phase":"WET_WOOD","surface_exposure":0.0,"temperature_k":293.15,"volatile_potential_kg":0.063711499014801,"volume_m3":0.00015707963267948963},{"ash_mass_kg":0.0,"char_mass_kg":0.0,"dry_wood_mass_kg":0.11435397259066847,"external_area_m2":0.006283185307179586,"moisture_mass_kg":0.013722476710880217,"oxygen_factor":1.0,"phase":"WET_WOOD","surface_exposure":1.0,"temperature_k":293.15,"volatile_potential_kg":0.0891960986207214,"volume_m3":0.0002199114857512855},{"ash_mass_kg":0.0,"char_mass_kg":0.0,"dry_wood_mass_kg":0.016336281798666922,"external_area_m2":0.0,"moisture_mass_kg":0.0019603538158400307,"oxygen_factor":0.0,"phase":"WET_WOOD","surface_exposure":0.0,"temperature_k":293.15,"volatile_potential_kg":0.012742299802960199,"volume_m3":3.141592653589793e-05},{"ash_mass_kg":0.0,"char_mass_kg":0.0,"dry_wood_mass_kg":0.04900884539600077,"external_area_m2":0.0,"moisture_mass_kg":0.005881061447520092,"oxygen_factor":0.0,"phase":"WET_WOOD","surface_exposure":0.0,"temperature_k":293.15,"volatile_potential_kg":0.038226899408880605,"volume_m3":9.424777960769378e-05},{"ash_mass_kg":0.0,"char_mass_kg":0.0,"dry_wood_mass_kg":0.0816814089933346,"external_area_m2":0.0,"moisture_mass_kg":0.009801769079200152,"oxygen_factor":0.0,"phase":"WET_WOOD","surface_exposure":0.0,"temperature_k":293.15,"volatile_potential_kg":0.063711499014801,"volume_m3":0.00015707963267948963},{"ash_mass_kg":0.0,"char_mass_kg":0.0,"dry_wood_mass_kg":0.11435397259066847,"external_area_m2":0.006283185307179586,"moisture_mass_kg":0.013722476710880217,"oxygen_factor":1.0,"phase":"WET_WOOD","surface_exposure":1.0,"temperature_k":293.15,"volatile_potential_kg":0.0891960986207214,"volume_m3":0.0002199114857512855},{"ash_mass_kg":0.0,"char_mass_kg":0.0,"dry_wood_mass_kg":0.016336281798666922,"external_area_m2":0.0,"moisture_mass_kg":0.0019603538158400307,"oxygen_factor":0.0,"phase":"WET_WOOD","surface_exposure":0.0,"temperature_k":293.15,"volatile_potential_kg":0.012742299802960199,"volume_m3":3.141592653589793e-05},{"ash_mass_kg":0.0,"char_mass_kg":0.0,"dry_wood_mass_kg":0.04900884539600077,"external_area_m2":0.0,"moisture_mass_kg":0.005881061447520092,"oxygen_factor":0.0,"phase":"WET_WOOD","surface_exposure":0.0,"temperature_k":293.15,"volatile_potential_kg":0.038226899408880605,"volume_m3":9.424777960769378e-05},{"ash_mass_kg":0.0,"char_mass_kg":0.0,"dry_wood_mass_kg":0.0816814089933346,"external_area_m2":0.0,"moisture_mass_kg":0.009801769079200152,"oxygen_factor":0.0,"phase":"WET_WOOD","surface_exposure":0.0,"temperature_k":293.15,"volatile_potential_kg":0.063711499014801,"volume_m3":0.00015707963267948963},{"ash_mass_kg":0.0,"char_mass_kg":0.0,"dry_wood_mass_kg":0.11435397259066847,"external_area_m2":0.006283185307179586,"moisture_mass_kg":0.013722476710880217,"oxygen_factor":1.0,"phase":"WET_WOOD","surface_exposure":1.0,"temperature_k":293.15,"volatile_potential_kg":0.0891960986207214,"volume_m3":0.0002199114857512855},{"ash_mass_kg":0.0,"char_mass_kg":0.0,"dry_wood_mass_kg":0.016336281798666922,"external_area_m2":0.0,"moisture_mass_kg":0.0019603538158400307,"oxygen_factor":0.0,"phase":"WET_WOOD","surface_exposure":0.0,"temperature_k":293.15,"volatile_potential_kg":0.012742299802960199,"volume_m3":3.141592653589793e-05},{"ash_mass_kg":0.0,"char_mass_kg":0.0,"dry_wood_mass_kg":0.04900884539600077,"external_area_m2":0.0,"moisture_mass_kg":0.005881061447520092,"oxygen_factor":0.0,"phase":"WET_WOOD","surface_exposure":0.0,"temperature_k":293.15,"volatile_potential_kg":0.038226899408880605,"volume_m3":9.424777960769378e-05},{"ash_mass_kg":0.0,"char_mass_kg":0.0,"dry_wood_mass_kg":0.0816814089933346,"external_area_m2":0.0,"moisture_mass_kg":0.009801769079200152,"oxygen_factor":0.0,"phase":"WET_WOOD","surface_exposure":0.0,"temperature_k":293.15,"volatile_potential_kg":0.063711499014801,"volume_m3":0.00015707963267948963},{"ash_mass_kg":0.0,"char_mass_kg":0.0,"dry_wood_mass_kg":0.11435397259066847,"external_area_m2":0.006283185307179586,"moisture_mass_kg":0.013722476710880217,"oxygen_factor":1.0,"phase":"WET_WOOD","surface_exposure":1.0,"temperature_k":293.15,"volatile_potential_kg":0.0891960986207214,"volume_m3":0.0002199114857512855},{"ash_mass_kg":0.0,"char_mass_kg":0.0,"dry_wood_mass_kg":0.016336281798666922,"external_area_m2":0.0,"moisture_mass_kg":0.0019603538158400307,"oxygen_factor":0.0,"phase":"WET_WOOD","surface_exposure":0.0,"temperature_k":293.15,"volatile_potential_kg":0.012742299802960199,"volume_m3":3.141592653589793e-05},{"ash_mass_kg":0.0,"char_mass_kg":0.0,"dry_wood_mass_kg":0.04900884539600077,"external_area_m2":0.0,"moisture_mass_kg":0.005881061447520092,"oxygen_factor":0.0,"phase":"WET_WOOD","surface_exposure":0.0,"temperature_k":293.15,"volatile_potential_kg":0.038226899408880605,"volume_m3":9.424777960769378e-05},{"ash_mass_kg":0.0,"char_mass_kg":0.0,"dry_wood_mass_kg":0.0816814089933346,"external_area_m2":0.0,"moisture_mass_kg":0.009801769079200152,"oxygen_factor":0.0,"phase":"WET_WOOD","surface_exposure":0.0,"temperature_k":293.15,"volatile_potential_kg":0.063711499014801,"volume_m3":0.00015707963267948963},{"ash_mass_kg":0.0,"char_mass_kg":0.0,"dry_wood_mass_kg":0.11435397259066847,"external_area_m2":0.006283185307179586,"moisture_mass_kg":0.013722476710880217,"oxygen_factor":1.0,"phase":"WET_WOOD","surface_exposure":1.0,"temperature_k":293.15,"volatile_potential_kg":0.0891960986207214,"volume_m3":0.0002199114857512855},{"ash_mass_kg":0.0,"char_mass_kg":0.0,"dry_wood_mass_kg":0.016336281798666922,"external_area_m2":0.0,"moisture_mass_kg":0.0019603538158400307,"oxygen_factor":0.0,"phase":"WET_WOOD","surface_exposure":0.0,"temperature_k":293.15,"volatile_potential_kg":0.012742299802960199,"volume_m3":3.141592653589793e-05},{"ash_mass_kg":0.0,"char_mass_kg":0.0,"dry_wood_mass_kg":0.04900884539600077,"external_area_m2":0.0,"moisture_mass_kg":0.005881061447520092,"oxygen_factor":0.0,"phase":"WET_WOOD","surface_exposure":0.0,"temperature_k":293.15,"volatile_potential_kg":0.038226899408880605,"volume_m3":9.424777960769378e-05},{"ash_mass_kg":0.0,"char_mass_kg":0.0,"dry_wood_mass_kg":0.0816814089933346,"external_area_m2":0.0,"moisture_mass_kg":0.009801769079200152,"oxygen_factor":0.0,"phase":"WET_WOOD","surface_exposure":0.0,"temperature_k":293.15,"volatile_potential_kg":0.063711499014801,"volume_m3":0.00015707963267948963},{"ash_mass_kg":0.0,"char_mass_kg":0.0,"dry_wood_mass_kg":0.11435397259066847,"external_area_m2":0.006283185307179586,"moisture_mass_kg":0.013722476710880217,"oxygen_factor":1.0,"phase":"WET_WOOD","surface_exposure":1.0,"temperature_k":293.15,"volatile_potential_kg":0.0891960986207214,"volume_m3":0.0002199114857512855},{"ash_mass_kg":0.0,"char_mass_kg":0.0,"dry_wood_mass_kg":0.016336281798666922,"external_area_m2":0.0,"moisture_mass_kg":0.0019603538158400307,"oxygen_factor":0.0,"phase":"WET_WOOD","surface_exposure":0.0,"temperature_k":293.15,"volatile_potential_kg":0.012742299802960199,"volume_m3":3.141592653589793e-05},{"ash_mass_kg":0.0,"char_mass_kg":0.0,"dry_wood_mass_kg":0.04900884539600077,"external_area_m2":0.0,"moisture_mass_kg":0.005881061447520092,"oxygen_factor":0.0,"phase":"WET_WOOD","surface_exposure":0.0,"temperature_k":293.15,"volatile_potential_kg":0.038226899408880605,"volume_m3":9.424777960769378e-05},{"ash_mass_kg":0.0,"char_mass_kg":0.0,"dry_wood_mass_kg":0.0816814089933346,"external_area_m2":0.0,"moisture_mass_kg":0.009801769079200152,"oxygen_factor":0.0,"phase":"WET_WOOD","surface_exposure":0.0,"temperature_k":293.15,"volatile_potential_kg":0.063711499014801,"volume_m3":0.00015707963267948963},{"ash_mass_kg":0.0,"char_mass_kg":0.0,"dry_wood_mass_kg":0.11435397259066847,"external_area_m2":0.006283185307179586,"moisture_mass_kg":0.013722476710880217,"oxygen_factor":1.0,"phase":"WET_WOOD","surface_exposure":1.0,"temperature_k":293.15,"volatile_potential_kg":0.0891960986207214,"volume_m3":0.0002199114857512855},{"ash_mass_kg":0.0,"char_mass_kg":0.0,"dry_wood_mass_kg":0.016336281798666922,"external_area_m2":0.0,"moisture_mass_kg":0.0019603538158400307,"oxygen_factor":0.0,"phase":"WET_WOOD","surface_exposure":0.0,"temperature_k":293.15,"volatile_potential_kg":0.012742299802960199,"volume_m3":3.141592653589793e-05},{"ash_mass_kg":0.0,"char_mass_kg":0.0,"dry_wood_mass_kg":0.04900884539600077,"external_area_m2":0.0,"moisture_mass_kg":0.005881061447520092,"oxygen_factor":0.0,"phase":"WET_WOOD","surface_exposure":0.0,"temperature_k":293.15,"volatile_potential_kg":0.038226899408880605,"volume_m3":9.424777960769378e-05},{"ash_mass_kg":0.0,"char_mass_kg":0.0,"dry_wood_mass_kg":0.0816814089933346,"external_area_m2":0.0,"moisture_mass_kg":0.009801769079200152,"oxygen_factor":0.0,"phase":"WET_WOOD","surface_exposure":0.0,"temperature_k":293.15,"volatile_potential_kg":0.063711499014801,"volume_m3":0.00015707963267948963},{"ash_mass_kg":0.0,"char_mass_kg":0.0,"dry_wood_mass_kg":0.11435397259066847,"external_area_m2":0.006283185307179586,"moisture_mass_kg":0.013722476710880217,"oxygen_factor":1.0,"phase":"WET_WOOD","surface_exposure":1.0,"temperature_k":293.15,"volatile_potential_kg":0.0891960986207214,"volume_m3":0.0002199114857512855},{"ash_mass_kg":0.0,"char_mass_kg":0.0,"dry_wood_mass_kg":0.016336281798666922,"external_area_m2":0.0,"moisture_mass_kg":0.0019603538158400307,"oxygen_factor":0.0,"phase":"WET_WOOD","surface_exposure":0.0,"temperature_k":293.15,"volatile_potential_kg":0.012742299802960199,"volume_m3":3.141592653589793e-05},{"ash_mass_kg":0.0,"char_mass_kg":0.0,"dry_wood_mass_kg":0.04900884539600077,"external_area_m2":0.0,"moisture_mass_kg":0.005881061447520092,"oxygen_factor":0.0,"phase":"WET_WOOD","surface_exposure":0.0,"temperature_k":293.15,"volatile_potential_kg":0.038226899408880605,"volume_m3":9.424777960769378e-05},{"ash_mass_kg":0.0,"char_mass_kg":0.0,"dry_wood_mass_kg":0.0816814089933346,"external_area_m2":0.0,"moisture_mass_kg":0.009801769079200152,"oxygen_factor":0.0,"phase":"WET_WOOD","surface_exposure":0.0,"temperature_k":293.15,"volatile_potential_kg":0.063711499014801,"volume_m3":0.00015707963267948963},{"ash_mass_kg":0.0,"char_mass_kg":0.0,"dry_wood_mass_kg":0.11435397259066847,"external_area_m2":0.006283185307179586,"moisture_mass_kg":0.013722476710880217,"oxygen_factor":1.0,"phase":"WET_WOOD","surface_exposure":1.0,"temperature_k":293.15,"volatile_potential_kg":0.0891960986207214,"volume_m3":0.0002199114857512855},{"ash_mass_kg":0.0,"char_mass_kg":0.0,"dry_wood_mass_kg":0.016336281798666922,"external_area_m2":0.0,"moisture_mass_kg":0.0019603538158400307,"oxygen_factor":0.0,"phase":"WET_WOOD","surface_exposure":0.0,"temperature_k":293.15,"volatile_potential_kg":0.012742299802960199,"volume_m3":3.141592653589793e-05},{"ash_mass_kg":0.0,"char_mass_kg":0.0,"dry_wood_mass_kg":0.04900884539600077,"external_area_m2":0.0,"moisture_mass_kg":0.005881061447520092,"oxygen_factor":0.0,"phase":"WET_WOOD","surface_exposure":0.0,"temperature_k":293.15,"volatile_potential_kg":0.038226899408880605,"volume_m3":9.424777960769378e-05},{"ash_mass_kg":0.0,"char_mass_kg":0.0,"dry_wood_mass_kg":0.0816814089933346,"external_area_m2":0.0,"moisture_mass_kg":0.009801769079200152,"oxygen_factor":0.0,"phase":"WET_WOOD","surface_exposure":0.0,"temperature_k":293.15,"volatile_potential_kg":0.063711499014801,"volume_m3":0.00015707963267948963},{"ash_mass_kg":0.0,"char_mass_kg":0.0,"dry_wood_mass_kg":0.11435397259066847,"external_area_m2":0.006283185307179586,"moisture_mass_kg":0.013722476710880217,"oxygen_factor":1.0,"phase":"WET_WOOD","surface_exposure":1.0,"temperature_k":293.15,"volatile_potential_kg":0.0891960986207214,"volume_m3":0.0002199114857512855},{"ash_mass_kg":0.0,"char_mass_kg":0.0,"dry_wood_mass_kg":0.016336281798666922,"external_area_m2":0.0,"moisture_mass_kg":0.0019603538158400307,"oxygen_factor":0.0,"phase":"WET_WOOD","surface_exposure":0.0,"temperature_k":293.15,"volatile_potential_kg":0.012742299802960199,"volume_m3":3.141592653589793e-05},{"ash_mass_kg":0.0,"char_mass_kg":0.0,"dry_wood_mass_kg":0.04900884539600077,"external_area_m2":0.0,"moisture_mass_kg":0.005881061447520092,"oxygen_factor":0.0,"phase":"WET_WOOD","surface_exposure":0.0,"temperature_k":293.15,"volatile_potential_kg":0.038226899408880605,"volume_m3":9.424777960769378e-05},{"ash_mass_kg":0.0,"char_mass_kg":0.0,"dry_wood_mass_kg":0.0816814089933346,"external_area_m2":0.0,"moisture_mass_kg":0.009801769079200152,"oxygen_factor":0.0,"phase":"WET_WOOD","surface_exposure":0.0,"temperature_k":293.15,"volatile_potential_kg":0.063711499014801,"volume_m3":0.00015707963267948963},{"ash_mass_kg":0.0,"char_mass_kg":0.0,"dry_wood_mass_kg":0.11435397259066847,"external_area_m2":0.006283185307179586,"moisture_mass_kg":0.013722476710880217,"oxygen_factor":1.0,"phase":"WET_WOOD","surface_exposure":1.0,"temperature_k":293.15,"volatile_potential_kg":0.0891960986207214,"volume_m3":0.0002199114857512855},{"ash_mass_kg":0.0,"char_mass_kg":0.0,"dry_wood_mass_kg":0.016336281798666922,"external_area_m2":0.0,"moisture_mass_kg":0.0019603538158400307,"oxygen_factor":0.0,"phase":"WET_WOOD","surface_exposure":0.0,"temperature_k":293.15,"volatile_potential_kg":0.012742299802960199,"volume_m3":3.141592653589793e-05},{"ash_mass_kg":0.0,"char_mass_kg":0.0,"dry_wood_mass_kg":0.04900884539600077,"external_area_m2":0.0,"moisture_mass_kg":0.005881061447520092,"oxygen_factor":0.0,"phase":"WET_WOOD","surface_exposure":0.0,"temperature_k":293.15,"volatile_potential_kg":0.038226899408880605,"volume_m3":9.424777960769378e-05},{"ash_mass_kg":0.0,"char_mass_kg":0.0,"dry_wood_mass_kg":0.0816814089933346,"external_area_m2":0.0,"moisture_mass_kg":0.009801769079200152,"oxygen_factor":0.0,"phase":"WET_WOOD","surface_exposure":0.0,"temperature_k":293.15,"volatile_potential_kg":0.063711499014801,"volume_m3":0.00015707963267948963},{"ash_mass_kg":0.0,"char_mass_kg":0.0,"dry_wood_mass_kg":0.11435397259066847,"external_area_m2":0.006283185307179586,"moisture_mass_kg":0.013722476710880217,"oxygen_factor":1.0,"phase":"WET_WOOD","surface_exposure":1.0,"temperature_k":293.15,"volatile_potential_kg":0.0891960986207214,"volume_m3":0.0002199114857512855},{"ash_mass_kg":0.0,"char_mass_kg":0.0,"dry_wood_mass_kg":0.016336281798666922,"external_area_m2":0.0,"moisture_mass_kg":0.0019603538158400307,"oxygen_factor":0.0,"phase":"WET_WOOD","surface_exposure":0.0,"temperature_k":293.15,"volatile_potential_kg":0.012742299802960199,"volume_m3":3.141592653589793e-05},{"ash_mass_kg":0.0,"char_mass_kg":0.0,"dry_wood_mass_kg":0.04900884539600077,"external_area_m2":0.0,"moisture_mass_kg":0.005881061447520092,"oxygen_factor":0.0,"phase":"WET_WOOD","surface_exposure":0.0,"temperature_k":293.15,"volatile_potential_kg":0.038226899408880605,"volume_m3":9.424777960769378e-05},{"ash_mass_kg":0.0,"char_mass_kg":0.0,"dry_wood_mass_kg":0.0816814089933346,"external_area_m2":0.0,"moisture_mass_kg":0.009801769079200152,"oxygen_factor":0.0,"phase":"WET_WOOD","surface_exposure":0.0,"temperature_k":293.15,"volatile_potential_kg":0.063711499014801,"volume_m3":0.00015707963267948963},{"ash_mass_kg":0.0,"char_mass_kg":0.0,"dry_wood_mass_kg":0.11435397259066847,"external_area_m2":0.006283185307179586,"moisture_mass_kg":0.013722476710880217,"oxygen_factor":1.0,"phase":"WET_WOOD","surface_exposure":1.0,"temperature_k":293.15,"volatile_potential_kg":0.0891960986207214,"volume_m3":0.0002199114857512855},{"ash_mass_kg":0.0,"char_mass_kg":0.0,"dry_wood_mass_kg":0.016336281798666922,"external_area_m2":0.0,"moisture_mass_kg":0.0019603538158400307,"oxygen_factor":0.0,"phase":"WET_WOOD","surface_exposure":0.0,"temperature_k":293.15,"volatile_potential_kg":0.012742299802960199,"volume_m3":3.141592653589793e-05},{"ash_mass_kg":0.0,"char_mass_kg":0.0,"dry_wood_mass_kg":0.04900884539600077,"external_area_m2":0.0,"moisture_mass_kg":0.005881061447520092,"oxygen_factor":0.0,"phase":"WET_WOOD","surface_exposure":0.0,"temperature_k":293.15,"volatile_potential_kg":0.038226899408880605,"volume_m3":9.424777960769378e-05},{"ash_mass_kg":0.0,"char_mass_kg":0.0,"dry_wood_mass_kg":0.0816814089933346,"external_area_m2":0.0,"moisture_mass_kg":0.009801769079200152,"oxygen_factor":0.0,"phase":"WET_WOOD","surface_exposure":0.0,"temperature_k":293.15,"volatile_potential_kg":0.063711499014801,"volume_m3":0.00015707963267948963},{"ash_mass_kg":0.0,"char_mass_kg":0.0,"dry_wood_mass_kg":0.11435397259066847,"external_area_m2":0.006283185307179586,"moisture_mass_kg":0.013722476710880217,"oxygen_factor":1.0,"phase":"WET_WOOD","surface_exposure":1.0,"temperature_k":293.15,"volatile_potential_kg":0.0891960986207214,"volume_m3":0.0002199114857512855},{"ash_mass_kg":0.0,"char_mass_kg":0.0,"dry_wood_mass_kg":0.016336281798666922,"external_area_m2":0.0,"moisture_mass_kg":0.0019603538158400307,"oxygen_factor":0.0,"phase":"WET_WOOD","surface_exposure":0.0,"temperature_k":293.15,"volatile_potential_kg":0.012742299802960199,"volume_m3":3.141592653589793e-05},{"ash_mass_kg":0.0,"char_mass_kg":0.0,"dry_wood_mass_kg":0.04900884539600077,"external_area_m2":0.0,"moisture_mass_kg":0.005881061447520092,"oxygen_factor":0.0,"phase":"WET_WOOD","surface_exposure":0.0,"temperature_k":293.15,"volatile_potential_kg":0.038226899408880605,"volume_m3":9.424777960769378e-05},{"ash_mass_kg":0.0,"char_mass_kg":0.0,"dry_wood_mass_kg":0.0816814089933346,"external_area_m2":0.0,"moisture_mass_kg":0.009801769079200152,"oxygen_factor":0.0,"phase":"WET_WOOD","surface_exposure":0.0,"temperature_k":293.15,"volatile_potential_kg":0.063711499014801,"volume_m3":0.00015707963267948963},{"ash_mass_kg":0.0,"char_mass_kg":0.0,"dry_wood_mass_kg":0.11435397259066847,"external_area_m2":0.006283185307179586,"moisture_mass_kg":0.013722476710880217,"oxygen_factor":1.0,"phase":"WET_WOOD","surface_exposure":1.0,"temperature_k":293.15,"volatile_potential_kg":0.0891960986207214,"volume_m3":0.0002199114857512855},{"ash_mass_kg":0.0,"char_mass_kg":0.0,"dry_wood_mass_kg":0.016336281798666922,"external_area_m2":0.0,"moisture_mass_kg":0.0019603538158400307,"oxygen_factor":0.0,"phase":"WET_WOOD","surface_exposure":0.0,"temperature_k":293.15,"volatile_potential_kg":0.012742299802960199,"volume_m3":3.141592653589793e-05},{"ash_mass_kg":0.0,"char_mass_kg":0.0,"dry_wood_mass_kg":0.04900884539600077,"external_area_m2":0.0,"moisture_mass_kg":0.005881061447520092,"oxygen_factor":0.0,"phase":"WET_WOOD","surface_exposure":0.0,"temperature_k":293.15,"volatile_potential_kg":0.038226899408880605,"volume_m3":9.424777960769378e-05},{"ash_mass_kg":0.0,"char_mass_kg":0.0,"dry_wood_mass_kg":0.0816814089933346,"external_area_m2":0.0,"moisture_mass_kg":0.009801769079200152,"oxygen_factor":0.0,"phase":"WET_WOOD","surface_exposure":0.0,"temperature_k":293.15,"volatile_potential_kg":0.063711499014801,"volume_m3":0.00015707963267948963},{"ash_mass_kg":0.0,"char_mass_kg":0.0,"dry_wood_mass_kg":0.11435397259066847,"external_area_m2":0.006283185307179586,"moisture_mass_kg":0.013722476710880217,"oxygen_factor":1.0,"phase":"WET_WOOD","surface_exposure":1.0,"temperature_k":293.15,"volatile_potential_kg":0.0891960986207214,"volume_m3":0.0002199114857512855},{"ash_mass_kg":0.0,"char_mass_kg":0.0,"dry_wood_mass_kg":0.016336281798666922,"external_area_m2":0.0,"moisture_mass_kg":0.0019603538158400307,"oxygen_factor":0.0,"phase":"WET_WOOD","surface_exposure":0.0,"temperature_k":293.15,"volatile_potential_kg":0.012742299802960199,"volume_m3":3.141592653589793e-05},{"ash_mass_kg":0.0,"char_mass_kg":0.0,"dry_wood_mass_kg":0.04900884539600077,"external_area_m2":0.0,"moisture_mass_kg":0.005881061447520092,"oxygen_factor":0.0,"phase":"WET_WOOD","surface_exposure":0.0,"temperature_k":293.15,"volatile_potential_kg":0.038226899408880605,"volume_m3":9.424777960769378e-05},{"ash_mass_kg":0.0,"char_mass_kg":0.0,"dry_wood_mass_kg":0.0816814089933346,"external_area_m2":0.0,"moisture_mass_kg":0.009801769079200152,"oxygen_factor":0.0,"phase":"WET_WOOD","surface_exposure":0.0,"temperature_k":293.15,"volatile_potential_kg":0.063711499014801,"volume_m3":0.00015707963267948963},{"ash_mass_kg":0.0,"char_mass_kg":0.0,"dry_wood_mass_kg":0.11435397259066847,"external_area_m2":0.006283185307179586,"moisture_mass_kg":0.013722476710880217,"oxygen_factor":1.0,"phase":"WET_WOOD","surface_exposure":1.0,"temperature_k":293.15,"volatile_potential_kg":0.0891960986207214,"volume_m3":0.0002199114857512855},{"ash_mass_kg":0.0,"char_mass_kg":0.0,"dry_wood_mass_kg":0.016336281798666922,"external_area_m2":0.0,"moisture_mass_kg":0.0019603538158400307,"oxygen_factor":0.0,"phase":"WET_WOOD","surface_exposure":0.0,"temperature_k":293.15,"volatile_potential_kg":0.012742299802960199,"volume_m3":3.141592653589793e-05},{"ash_mass_kg":0.0,"char_mass_kg":0.0,"dry_wood_mass_kg":0.04900884539600077,"external_area_m2":0.0,"moisture_mass_kg":0.005881061447520092,"oxygen_factor":0.0,"phase":"WET_WOOD","surface_exposure":0.0,"temperature_k":293.15,"volatile_potential_kg":0.038226899408880605,"volume_m3":9.424777960769378e-05},{"ash_mass_kg":0.0,"char_mass_kg":0.0,"dry_wood_mass_kg":0.0816814089933346,"external_area_m2":0.0,"moisture_mass_kg":0.009801769079200152,"oxygen_factor":0.0,"phase":"WET_WOOD","surface_exposure":0.0,"temperature_k":293.15,"volatile_potential_kg":0.063711499014801,"volume_m3":0.00015707963267948963},{"ash_mass_kg":0.0,"char_mass_kg":0.0,"dry_wood_mass_kg":0.11435397259066847,"external_area_m2":0.006283185307179586,"moisture_mass_kg":0.013722476710880217,"oxygen_factor":1.0,"phase":"WET_WOOD","surface_exposure":1.0,"temperature_k":293.15,"volatile_potential_kg":0.0891960986207214,"volume_m3":0.0002199114857512855},{"ash_mass_kg":0.0,"char_mass_kg":0.0,"dry_wood_mass_kg":0.016336281798666922,"external_area_m2":0.0,"moisture_mass_kg":0.0019603538158400307,"oxygen_factor":0.0,"phase":"WET_WOOD","surface_exposure":0.0,"temperature_k":293.15,"volatile_potential_kg":0.012742299802960199,"volume_m3":3.141592653589793e-05},{"ash_mass_kg":0.0,"char_mass_kg":0.0,"dry_wood_mass_kg":0.04900884539600077,"external_area_m2":0.0,"moisture_mass_kg":0.005881061447520092,"oxygen_factor":0.0,"phase":"WET_WOOD","surface_exposure":0.0,"temperature_k":293.15,"volatile_potential_kg":0.038226899408880605,"volume_m3":9.424777960769378e-05},{"ash_mass_kg":0.0,"char_mass_kg":0.0,"dry_wood_mass_kg":0.0816814089933346,"external_area_m2":0.0,"moisture_mass_kg":0.009801769079200152,"oxygen_factor":0.0,"phase":"WET_WOOD","surface_exposure":0.0,"temperature_k":293.15,"volatile_potential_kg":0.063711499014801,"volume_m3":0.00015707963267948963},{"ash_mass_kg":0.0,"char_mass_kg":0.0,"dry_wood_mass_kg":0.11435397259066847,"external_area_m2":0.006283185307179586,"moisture_mass_kg":0.013722476710880217,"oxygen_factor":1.0,"phase":"WET_WOOD","surface_exposure":1.0,"temperature_k":293.15,"volatile_potential_kg":0.0891960986207214,"volume_m3":0.0002199114857512855},{"ash_mass_kg":0.0,"char_mass_kg":0.0,"dry_wood_mass_kg":0.016336281798666922,"external_area_m2":0.0,"moisture_mass_kg":0.0019603538158400307,"oxygen_factor":0.0,"phase":"WET_WOOD","surface_exposure":0.0,"temperature_k":293.15,"volatile_potential_kg":0.012742299802960199,"volume_m3":3.141592653589793e-05},{"ash_mass_kg":0.0,"char_mass_kg":0.0,"dry_wood_mass_kg":0.04900884539600077,"external_area_m2":0.0,"moisture_mass_kg":0.005881061447520092,"oxygen_factor":0.0,"phase":"WET_WOOD","surface_exposure":0.0,"temperature_k":293.15,"volatile_potential_kg":0.038226899408880605,"volume_m3":9.424777960769378e-05},{"ash_mass_kg":0.0,"char_mass_kg":0.0,"dry_wood_mass_kg":0.0816814089933346,"external_area_m2":0.0,"moisture_mass_kg":0.009801769079200152,"oxygen_factor":0.0,"phase":"WET_WOOD","surface_exposure":0.0,"temperature_k":293.15,"volatile_potential_kg":0.063711499014801,"volume_m3":0.00015707963267948963},{"ash_mass_kg":0.0,"char_mass_kg":0.0,"dry_wood_mass_kg":0.11435397259066847,"external_area_m2":0.006283185307179586,"moisture_mass_kg":0.013722476710880217,"oxygen_factor":1.0,"phase":"WET_WOOD","surface_exposure":1.0,"temperature_k":293.15,"volatile_potential_kg":0.0891960986207214,"volume_m3":0.0002199114857512855},{"ash_mass_kg":0.0,"char_mass_kg":0.0,"dry_wood_mass_kg":0.016336281798666922,"external_area_m2":0.0,"moisture_mass_kg":0.0019603538158400307,"oxygen_factor":0.0,"phase":"WET_WOOD","surface_exposure":0.0,"temperature_k":293.15,"volatile_potential_kg":0.012742299802960199,"volume_m3":3.141592653589793e-05},{"ash_mass_kg":0.0,"char_mass_kg":0.0,"dry_wood_mass_kg":0.04900884539600077,"external_area_m2":0.0,"moisture_mass_kg":0.005881061447520092,"oxygen_factor":0.0,"phase":"WET_WOOD","surface_exposure":0.0,"temperature_k":293.15,"volatile_potential_kg":0.038226899408880605,"volume_m3":9.424777960769378e-05},{"ash_mass_kg":0.0,"char_mass_kg":0.0,"dry_wood_mass_kg":0.0816814089933346,"external_area_m2":0.0,"moisture_mass_kg":0.009801769079200152,"oxygen_factor":0.0,"phase":"WET_WOOD","surface_exposure":0.0,"temperature_k":293.15,"volatile_potential_kg":0.063711499014801,"volume_m3":0.00015707963267948963},{"ash_mass_kg":0.0,"char_mass_kg":0.0,"dry_wood_mass_kg":0.11435397259066847,"external_area_m2":0.006283185307179586,"moisture_mass_kg":0.013722476710880217,"oxygen_factor":1.0,"phase":"WET_WOOD","surface_exposure":1.0,"temperature_k":293.15,"volatile_potential_kg":0.0891960986207214,"volume_m3":0.0002199114857512855},{"ash_mass_kg":0.0,"char_mass_kg":0.0,"dry_wood_mass_kg":0.016336281798666922,"external_area_m2":0.0,"moisture_mass_kg":0.0019603538158400307,"oxygen_factor":0.0,"phase":"WET_WOOD","surface_exposure":0.0,"temperature_k":293.15,"volatile_potential_kg":0.012742299802960199,"volume_m3":3.141592653589793e-05},{"ash_mass_kg":0.0,"char_mass_kg":0.0,"dry_wood_mass_kg":0.04900884539600077,"external_area_m2":0.0,"moisture_mass_kg":0.005881061447520092,"oxygen_factor":0.0,"phase":"WET_WOOD","surface_exposure":0.0,"temperature_k":293.15,"volatile_potential_kg":0.038226899408880605,"volume_m3":9.424777960769378e-05},{"ash_mass_kg":0.0,"char_mass_kg":0.0,"dry_wood_mass_kg":0.0816814089933346,"external_area_m2":0.0,"moisture_mass_kg":0.009801769079200152,"oxygen_factor":0.0,"phase":"WET_WOOD","surface_exposure":0.0,"temperature_k":293.15,"volatile_potential_kg":0.063711499014801,"volume_m3":0.00015707963267948963},{"ash_mass_kg":0.0,"char_mass_kg":0.0,"dry_wood_mass_kg":0.11435397259066847,"external_area_m2":0.006283185307179586,"moisture_mass_kg":0.013722476710880217,"oxygen_factor":1.0,"phase":"WET_WOOD","surface_exposure":1.0,"temperature_k":293.15,"volatile_potential_kg":0.0891960986207214,"volume_m3":0.0002199114857512855},{"ash_mass_kg":0.0,"char_mass_kg":0.0,"dry_wood_mass_kg":0.016336281798666922,"external_area_m2":0.0,"moisture_mass_kg":0.0019603538158400307,"oxygen_factor":0.0,"phase":"WET_WOOD","surface_exposure":0.0,"temperature_k":293.15,"volatile_potential_kg":0.012742299802960199,"volume_m3":3.141592653589793e-05},{"ash_mass_kg":0.0,"char_mass_kg":0.0,"dry_wood_mass_kg":0.04900884539600077,"external_area_m2":0.0,"moisture_mass_kg":0.005881061447520092,"oxygen_factor":0.0,"phase":"WET_WOOD","surface_exposure":0.0,"temperature_k":293.15,"volatile_potential_kg":0.038226899408880605,"volume_m3":9.424777960769378e-05},{"ash_mass_kg":0.0,"char_mass_kg":0.0,"dry_wood_mass_kg":0.0816814089933346,"external_area_m2":0.0,"moisture_mass_kg":0.009801769079200152,"oxygen_factor":0.0,"phase":"WET_WOOD","surface_exposure":0.0,"temperature_k":293.15,"volatile_potential_kg":0.063711499014801,"volume_m3":0.00015707963267948963},{"ash_mass_kg":0.0,"char_mass_kg":0.0,"dry_wood_mass_kg":0.11435397259066847,"external_area_m2":0.006283185307179586,"moisture_mass_kg":0.013722476710880217,"oxygen_factor":1.0,"phase":"WET_WOOD","surface_exposure":1.0,"temperature_k":293.15,"volatile_potential_kg":0.0891960986207214,"volume_m3":0.0002199114857512855},{"ash_mass_kg":0.0,"char_mass_kg":0.0,"dry_wood_mass_kg":0.016336281798666922,"external_area_m2":0.0,"moisture_mass_kg":0.0019603538158400307,"oxygen_factor":0.0,"phase":"WET_WOOD","surface_exposure":0.0,"temperature_k":293.15,"volatile_potential_kg":0.012742299802960199,"volume_m3":3.141592653589793e-05},{"ash_mass_kg":0.0,"char_mass_kg":0.0,"dry_wood_mass_kg":0.04900884539600077,"external_area_m2":0.0,"moisture_mass_kg":0.005881061447520092,"oxygen_factor":0.0,"phase":"WET_WOOD","surface_exposure":0.0,"temperature_k":293.15,"volatile_potential_kg":0.038226899408880605,"volume_m3":9.424777960769378e-05},{"ash_mass_kg":0.0,"char_mass_kg":0.0,"dry_wood_mass_kg":0.0816814089933346,"external_area_m2":0.0,"moisture_mass_kg":0.009801769079200152,"oxygen_factor":0.0,"phase":"WET_WOOD","surface_exposure":0.0,"temperature_k":293.15,"volatile_potential_kg":0.063711499014801,"volume_m3":0.00015707963267948963},{"ash_mass_kg":0.0,"char_mass_kg":0.0,"dry_wood_mass_kg":0.11435397259066847,"external_area_m2":0.006283185307179586,"moisture_mass_kg":0.013722476710880217,"oxygen_factor":1.0,"phase":"WET_WOOD","surface_exposure":1.0,"temperature_k":293.15,"volatile_potential_kg":0.0891960986207214,"volume_m3":0.0002199114857512855},{"ash_mass_kg":0.0,"char_mass_kg":0.0,"dry_wood_mass_kg":0.016336281798666922,"external_area_m2":0.0,"moisture_mass_kg":0.0019603538158400307,"oxygen_factor":0.0,"phase":"WET_WOOD","surface_exposure":0.0,"temperature_k":293.15,"volatile_potential_kg":0.012742299802960199,"volume_m3":3.141592653589793e-05},{"ash_mass_kg":0.0,"char_mass_kg":0.0,"dry_wood_mass_kg":0.04900884539600077,"external_area_m2":0.0,"moisture_mass_kg":0.005881061447520092,"oxygen_factor":0.0,"phase":"WET_WOOD","surface_exposure":0.0,"temperature_k":293.15,"volatile_potential_kg":0.038226899408880605,"volume_m3":9.424777960769378e-05},{"ash_mass_kg":0.0,"char_mass_kg":0.0,"dry_wood_mass_kg":0.0816814089933346,"external_area_m2":0.0,"moisture_mass_kg":0.009801769079200152,"oxygen_factor":0.0,"phase":"WET_WOOD","surface_exposure":0.0,"temperature_k":293.15,"volatile_potential_kg":0.063711499014801,"volume_m3":0.00015707963267948963},{"ash_mass_kg":0.0,"char_mass_kg":0.0,"dry_wood_mass_kg":0.11435397259066847,"external_area_m2":0.006283185307179586,"moisture_mass_kg":0.013722476710880217,"oxygen_factor":1.0,"phase":"WET_WOOD","surface_exposure":1.0,"temperature_k":293.15,"volatile_potential_kg":0.0891960986207214,"volume_m3":0.0002199114857512855},{"ash_mass_kg":0.0,"char_mass_kg":0.0,"dry_wood_mass_kg":0.016336281798666922,"external_area_m2":0.0,"moisture_mass_kg":0.0019603538158400307,"oxygen_factor":0.0,"phase":"WET_WOOD","surface_exposure":0.0,"temperature_k":293.15,"volatile_potential_kg":0.012742299802960199,"volume_m3":3.141592653589793e-05},{"ash_mass_kg":0.0,"char_mass_kg":0.0,"dry_wood_mass_kg":0.04900884539600077,"external_area_m2":0.0,"moisture_mass_kg":0.005881061447520092,"oxygen_factor":0.0,"phase":"WET_WOOD","surface_exposure":0.0,"temperature_k":293.15,"volatile_potential_kg":0.038226899408880605,"volume_m3":9.424777960769378e-05},{"ash_mass_kg":0.0,"char_mass_kg":0.0,"dry_wood_mass_kg":0.0816814089933346,"external_area_m2":0.0,"moisture_mass_kg":0.009801769079200152,"oxygen_factor":0.0,"phase":"WET_WOOD","surface_exposure":0.0,"temperature_k":293.15,"volatile_potential_kg":0.063711499014801,"volume_m3":0.00015707963267948963},{"ash_mass_kg":0.0,"char_mass_kg":0.0,"dry_wood_mass_kg":0.11435397259066847,"external_area_m2":0.006283185307179586,"moisture_mass_kg":0.013722476710880217,"oxygen_factor":1.0,"phase":"WET_WOOD","surface_exposure":1.0,"temperature_k":293.15,"volatile_potential_kg":0.0891960986207214,"volume_m3":0.0002199114857512855},{"ash_mass_kg":0.0,"char_mass_kg":0.0,"dry_wood_mass_kg":0.016336281798666922,"external_area_m2":0.0,"moisture_mass_kg":0.0019603538158400307,"oxygen_factor":0.0,"phase":"WET_WOOD","surface_exposure":0.0,"temperature_k":293.15,"volatile_potential_kg":0.012742299802960199,"volume_m3":3.141592653589793e-05},{"ash_mass_kg":0.0,"char_mass_kg":0.0,"dry_wood_mass_kg":0.04900884539600077,"external_area_m2":0.0,"moisture_mass_kg":0.005881061447520092,"oxygen_factor":0.0,"phase":"WET_WOOD","surface_exposure":0.0,"temperature_k":293.15,"volatile_potential_kg":0.038226899408880605,"volume_m3":9.424777960769378e-05},{"ash_mass_kg":0.0,"char_mass_kg":0.0,"dry_wood_mass_kg":0.0816814089933346,"external_area_m2":0.0,"moisture_mass_kg":0.009801769079200152,"oxygen_factor":0.0,"phase":"WET_WOOD","surface_exposure":0.0,"temperature_k":293.15,"volatile_potential_kg":0.063711499014801,"volume_m3":0.00015707963267948963},{"ash_mass_kg":0.0,"char_mass_kg":0.0,"dry_wood_mass_kg":0.11435397259066847,"external_area_m2":0.006283185307179586,"moisture_mass_kg":0.013722476710880217,"oxygen_factor":1.0,"phase":"WET_WOOD","surface_exposure":1.0,"temperature_k":293.15,"volatile_potential_kg":0.0891960986207214,"volume_m3":0.0002199114857512855},{"ash_mass_kg":0.0,"char_mass_kg":0.0,"dry_wood_mass_kg":0.016336281798666922,"external_area_m2":0.0,"moisture_mass_kg":0.0019603538158400307,"oxygen_factor":0.0,"phase":"WET_WOOD","surface_exposure":0.0,"temperature_k":293.15,"volatile_potential_kg":0.012742299802960199,"volume_m3":3.141592653589793e-05},{"ash_mass_kg":0.0,"char_mass_kg":0.0,"dry_wood_mass_kg":0.04900884539600077,"external_area_m2":0.0,"moisture_mass_kg":0.005881061447520092,"oxygen_factor":0.0,"phase":"WET_WOOD","surface_exposure":0.0,"temperature_k":293.15,"volatile_potential_kg":0.038226899408880605,"volume_m3":9.424777960769378e-05},{"ash_mass_kg":0.0,"char_mass_kg":0.0,"dry_wood_mass_kg":0.0816814089933346,"external_area_m2":0.0,"moisture_mass_kg":0.009801769079200152,"oxygen_factor":0.0,"phase":"WET_WOOD","surface_exposure":0.0,"temperature_k":293.15,"volatile_potential_kg":0.063711499014801,"volume_m3":0.00015707963267948963},{"ash_mass_kg":0.0,"char_mass_kg":0.0,"dry_wood_mass_kg":0.11435397259066847,"external_area_m2":0.006283185307179586,"moisture_mass_kg":0.013722476710880217,"oxygen_factor":1.0,"phase":"WET_WOOD","surface_exposure":1.0,"temperature_k":293.15,"volatile_potential_kg":0.0891960986207214,"volume_m3":0.0002199114857512855},{"ash_mass_kg":0.0,"char_mass_kg":0.0,"dry_wood_mass_kg":0.016336281798666922,"external_area_m2":0.0,"moisture_mass_kg":0.0019603538158400307,"oxygen_factor":0.0,"phase":"WET_WOOD","surface_exposure":0.0,"temperature_k":293.15,"volatile_potential_kg":0.012742299802960199,"volume_m3":3.141592653589793e-05},{"ash_mass_kg":0.0,"char_mass_kg":0.0,"dry_wood_mass_kg":0.04900884539600077,"external_area_m2":0.0,"moisture_mass_kg":0.005881061447520092,"oxygen_factor":0.0,"phase":"WET_WOOD","surface_exposure":0.0,"temperature_k":293.15,"volatile_potential_kg":0.038226899408880605,"volume_m3":9.424777960769378e-05},{"ash_mass_kg":0.0,"char_mass_kg":0.0,"dry_wood_mass_kg":0.0816814089933346,"external_area_m2":0.0,"moisture_mass_kg":0.009801769079200152,"oxygen_factor":0.0,"phase":"WET_WOOD","surface_exposure":0.0,"temperature_k":293.15,"volatile_potential_kg":0.063711499014801,"volume_m3":0.00015707963267948963},{"ash_mass_kg":0.0,"char_mass_kg":0.0,"dry_wood_mass_kg":0.11435397259066847,"external_area_m2":0.006283185307179586,"moisture_mass_kg":0.013722476710880217,"oxygen_factor":1.0,"phase":"WET_WOOD","surface_exposure":1.0,"temperature_k":293.15,"volatile_potential_kg":0.0891960986207214,"volume_m3":0.0002199114857512855},{"ash_mass_kg":0.0,"char_mass_kg":0.0,"dry_wood_mass_kg":0.016336281798666922,"external_area_m2":0.0,"moisture_mass_kg":0.0019603538158400307,"oxygen_factor":0.0,"phase":"WET_WOOD","surface_exposure":0.0,"temperature_k":293.15,"volatile_potential_kg":0.012742299802960199,"volume_m3":3.141592653589793e-05},{"ash_mass_kg":0.0,"char_mass_kg":0.0,"dry_wood_mass_kg":0.04900884539600077,"external_area_m2":0.0,"moisture_mass_kg":0.005881061447520092,"oxygen_factor":0.0,"phase":"WET_WOOD","surface_exposure":0.0,"temperature_k":293.15,"volatile_potential_kg":0.038226899408880605,"volume_m3":9.424777960769378e-05},{"ash_mass_kg":0.0,"char_mass_kg":0.0,"dry_wood_mass_kg":0.0816814089933346,"external_area_m2":0.0,"moisture_mass_kg":0.009801769079200152,"oxygen_factor":0.0,"phase":"WET_WOOD","surface_exposure":0.0,"temperature_k":293.15,"volatile_potential_kg":0.063711499014801,"volume_m3":0.00015707963267948963},{"ash_mass_kg":0.0,"char_mass_kg":0.0,"dry_wood_mass_kg":0.11435397259066847,"external_area_m2":0.006283185307179586,"moisture_mass_kg":0.013722476710880217,"oxygen_factor":1.0,"phase":"WET_WOOD","surface_exposure":1.0,"temperature_k":293.15,"volatile_potential_kg":0.0891960986207214,"volume_m3":0.0002199114857512855},{"ash_mass_kg":0.0,"char_mass_kg":0.0,"dry_wood_mass_kg":0.016336281798666922,"external_area_m2":0.0,"moisture_mass_kg":0.0019603538158400307,"oxygen_factor":0.0,"phase":"WET_WOOD","surface_exposure":0.0,"temperature_k":293.15,"volatile_potential_kg":0.012742299802960199,"volume_m3":3.141592653589793e-05},{"ash_mass_kg":0.0,"char_mass_kg":0.0,"dry_wood_mass_kg":0.04900884539600077,"external_area_m2":0.0,"moisture_mass_kg":0.005881061447520092,"oxygen_factor":0.0,"phase":"WET_WOOD","surface_exposure":0.0,"temperature_k":293.15,"volatile_potential_kg":0.038226899408880605,"volume_m3":9.424777960769378e-05},{"ash_mass_kg":0.0,"char_mass_kg":0.0,"dry_wood_mass_kg":0.0816814089933346,"external_area_m2":0.0,"moisture_mass_kg":0.009801769079200152,"oxygen_factor":0.0,"phase":"WET_WOOD","surface_exposure":0.0,"temperature_k":293.15,"volatile_potential_kg":0.063711499014801,"volume_m3":0.00015707963267948963},{"ash_mass_kg":0.0,"char_mass_kg":0.0,"dry_wood_mass_kg":0.11435397259066847,"external_area_m2":0.006283185307179586,"moisture_mass_kg":0.013722476710880217,"oxygen_factor":1.0,"phase":"WET_WOOD","surface_exposure":1.0,"temperature_k":293.15,"volatile_potential_kg":0.0891960986207214,"volume_m3":0.0002199114857512855},{"ash_mass_kg":0.0,"char_mass_kg":0.0,"dry_wood_mass_kg":0.016336281798666922,"external_area_m2":0.0,"moisture_mass_kg":0.0019603538158400307,"oxygen_factor":0.0,"phase":"WET_WOOD","surface_exposure":0.0,"temperature_k":293.15,"volatile_potential_kg":0.012742299802960199,"volume_m3":3.141592653589793e-05},{"ash_mass_kg":0.0,"char_mass_kg":0.0,"dry_wood_mass_kg":0.04900884539600077,"external_area_m2":0.0,"moisture_mass_kg":0.005881061447520092,"oxygen_factor":0.0,"phase":"WET_WOOD","surface_exposure":0.0,"temperature_k":293.15,"volatile_potential_kg":0.038226899408880605,"volume_m3":9.424777960769378e-05},{"ash_mass_kg":0.0,"char_mass_kg":0.0,"dry_wood_mass_kg":0.0816814089933346,"external_area_m2":0.0,"moisture_mass_kg":0.009801769079200152,"oxygen_factor":0.0,"phase":"WET_WOOD","surface_exposure":0.0,"temperature_k":293.15,"volatile_potential_kg":0.063711499014801,"volume_m3":0.00015707963267948963},{"ash_mass_kg":0.0,"char_mass_kg":0.0,"dry_wood_mass_kg":0.11435397259066847,"external_area_m2":0.006283185307179586,"moisture_mass_kg":0.013722476710880217,"oxygen_factor":1.0,"phase":"WET_WOOD","surface_exposure":1.0,"temperature_k":293.15,"volatile_potential_kg":0.0891960986207214,"volume_m3":0.0002199114857512855},{"ash_mass_kg":0.0,"char_mass_kg":0.0,"dry_wood_mass_kg":0.016336281798666922,"external_area_m2":0.0,"moisture_mass_kg":0.0019603538158400307,"oxygen_factor":0.0,"phase":"WET_WOOD","surface_exposure":0.0,"temperature_k":293.15,"volatile_potential_kg":0.012742299802960199,"volume_m3":3.141592653589793e-05},{"ash_mass_kg":0.0,"char_mass_kg":0.0,"dry_wood_mass_kg":0.04900884539600077,"external_area_m2":0.0,"moisture_mass_kg":0.005881061447520092,"oxygen_factor":0.0,"phase":"WET_WOOD","surface_exposure":0.0,"temperature_k":293.15,"volatile_potential_kg":0.038226899408880605,"volume_m3":9.424777960769378e-05},{"ash_mass_kg":0.0,"char_mass_kg":0.0,"dry_wood_mass_kg":0.0816814089933346,"external_area_m2":0.0,"moisture_mass_kg":0.009801769079200152,"oxygen_factor":0.0,"phase":"WET_WOOD","surface_exposure":0.0,"temperature_k":293.15,"volatile_potential_kg":0.063711499014801,"volume_m3":0.00015707963267948963},{"ash_mass_kg":0.0,"char_mass_kg":0.0,"dry_wood_mass_kg":0.11435397259066847,"external_area_m2":0.006283185307179586,"moisture_mass_kg":0.013722476710880217,"oxygen_factor":1.0,"phase":"WET_WOOD","surface_exposure":1.0,"temperature_k":293.15,"volatile_potential_kg":0.0891960986207214,"volume_m3":0.0002199114857512855},{"ash_mass_kg":0.0,"char_mass_kg":0.0,"dry_wood_mass_kg":0.016336281798666922,"external_area_m2":0.0,"moisture_mass_kg":0.0019603538158400307,"oxygen_factor":0.0,"phase":"WET_WOOD","surface_exposure":0.0,"temperature_k":293.15,"volatile_potential_kg":0.012742299802960199,"volume_m3":3.141592653589793e-05},{"ash_mass_kg":0.0,"char_mass_kg":0.0,"dry_wood_mass_kg":0.04900884539600077,"external_area_m2":0.0,"moisture_mass_kg":0.005881061447520092,"oxygen_factor":0.0,"phase":"WET_WOOD","surface_exposure":0.0,"temperature_k":293.15,"volatile_potential_kg":0.038226899408880605,"volume_m3":9.424777960769378e-05},{"ash_mass_kg":0.0,"char_mass_kg":0.0,"dry_wood_mass_kg":0.0816814089933346,"external_area_m2":0.0,"moisture_mass_kg":0.009801769079200152,"oxygen_factor":0.0,"phase":"WET_WOOD","surface_exposure":0.0,"temperature_k":293.15,"volatile_potential_kg":0.063711499014801,"volume_m3":0.00015707963267948963},{"ash_mass_kg":0.0,"char_mass_kg":0.0,"dry_wood_mass_kg":0.11435397259066847,"external_area_m2":0.006283185307179586,"moisture_mass_kg":0.013722476710880217,"oxygen_factor":1.0,"phase":"WET_WOOD","surface_exposure":1.0,"temperature_k":293.15,"volatile_potential_kg":0.0891960986207214,"volume_m3":0.0002199114857512855},{"ash_mass_kg":0.0,"char_mass_kg":0.0,"dry_wood_mass_kg":0.016336281798666922,"external_area_m2":0.0,"moisture_mass_kg":0.0019603538158400307,"oxygen_factor":0.0,"phase":"WET_WOOD","surface_exposure":0.0,"temperature_k":293.15,"volatile_potential_kg":0.012742299802960199,"volume_m3":3.141592653589793e-05},{"ash_mass_kg":0.0,"char_mass_kg":0.0,"dry_wood_mass_kg":0.04900884539600077,"external_area_m2":0.0,"moisture_mass_kg":0.005881061447520092,"oxygen_factor":0.0,"phase":"WET_WOOD","surface_exposure":0.0,"temperature_k":293.15,"volatile_potential_kg":0.038226899408880605,"volume_m3":9.424777960769378e-05},{"ash_mass_kg":0.0,"char_mass_kg":0.0,"dry_wood_mass_kg":0.0816814089933346,"external_area_m2":0.0,"moisture_mass_kg":0.009801769079200152,"oxygen_factor":0.0,"phase":"WET_WOOD","surface_exposure":0.0,"temperature_k":293.15,"volatile_potential_kg":0.063711499014801,"volume_m3":0.00015707963267948963},{"ash_mass_kg":0.0,"char_mass_kg":0.0,"dry_wood_mass_kg":0.11435397259066847,"external_area_m2":0.006283185307179586,"moisture_mass_kg":0.013722476710880217,"oxygen_factor":1.0,"phase":"WET_WOOD","surface_exposure":1.0,"temperature_k":293.15,"volatile_potential_kg":0.0891960986207214,"volume_m3":0.0002199114857512855},{"ash_mass_kg":0.0,"char_mass_kg":0.0,"dry_wood_mass_kg":0.016336281798666922,"external_area_m2":0.0,"moisture_mass_kg":0.0019603538158400307,"oxygen_factor":0.0,"phase":"WET_WOOD","surface_exposure":0.0,"temperature_k":293.15,"volatile_potential_kg":0.012742299802960199,"volume_m3":3.141592653589793e-05},{"ash_mass_kg":0.0,"char_mass_kg":0.0,"dry_wood_mass_kg":0.04900884539600077,"external_area_m2":0.0,"moisture_mass_kg":0.005881061447520092,"oxygen_factor":0.0,"phase":"WET_WOOD","surface_exposure":0.0,"temperature_k":293.15,"volatile_potential_kg":0.038226899408880605,"volume_m3":9.424777960769378e-05},{"ash_mass_kg":0.0,"char_mass_kg":0.0,"dry_wood_mass_kg":0.0816814089933346,"external_area_m2":0.0,"moisture_mass_kg":0.009801769079200152,"oxygen_factor":0.0,"phase":"WET_WOOD","surface_exposure":0.0,"temperature_k":293.15,"volatile_potential_kg":0.063711499014801,"volume_m3":0.00015707963267948963},{"ash_mass_kg":0.0,"char_mass_kg":0.0,"dry_wood_mass_kg":0.11435397259066847,"external_area_m2":0.006283185307179586,"moisture_mass_kg":0.013722476710880217,"oxygen_factor":1.0,"phase":"WET_WOOD","surface_exposure":1.0,"temperature_k":293.15,"volatile_potential_kg":0.0891960986207214,"volume_m3":0.0002199114857512855},{"ash_mass_kg":0.0,"char_mass_kg":0.0,"dry_wood_mass_kg":0.016336281798666922,"external_area_m2":0.0,"moisture_mass_kg":0.0019603538158400307,"oxygen_factor":0.0,"phase":"WET_WOOD","surface_exposure":0.0,"temperature_k":293.15,"volatile_potential_kg":0.012742299802960199,"volume_m3":3.141592653589793e-05},{"ash_mass_kg":0.0,"char_mass_kg":0.0,"dry_wood_mass_kg":0.04900884539600077,"external_area_m2":0.0,"moisture_mass_kg":0.005881061447520092,"oxygen_factor":0.0,"phase":"WET_WOOD","surface_exposure":0.0,"temperature_k":293.15,"volatile_potential_kg":0.038226899408880605,"volume_m3":9.424777960769378e-05},{"ash_mass_kg":0.0,"char_mass_kg":0.0,"dry_wood_mass_kg":0.0816814089933346,"external_area_m2":0.0,"moisture_mass_kg":0.009801769079200152,"oxygen_factor":0.0,"phase":"WET_WOOD","surface_exposure":0.0,"temperature_k":293.15,"volatile_potential_kg":0.063711499014801,"volume_m3":0.00015707963267948963},{"ash_mass_kg":0.0,"char_mass_kg":0.0,"dry_wood_mass_kg":0.11435397259066847,"external_area_m2":0.006283185307179586,"moisture_mass_kg":0.013722476710880217,"oxygen_factor":1.0,"phase":"WET_WOOD","surface_exposure":1.0,"temperature_k":293.15,"volatile_potential_kg":0.0891960986207214,"volume_m3":0.0002199114857512855},{"ash_mass_kg":0.0,"char_mass_kg":0.0,"dry_wood_mass_kg":0.016336281798666922,"external_area_m2":0.0,"moisture_mass_kg":0.0019603538158400307,"oxygen_factor":0.0,"phase":"WET_WOOD","surface_exposure":0.0,"temperature_k":293.15,"volatile_potential_kg":0.012742299802960199,"volume_m3":3.141592653589793e-05},{"ash_mass_kg":0.0,"char_mass_kg":0.0,"dry_wood_mass_kg":0.04900884539600077,"external_area_m2":0.0,"moisture_mass_kg":0.005881061447520092,"oxygen_factor":0.0,"phase":"WET_WOOD","surface_exposure":0.0,"temperature_k":293.15,"volatile_potential_kg":0.038226899408880605,"volume_m3":9.424777960769378e-05},{"ash_mass_kg":0.0,"char_mass_kg":0.0,"dry_wood_mass_kg":0.0816814089933346,"external_area_m2":0.0,"moisture_mass_kg":0.009801769079200152,"oxygen_factor":0.0,"phase":"WET_WOOD","surface_exposure":0.0,"temperature_k":293.15,"volatile_potential_kg":0.063711499014801,"volume_m3":0.00015707963267948963},{"ash_mass_kg":0.0,"char_mass_kg":0.0,"dry_wood_mass_kg":0.11435397259066847,"external_area_m2":0.006283185307179586,"moisture_mass_kg":0.013722476710880217,"oxygen_factor":1.0,"phase":"WET_WOOD","surface_exposure":1.0,"temperature_k":293.15,"volatile_potential_kg":0.0891960986207214,"volume_m3":0.0002199114857512855},{"ash_mass_kg":0.0,"char_mass_kg":0.0,"dry_wood_mass_kg":0.016336281798666922,"external_area_m2":0.0,"moisture_mass_kg":0.0019603538158400307,"oxygen_factor":0.0,"phase":"WET_WOOD","surface_exposure":0.0,"temperature_k":293.15,"volatile_potential_kg":0.012742299802960199,"volume_m3":3.141592653589793e-05},{"ash_mass_kg":0.0,"char_mass_kg":0.0,"dry_wood_mass_kg":0.04900884539600077,"external_area_m2":0.0,"moisture_mass_kg":0.005881061447520092,"oxygen_factor":0.0,"phase":"WET_WOOD","surface_exposure":0.0,"temperature_k":293.15,"volatile_potential_kg":0.038226899408880605,"volume_m3":9.424777960769378e-05},{"ash_mass_kg":0.0,"char_mass_kg":0.0,"dry_wood_mass_kg":0.0816814089933346,"external_area_m2":0.0,"moisture_mass_kg":0.009801769079200152,"oxygen_factor":0.0,"phase":"WET_WOOD","surface_exposure":0.0,"temperature_k":293.15,"volatile_potential_kg":0.063711499014801,"volume_m3":0.00015707963267948963},{"ash_mass_kg":0.0,"char_mass_kg":0.0,"dry_wood_mass_kg":0.11435397259066847,"external_area_m2":0.006283185307179586,"moisture_mass_kg":0.013722476710880217,"oxygen_factor":1.0,"phase":"WET_WOOD","surface_exposure":1.0,"temperature_k":293.15,"volatile_potential_kg":0.0891960986207214,"volume_m3":0.0002199114857512855},{"ash_mass_kg":0.0,"char_mass_kg":0.0,"dry_wood_mass_kg":0.016336281798666922,"external_area_m2":0.0,"moisture_mass_kg":0.0019603538158400307,"oxygen_factor":0.0,"phase":"WET_WOOD","surface_exposure":0.0,"temperature_k":293.15,"volatile_potential_kg":0.012742299802960199,"volume_m3":3.141592653589793e-05},{"ash_mass_kg":0.0,"char_mass_kg":0.0,"dry_wood_mass_kg":0.04900884539600077,"external_area_m2":0.0,"moisture_mass_kg":0.005881061447520092,"oxygen_factor":0.0,"phase":"WET_WOOD","surface_exposure":0.0,"temperature_k":293.15,"volatile_potential_kg":0.038226899408880605,"volume_m3":9.424777960769378e-05},{"ash_mass_kg":0.0,"char_mass_kg":0.0,"dry_wood_mass_kg":0.0816814089933346,"external_area_m2":0.0,"moisture_mass_kg":0.009801769079200152,"oxygen_factor":0.0,"phase":"WET_WOOD","surface_exposure":0.0,"temperature_k":293.15,"volatile_potential_kg":0.063711499014801,"volume_m3":0.00015707963267948963},{"ash_mass_kg":0.0,"char_mass_kg":0.0,"dry_wood_mass_kg":0.11435397259066847,"external_area_m2":0.006283185307179586,"moisture_mass_kg":0.013722476710880217,"oxygen_factor":1.0,"phase":"WET_WOOD","surface_exposure":1.0,"temperature_k":293.15,"volatile_potential_kg":0.0891960986207214,"volume_m3":0.0002199114857512855},{"ash_mass_kg":0.0,"char_mass_kg":0.0,"dry_wood_mass_kg":0.016336281798666922,"external_area_m2":0.0,"moisture_mass_kg":0.0019603538158400307,"oxygen_factor":0.0,"phase":"WET_WOOD","surface_exposure":0.0,"temperature_k":293.15,"volatile_potential_kg":0.012742299802960199,"volume_m3":3.141592653589793e-05},{"ash_mass_kg":0.0,"char_mass_kg":0.0,"dry_wood_mass_kg":0.04900884539600077,"external_area_m2":0.0,"moisture_mass_kg":0.005881061447520092,"oxygen_factor":0.0,"phase":"WET_WOOD","surface_exposure":0.0,"temperature_k":293.15,"volatile_potential_kg":0.038226899408880605,"volume_m3":9.424777960769378e-05},{"ash_mass_kg":0.0,"char_mass_kg":0.0,"dry_wood_mass_kg":0.0816814089933346,"external_area_m2":0.0,"moisture_mass_kg":0.009801769079200152,"oxygen_factor":0.0,"phase":"WET_WOOD","surface_exposure":0.0,"temperature_k":293.15,"volatile_potential_kg":0.063711499014801,"volume_m3":0.00015707963267948963},{"ash_mass_kg":0.0,"char_mass_kg":0.0,"dry_wood_mass_kg":0.11435397259066847,"external_area_m2":0.006283185307179586,"moisture_mass_kg":0.013722476710880217,"oxygen_factor":1.0,"phase":"WET_WOOD","surface_exposure":1.0,"temperature_k":293.15,"volatile_potential_kg":0.0891960986207214,"volume_m3":0.0002199114857512855},{"ash_mass_kg":0.0,"char_mass_kg":0.0,"dry_wood_mass_kg":0.016336281798666922,"external_area_m2":0.0,"moisture_mass_kg":0.0019603538158400307,"oxygen_factor":0.0,"phase":"WET_WOOD","surface_exposure":0.0,"temperature_k":293.15,"volatile_potential_kg":0.012742299802960199,"volume_m3":3.141592653589793e-05},{"ash_mass_kg":0.0,"char_mass_kg":0.0,"dry_wood_mass_kg":0.04900884539600077,"external_area_m2":0.0,"moisture_mass_kg":0.005881061447520092,"oxygen_factor":0.0,"phase":"WET_WOOD","surface_exposure":0.0,"temperature_k":293.15,"volatile_potential_kg":0.038226899408880605,"volume_m3":9.424777960769378e-05},{"ash_mass_kg":0.0,"char_mass_kg":0.0,"dry_wood_mass_kg":0.0816814089933346,"external_area_m2":0.0,"moisture_mass_kg":0.009801769079200152,"oxygen_factor":0.0,"phase":"WET_WOOD","surface_exposure":0.0,"temperature_k":293.15,"volatile_potential_kg":0.063711499014801,"volume_m3":0.00015707963267948963},{"ash_mass_kg":0.0,"char_mass_kg":0.0,"dry_wood_mass_kg":0.11435397259066847,"external_area_m2":0.006283185307179586,"moisture_mass_kg":0.013722476710880217,"oxygen_factor":1.0,"phase":"WET_WOOD","surface_exposure":1.0,"temperature_k":293.15,"volatile_potential_kg":0.0891960986207214,"volume_m3":0.0002199114857512855},{"ash_mass_kg":0.0,"char_mass_kg":0.0,"dry_wood_mass_kg":0.016336281798666922,"external_area_m2":0.0,"moisture_mass_kg":0.0019603538158400307,"oxygen_factor":0.0,"phase":"WET_WOOD","surface_exposure":0.0,"temperature_k":293.15,"volatile_potential_kg":0.012742299802960199,"volume_m3":3.141592653589793e-05},{"ash_mass_kg":0.0,"char_mass_kg":0.0,"dry_wood_mass_kg":0.04900884539600077,"external_area_m2":0.0,"moisture_mass_kg":0.005881061447520092,"oxygen_factor":0.0,"phase":"WET_WOOD","surface_exposure":0.0,"temperature_k":293.15,"volatile_potential_kg":0.038226899408880605,"volume_m3":9.424777960769378e-05},{"ash_mass_kg":0.0,"char_mass_kg":0.0,"dry_wood_mass_kg":0.0816814089933346,"external_area_m2":0.0,"moisture_mass_kg":0.009801769079200152,"oxygen_factor":0.0,"phase":"WET_WOOD","surface_exposure":0.0,"temperature_k":293.15,"volatile_potential_kg":0.063711499014801,"volume_m3":0.00015707963267948963},{"ash_mass_kg":0.0,"char_mass_kg":0.0,"dry_wood_mass_kg":0.11435397259066847,"external_area_m2":0.006283185307179586,"moisture_mass_kg":0.013722476710880217,"oxygen_factor":1.0,"phase":"WET_WOOD","surface_exposure":1.0,"temperature_k":293.15,"volatile_potential_kg":0.0891960986207214,"volume_m3":0.0002199114857512855},{"ash_mass_kg":0.0,"char_mass_kg":0.0,"dry_wood_mass_kg":0.016336281798666922,"external_area_m2":0.0,"moisture_mass_kg":0.0019603538158400307,"oxygen_factor":0.0,"phase":"WET_WOOD","surface_exposure":0.0,"temperature_k":293.15,"volatile_potential_kg":0.012742299802960199,"volume_m3":3.141592653589793e-05},{"ash_mass_kg":0.0,"char_mass_kg":0.0,"dry_wood_mass_kg":0.04900884539600077,"external_area_m2":0.0,"moisture_mass_kg":0.005881061447520092,"oxygen_factor":0.0,"phase":"WET_WOOD","surface_exposure":0.0,"temperature_k":293.15,"volatile_potential_kg":0.038226899408880605,"volume_m3":9.424777960769378e-05},{"ash_mass_kg":0.0,"char_mass_kg":0.0,"dry_wood_mass_kg":0.0816814089933346,"external_area_m2":0.0,"moisture_mass_kg":0.009801769079200152,"oxygen_factor":0.0,"phase":"WET_WOOD","surface_exposure":0.0,"temperature_k":293.15,"volatile_potential_kg":0.063711499014801,"volume_m3":0.00015707963267948963},{"ash_mass_kg":0.0,"char_mass_kg":0.0,"dry_wood_mass_kg":0.11435397259066847,"external_area_m2":0.006283185307179586,"moisture_mass_kg":0.013722476710880217,"oxygen_factor":1.0,"phase":"WET_WOOD","surface_exposure":1.0,"temperature_k":293.15,"volatile_potential_kg":0.0891960986207214,"volume_m3":0.0002199114857512855},{"ash_mass_kg":0.0,"char_mass_kg":0.0,"dry_wood_mass_kg":0.016336281798666922,"external_area_m2":0.0,"moisture_mass_kg":0.0019603538158400307,"oxygen_factor":0.0,"phase":"WET_WOOD","surface_exposure":0.0,"temperature_k":293.15,"volatile_potential_kg":0.012742299802960199,"volume_m3":3.141592653589793e-05},{"ash_mass_kg":0.0,"char_mass_kg":0.0,"dry_wood_mass_kg":0.04900884539600077,"external_area_m2":0.0,"moisture_mass_kg":0.005881061447520092,"oxygen_factor":0.0,"phase":"WET_WOOD","surface_exposure":0.0,"temperature_k":293.15,"volatile_potential_kg":0.038226899408880605,"volume_m3":9.424777960769378e-05},{"ash_mass_kg":0.0,"char_mass_kg":0.0,"dry_wood_mass_kg":0.0816814089933346,"external_area_m2":0.0,"moisture_mass_kg":0.009801769079200152,"oxygen_factor":0.0,"phase":"WET_WOOD","surface_exposure":0.0,"temperature_k":293.15,"volatile_potential_kg":0.063711499014801,"volume_m3":0.00015707963267948963},{"ash_mass_kg":0.0,"char_mass_kg":0.0,"dry_wood_mass_kg":0.11435397259066847,"external_area_m2":0.006283185307179586,"moisture_mass_kg":0.013722476710880217,"oxygen_factor":1.0,"phase":"WET_WOOD","surface_exposure":1.0,"temperature_k":293.15,"volatile_potential_kg":0.0891960986207214,"volume_m3":0.0002199114857512855},{"ash_mass_kg":0.0,"char_mass_kg":0.0,"dry_wood_mass_kg":0.016336281798666922,"external_area_m2":0.0,"moisture_mass_kg":0.0019603538158400307,"oxygen_factor":0.0,"phase":"WET_WOOD","surface_exposure":0.0,"temperature_k":293.15,"volatile_potential_kg":0.012742299802960199,"volume_m3":3.141592653589793e-05},{"ash_mass_kg":0.0,"char_mass_kg":0.0,"dry_wood_mass_kg":0.04900884539600077,"external_area_m2":0.0,"moisture_mass_kg":0.005881061447520092,"oxygen_factor":0.0,"phase":"WET_WOOD","surface_exposure":0.0,"temperature_k":293.15,"volatile_potential_kg":0.038226899408880605,"volume_m3":9.424777960769378e-05},{"ash_mass_kg":0.0,"char_mass_kg":0.0,"dry_wood_mass_kg":0.0816814089933346,"external_area_m2":0.0,"moisture_mass_kg":0.009801769079200152,"oxygen_factor":0.0,"phase":"WET_WOOD","surface_exposure":0.0,"temperature_k":293.15,"volatile_potential_kg":0.063711499014801,"volume_m3":0.00015707963267948963},{"ash_mass_kg":0.0,"char_mass_kg":0.0,"dry_wood_mass_kg":0.11435397259066847,"external_area_m2":0.006283185307179586,"moisture_mass_kg":0.013722476710880217,"oxygen_factor":1.0,"phase":"WET_WOOD","surface_exposure":1.0,"temperature_k":293.15,"volatile_potential_kg":0.0891960986207214,"volume_m3":0.0002199114857512855},{"ash_mass_kg":0.0,"char_mass_kg":0.0,"dry_wood_mass_kg":0.016336281798666922,"external_area_m2":0.0,"moisture_mass_kg":0.0019603538158400307,"oxygen_factor":0.0,"phase":"WET_WOOD","surface_exposure":0.0,"temperature_k":293.15,"volatile_potential_kg":0.012742299802960199,"volume_m3":3.141592653589793e-05},{"ash_mass_kg":0.0,"char_mass_kg":0.0,"dry_wood_mass_kg":0.04900884539600077,"external_area_m2":0.0,"moisture_mass_kg":0.005881061447520092,"oxygen_factor":0.0,"phase":"WET_WOOD","surface_exposure":0.0,"temperature_k":293.15,"volatile_potential_kg":0.038226899408880605,"volume_m3":9.424777960769378e-05},{"ash_mass_kg":0.0,"char_mass_kg":0.0,"dry_wood_mass_kg":0.0816814089933346,"external_area_m2":0.0,"moisture_mass_kg":0.009801769079200152,"oxygen_factor":0.0,"phase":"WET_WOOD","surface_exposure":0.0,"temperature_k":293.15,"volatile_potential_kg":0.063711499014801,"volume_m3":0.00015707963267948963},{"ash_mass_kg":0.0,"char_mass_kg":0.0,"dry_wood_mass_kg":0.11435397259066847,"external_area_m2":0.006283185307179586,"moisture_mass_kg":0.013722476710880217,"oxygen_factor":1.0,"phase":"WET_WOOD","surface_exposure":1.0,"temperature_k":293.15,"volatile_potential_kg":0.0891960986207214,"volume_m3":0.0002199114857512855},{"ash_mass_kg":0.0,"char_mass_kg":0.0,"dry_wood_mass_kg":0.016336281798666922,"external_area_m2":0.0,"moisture_mass_kg":0.0019603538158400307,"oxygen_factor":0.0,"phase":"WET_WOOD","surface_exposure":0.0,"temperature_k":293.15,"volatile_potential_kg":0.012742299802960199,"volume_m3":3.141592653589793e-05},{"ash_mass_kg":0.0,"char_mass_kg":0.0,"dry_wood_mass_kg":0.04900884539600077,"external_area_m2":0.0,"moisture_mass_kg":0.005881061447520092,"oxygen_factor":0.0,"phase":"WET_WOOD","surface_exposure":0.0,"temperature_k":293.15,"volatile_potential_kg":0.038226899408880605,"volume_m3":9.424777960769378e-05},{"ash_mass_kg":0.0,"char_mass_kg":0.0,"dry_wood_mass_kg":0.0816814089933346,"external_area_m2":0.0,"moisture_mass_kg":0.009801769079200152,"oxygen_factor":0.0,"phase":"WET_WOOD","surface_exposure":0.0,"temperature_k":293.15,"volatile_potential_kg":0.063711499014801,"volume_m3":0.00015707963267948963},{"ash_mass_kg":0.0,"char_mass_kg":0.0,"dry_wood_mass_kg":0.11435397259066847,"external_area_m2":0.006283185307179586,"moisture_mass_kg":0.013722476710880217,"oxygen_factor":1.0,"phase":"WET_WOOD","surface_exposure":1.0,"temperature_k":293.15,"volatile_potential_kg":0.0891960986207214,"volume_m3":0.0002199114857512855},{"ash_mass_kg":0.0,"char_mass_kg":0.0,"dry_wood_mass_kg":0.016336281798666922,"external_area_m2":0.0,"moisture_mass_kg":0.0019603538158400307,"oxygen_factor":0.0,"phase":"WET_WOOD","surface_exposure":0.0,"temperature_k":293.15,"volatile_potential_kg":0.012742299802960199,"volume_m3":3.141592653589793e-05},{"ash_mass_kg":0.0,"char_mass_kg":0.0,"dry_wood_mass_kg":0.04900884539600077,"external_area_m2":0.0,"moisture_mass_kg":0.005881061447520092,"oxygen_factor":0.0,"phase":"WET_WOOD","surface_exposure":0.0,"temperature_k":293.15,"volatile_potential_kg":0.038226899408880605,"volume_m3":9.424777960769378e-05},{"ash_mass_kg":0.0,"char_mass_kg":0.0,"dry_wood_mass_kg":0.0816814089933346,"external_area_m2":0.0,"moisture_mass_kg":0.009801769079200152,"oxygen_factor":0.0,"phase":"WET_WOOD","surface_exposure":0.0,"temperature_k":293.15,"volatile_potential_kg":0.063711499014801,"volume_m3":0.00015707963267948963},{"ash_mass_kg":0.0,"char_mass_kg":0.0,"dry_wood_mass_kg":0.11435397259066847,"external_area_m2":0.006283185307179586,"moisture_mass_kg":0.013722476710880217,"oxygen_factor":1.0,"phase":"WET_WOOD","surface_exposure":1.0,"temperature_k":293.15,"volatile_potential_kg":0.0891960986207214,"volume_m3":0.0002199114857512855},{"ash_mass_kg":0.0,"char_mass_kg":0.0,"dry_wood_mass_kg":0.016336281798666922,"external_area_m2":0.0,"moisture_mass_kg":0.0019603538158400307,"oxygen_factor":0.0,"phase":"WET_WOOD","surface_exposure":0.0,"temperature_k":293.15,"volatile_potential_kg":0.012742299802960199,"volume_m3":3.141592653589793e-05},{"ash_mass_kg":0.0,"char_mass_kg":0.0,"dry_wood_mass_kg":0.04900884539600077,"external_area_m2":0.0,"moisture_mass_kg":0.005881061447520092,"oxygen_factor":0.0,"phase":"WET_WOOD","surface_exposure":0.0,"temperature_k":293.15,"volatile_potential_kg":0.038226899408880605,"volume_m3":9.424777960769378e-05},{"ash_mass_kg":0.0,"char_mass_kg":0.0,"dry_wood_mass_kg":0.0816814089933346,"external_area_m2":0.0,"moisture_mass_kg":0.009801769079200152,"oxygen_factor":0.0,"phase":"WET_WOOD","surface_exposure":0.0,"temperature_k":293.15,"volatile_potential_kg":0.063711499014801,"volume_m3":0.00015707963267948963},{"ash_mass_kg":0.0,"char_mass_kg":0.0,"dry_wood_mass_kg":0.11435397259066847,"external_area_m2":0.006283185307179586,"moisture_mass_kg":0.013722476710880217,"oxygen_factor":1.0,"phase":"WET_WOOD","surface_exposure":1.0,"temperature_k":293.15,"volatile_potential_kg":0.0891960986207214,"volume_m3":0.0002199114857512855},{"ash_mass_kg":0.0,"char_mass_kg":0.0,"dry_wood_mass_kg":0.016336281798666922,"external_area_m2":0.0,"moisture_mass_kg":0.0019603538158400307,"oxygen_factor":0.0,"phase":"WET_WOOD","surface_exposure":0.0,"temperature_k":293.15,"volatile_potential_kg":0.012742299802960199,"volume_m3":3.141592653589793e-05},{"ash_mass_kg":0.0,"char_mass_kg":0.0,"dry_wood_mass_kg":0.04900884539600077,"external_area_m2":0.0,"moisture_mass_kg":0.005881061447520092,"oxygen_factor":0.0,"phase":"WET_WOOD","surface_exposure":0.0,"temperature_k":293.15,"volatile_potential_kg":0.038226899408880605,"volume_m3":9.424777960769378e-05},{"ash_mass_kg":0.0,"char_mass_kg":0.0,"dry_wood_mass_kg":0.0816814089933346,"external_area_m2":0.0,"moisture_mass_kg":0.009801769079200152,"oxygen_factor":0.0,"phase":"WET_WOOD","surface_exposure":0.0,"temperature_k":293.15,"volatile_potential_kg":0.063711499014801,"volume_m3":0.00015707963267948963},{"ash_mass_kg":0.0,"char_mass_kg":0.0,"dry_wood_mass_kg":0.11435397259066847,"external_area_m2":0.006283185307179586,"moisture_mass_kg":0.013722476710880217,"oxygen_factor":1.0,"phase":"WET_WOOD","surface_exposure":1.0,"temperature_k":293.15,"volatile_potential_kg":0.0891960986207214,"volume_m3":0.0002199114857512855},{"ash_mass_kg":0.0,"char_mass_kg":0.0,"dry_wood_mass_kg":0.016336281798666922,"external_area_m2":0.0,"moisture_mass_kg":0.0019603538158400307,"oxygen_factor":0.0,"phase":"WET_WOOD","surface_exposure":0.0,"temperature_k":293.15,"volatile_potential_kg":0.012742299802960199,"volume_m3":3.141592653589793e-05},{"ash_mass_kg":0.0,"char_mass_kg":0.0,"dry_wood_mass_kg":0.04900884539600077,"external_area_m2":0.0,"moisture_mass_kg":0.005881061447520092,"oxygen_factor":0.0,"phase":"WET_WOOD","surface_exposure":0.0,"temperature_k":293.15,"volatile_potential_kg":0.038226899408880605,"volume_m3":9.424777960769378e-05},{"ash_mass_kg":0.0,"char_mass_kg":0.0,"dry_wood_mass_kg":0.0816814089933346,"external_area_m2":0.0,"moisture_mass_kg":0.009801769079200152,"oxygen_factor":0.0,"phase":"WET_WOOD","surface_exposure":0.0,"temperature_k":293.15,"volatile_potential_kg":0.063711499014801,"volume_m3":0.00015707963267948963},{"ash_mass_kg":0.0,"char_mass_kg":0.0,"dry_wood_mass_kg":0.11435397259066847,"external_area_m2":0.006283185307179586,"moisture_mass_kg":0.013722476710880217,"oxygen_factor":1.0,"phase":"WET_WOOD","surface_exposure":1.0,"temperature_k":293.15,"volatile_potential_kg":0.0891960986207214,"volume_m3":0.0002199114857512855},{"ash_mass_kg":0.0,"char_mass_kg":0.0,"dry_wood_mass_kg":0.016336281798666922,"external_area_m2":0.0,"moisture_mass_kg":0.0019603538158400307,"oxygen_factor":0.0,"phase":"WET_WOOD","surface_exposure":0.0,"temperature_k":293.15,"volatile_potential_kg":0.012742299802960199,"volume_m3":3.141592653589793e-05},{"ash_mass_kg":0.0,"char_mass_kg":0.0,"dry_wood_mass_kg":0.04900884539600077,"external_area_m2":0.0,"moisture_mass_kg":0.005881061447520092,"oxygen_factor":0.0,"phase":"WET_WOOD","surface_exposure":0.0,"temperature_k":293.15,"volatile_potential_kg":0.038226899408880605,"volume_m3":9.424777960769378e-05},{"ash_mass_kg":0.0,"char_mass_kg":0.0,"dry_wood_mass_kg":0.0816814089933346,"external_area_m2":0.0,"moisture_mass_kg":0.009801769079200152,"oxygen_factor":0.0,"phase":"WET_WOOD","surface_exposure":0.0,"temperature_k":293.15,"volatile_potential_kg":0.063711499014801,"volume_m3":0.00015707963267948963},{"ash_mass_kg":0.0,"char_mass_kg":0.0,"dry_wood_mass_kg":0.11435397259066847,"external_area_m2":0.006283185307179586,"moisture_mass_kg":0.013722476710880217,"oxygen_factor":1.0,"phase":"WET_WOOD","surface_exposure":1.0,"temperature_k":293.15,"volatile_potential_kg":0.0891960986207214,"volume_m3":0.0002199114857512855},{"ash_mass_kg":0.0,"char_mass_kg":0.0,"dry_wood_mass_kg":0.016336281798666922,"external_area_m2":0.0,"moisture_mass_kg":0.0019603538158400307,"oxygen_factor":0.0,"phase":"WET_WOOD","surface_exposure":0.0,"temperature_k":293.15,"volatile_potential_kg":0.012742299802960199,"volume_m3":3.141592653589793e-05},{"ash_mass_kg":0.0,"char_mass_kg":0.0,"dry_wood_mass_kg":0.04900884539600077,"external_area_m2":0.0,"moisture_mass_kg":0.005881061447520092,"oxygen_factor":0.0,"phase":"WET_WOOD","surface_exposure":0.0,"temperature_k":293.15,"volatile_potential_kg":0.038226899408880605,"volume_m3":9.424777960769378e-05},{"ash_mass_kg":0.0,"char_mass_kg":0.0,"dry_wood_mass_kg":0.0816814089933346,"external_area_m2":0.0,"moisture_mass_kg":0.009801769079200152,"oxygen_factor":0.0,"phase":"WET_WOOD","surface_exposure":0.0,"temperature_k":293.15,"volatile_potential_kg":0.063711499014801,"volume_m3":0.00015707963267948963},{"ash_mass_kg":0.0,"char_mass_kg":0.0,"dry_wood_mass_kg":0.11435397259066847,"external_area_m2":0.006283185307179586,"moisture_mass_kg":0.013722476710880217,"oxygen_factor":1.0,"phase":"WET_WOOD","surface_exposure":1.0,"temperature_k":293.15,"volatile_potential_kg":0.0891960986207214,"volume_m3":0.0002199114857512855},{"ash_mass_kg":0.0,"char_mass_kg":0.0,"dry_wood_mass_kg":0.016336281798666922,"external_area_m2":0.0,"moisture_mass_kg":0.0019603538158400307,"oxygen_factor":0.0,"phase":"WET_WOOD","surface_exposure":0.0,"temperature_k":293.15,"volatile_potential_kg":0.012742299802960199,"volume_m3":3.141592653589793e-05},{"ash_mass_kg":0.0,"char_mass_kg":0.0,"dry_wood_mass_kg":0.04900884539600077,"external_area_m2":0.0,"moisture_mass_kg":0.005881061447520092,"oxygen_factor":0.0,"phase":"WET_WOOD","surface_exposure":0.0,"temperature_k":293.15,"volatile_potential_kg":0.038226899408880605,"volume_m3":9.424777960769378e-05},{"ash_mass_kg":0.0,"char_mass_kg":0.0,"dry_wood_mass_kg":0.0816814089933346,"external_area_m2":0.0,"moisture_mass_kg":0.009801769079200152,"oxygen_factor":0.0,"phase":"WET_WOOD","surface_exposure":0.0,"temperature_k":293.15,"volatile_potential_kg":0.063711499014801,"volume_m3":0.00015707963267948963},{"ash_mass_kg":0.0,"char_mass_kg":0.0,"dry_wood_mass_kg":0.11435397259066847,"external_area_m2":0.006283185307179586,"moisture_mass_kg":0.013722476710880217,"oxygen_factor":1.0,"phase":"WET_WOOD","surface_exposure":1.0,"temperature_k":293.15,"volatile_potential_kg":0.0891960986207214,"volume_m3":0.0002199114857512855},{"ash_mass_kg":0.0,"char_mass_kg":0.0,"dry_wood_mass_kg":0.016336281798666922,"external_area_m2":0.0,"moisture_mass_kg":0.0019603538158400307,"oxygen_factor":0.0,"phase":"WET_WOOD","surface_exposure":0.0,"temperature_k":293.15,"volatile_potential_kg":0.012742299802960199,"volume_m3":3.141592653589793e-05},{"ash_mass_kg":0.0,"char_mass_kg":0.0,"dry_wood_mass_kg":0.04900884539600077,"external_area_m2":0.0,"moisture_mass_kg":0.005881061447520092,"oxygen_factor":0.0,"phase":"WET_WOOD","surface_exposure":0.0,"temperature_k":293.15,"volatile_potential_kg":0.038226899408880605,"volume_m3":9.424777960769378e-05},{"ash_mass_kg":0.0,"char_mass_kg":0.0,"dry_wood_mass_kg":0.0816814089933346,"external_area_m2":0.0,"moisture_mass_kg":0.009801769079200152,"oxygen_factor":0.0,"phase":"WET_WOOD","surface_exposure":0.0,"temperature_k":293.15,"volatile_potential_kg":0.063711499014801,"volume_m3":0.00015707963267948963},{"ash_mass_kg":0.0,"char_mass_kg":0.0,"dry_wood_mass_kg":0.11435397259066847,"external_area_m2":0.006283185307179586,"moisture_mass_kg":0.013722476710880217,"oxygen_factor":1.0,"phase":"WET_WOOD","surface_exposure":1.0,"temperature_k":293.15,"volatile_potential_kg":0.0891960986207214,"volume_m3":0.0002199114857512855},{"ash_mass_kg":0.0,"char_mass_kg":0.0,"dry_wood_mass_kg":0.016336281798666922,"external_area_m2":0.0,"moisture_mass_kg":0.0019603538158400307,"oxygen_factor":0.0,"phase":"WET_WOOD","surface_exposure":0.0,"temperature_k":293.15,"volatile_potential_kg":0.012742299802960199,"volume_m3":3.141592653589793e-05},{"ash_mass_kg":0.0,"char_mass_kg":0.0,"dry_wood_mass_kg":0.04900884539600077,"external_area_m2":0.0,"moisture_mass_kg":0.005881061447520092,"oxygen_factor":0.0,"phase":"WET_WOOD","surface_exposure":0.0,"temperature_k":293.15,"volatile_potential_kg":0.038226899408880605,"volume_m3":9.424777960769378e-05},{"ash_mass_kg":0.0,"char_mass_kg":0.0,"dry_wood_mass_kg":0.0816814089933346,"external_area_m2":0.0,"moisture_mass_kg":0.009801769079200152,"oxygen_factor":0.0,"phase":"WET_WOOD","surface_exposure":0.0,"temperature_k":293.15,"volatile_potential_kg":0.063711499014801,"volume_m3":0.00015707963267948963},{"ash_mass_kg":0.0,"char_mass_kg":0.0,"dry_wood_mass_kg":0.11435397259066847,"external_area_m2":0.006283185307179586,"moisture_mass_kg":0.013722476710880217,"oxygen_factor":1.0,"phase":"WET_WOOD","surface_exposure":1.0,"temperature_k":293.15,"volatile_potential_kg":0.0891960986207214,"volume_m3":0.0002199114857512855},{"ash_mass_kg":0.0,"char_mass_kg":0.0,"dry_wood_mass_kg":0.016336281798666922,"external_area_m2":0.0,"moisture_mass_kg":0.0019603538158400307,"oxygen_factor":0.0,"phase":"WET_WOOD","surface_exposure":0.0,"temperature_k":293.15,"volatile_potential_kg":0.012742299802960199,"volume_m3":3.141592653589793e-05},{"ash_mass_kg":0.0,"char_mass_kg":0.0,"dry_wood_mass_kg":0.04900884539600077,"external_area_m2":0.0,"moisture_mass_kg":0.005881061447520092,"oxygen_factor":0.0,"phase":"WET_WOOD","surface_exposure":0.0,"temperature_k":293.15,"volatile_potential_kg":0.038226899408880605,"volume_m3":9.424777960769378e-05},{"ash_mass_kg":0.0,"char_mass_kg":0.0,"dry_wood_mass_kg":0.0816814089933346,"external_area_m2":0.0,"moisture_mass_kg":0.009801769079200152,"oxygen_factor":0.0,"phase":"WET_WOOD","surface_exposure":0.0,"temperature_k":293.15,"volatile_potential_kg":0.063711499014801,"volume_m3":0.00015707963267948963},{"ash_mass_kg":0.0,"char_mass_kg":0.0,"dry_wood_mass_kg":0.11435397259066847,"external_area_m2":0.006283185307179586,"moisture_mass_kg":0.013722476710880217,"oxygen_factor":1.0,"phase":"WET_WOOD","surface_exposure":1.0,"temperature_k":293.15,"volatile_potential_kg":0.0891960986207214,"volume_m3":0.0002199114857512855},{"ash_mass_kg":0.0,"char_mass_kg":0.0,"dry_wood_mass_kg":0.016336281798666922,"external_area_m2":0.0,"moisture_mass_kg":0.0019603538158400307,"oxygen_factor":0.0,"phase":"WET_WOOD","surface_exposure":0.0,"temperature_k":293.15,"volatile_potential_kg":0.012742299802960199,"volume_m3":3.141592653589793e-05},{"ash_mass_kg":0.0,"char_mass_kg":0.0,"dry_wood_mass_kg":0.04900884539600077,"external_area_m2":0.0,"moisture_mass_kg":0.005881061447520092,"oxygen_factor":0.0,"phase":"WET_WOOD","surface_exposure":0.0,"temperature_k":293.15,"volatile_potential_kg":0.038226899408880605,"volume_m3":9.424777960769378e-05},{"ash_mass_kg":0.0,"char_mass_kg":0.0,"dry_wood_mass_kg":0.0816814089933346,"external_area_m2":0.0,"moisture_mass_kg":0.009801769079200152,"oxygen_factor":0.0,"phase":"WET_WOOD","surface_exposure":0.0,"temperature_k":293.15,"volatile_potential_kg":0.063711499014801,"volume_m3":0.00015707963267948963},{"ash_mass_kg":0.0,"char_mass_kg":0.0,"dry_wood_mass_kg":0.11435397259066847,"external_area_m2":0.006283185307179586,"moisture_mass_kg":0.013722476710880217,"oxygen_factor":1.0,"phase":"WET_WOOD","surface_exposure":1.0,"temperature_k":293.15,"volatile_potential_kg":0.0891960986207214,"volume_m3":0.0002199114857512855},{"ash_mass_kg":0.0,"char_mass_kg":0.0,"dry_wood_mass_kg":0.016336281798666922,"external_area_m2":0.0,"moisture_mass_kg":0.0019603538158400307,"oxygen_factor":0.0,"phase":"WET_WOOD","surface_exposure":0.0,"temperature_k":293.15,"volatile_potential_kg":0.012742299802960199,"volume_m3":3.141592653589793e-05},{"ash_mass_kg":0.0,"char_mass_kg":0.0,"dry_wood_mass_kg":0.04900884539600077,"external_area_m2":0.0,"moisture_mass_kg":0.005881061447520092,"oxygen_factor":0.0,"phase":"WET_WOOD","surface_exposure":0.0,"temperature_k":293.15,"volatile_potential_kg":0.038226899408880605,"volume_m3":9.424777960769378e-05},{"ash_mass_kg":0.0,"char_mass_kg":0.0,"dry_wood_mass_kg":0.0816814089933346,"external_area_m2":0.0,"moisture_mass_kg":0.009801769079200152,"oxygen_factor":0.0,"phase":"WET_WOOD","surface_exposure":0.0,"temperature_k":293.15,"volatile_potential_kg":0.063711499014801,"volume_m3":0.00015707963267948963},{"ash_mass_kg":0.0,"char_mass_kg":0.0,"dry_wood_mass_kg":0.11435397259066847,"external_area_m2":0.006283185307179586,"moisture_mass_kg":0.013722476710880217,"oxygen_factor":1.0,"phase":"WET_WOOD","surface_exposure":1.0,"temperature_k":293.15,"volatile_potential_kg":0.0891960986207214,"volume_m3":0.0002199114857512855},{"ash_mass_kg":0.0,"char_mass_kg":0.0,"dry_wood_mass_kg":0.016336281798666922,"external_area_m2":0.0,"moisture_mass_kg":0.0019603538158400307,"oxygen_factor":0.0,"phase":"WET_WOOD","surface_exposure":0.0,"temperature_k":293.15,"volatile_potential_kg":0.012742299802960199,"volume_m3":3.141592653589793e-05},{"ash_mass_kg":0.0,"char_mass_kg":0.0,"dry_wood_mass_kg":0.04900884539600077,"external_area_m2":0.0,"moisture_mass_kg":0.005881061447520092,"oxygen_factor":0.0,"phase":"WET_WOOD","surface_exposure":0.0,"temperature_k":293.15,"volatile_potential_kg":0.038226899408880605,"volume_m3":9.424777960769378e-05},{"ash_mass_kg":0.0,"char_mass_kg":0.0,"dry_wood_mass_kg":0.0816814089933346,"external_area_m2":0.0,"moisture_mass_kg":0.009801769079200152,"oxygen_factor":0.0,"phase":"WET_WOOD","surface_exposure":0.0,"temperature_k":293.15,"volatile_potential_kg":0.063711499014801,"volume_m3":0.00015707963267948963},{"ash_mass_kg":0.0,"char_mass_kg":0.0,"dry_wood_mass_kg":0.11435397259066847,"external_area_m2":0.006283185307179586,"moisture_mass_kg":0.013722476710880217,"oxygen_factor":1.0,"phase":"WET_WOOD","surface_exposure":1.0,"temperature_k":293.15,"volatile_potential_kg":0.0891960986207214,"volume_m3":0.0002199114857512855},{"ash_mass_kg":0.0,"char_mass_kg":0.0,"dry_wood_mass_kg":0.016336281798666922,"external_area_m2":0.0,"moisture_mass_kg":0.0019603538158400307,"oxygen_factor":0.0,"phase":"WET_WOOD","surface_exposure":0.0,"temperature_k":293.15,"volatile_potential_kg":0.012742299802960199,"volume_m3":3.141592653589793e-05},{"ash_mass_kg":0.0,"char_mass_kg":0.0,"dry_wood_mass_kg":0.04900884539600077,"external_area_m2":0.0,"moisture_mass_kg":0.005881061447520092,"oxygen_factor":0.0,"phase":"WET_WOOD","surface_exposure":0.0,"temperature_k":293.15,"volatile_potential_kg":0.038226899408880605,"volume_m3":9.424777960769378e-05},{"ash_mass_kg":0.0,"char_mass_kg":0.0,"dry_wood_mass_kg":0.0816814089933346,"external_area_m2":0.0,"moisture_mass_kg":0.009801769079200152,"oxygen_factor":0.0,"phase":"WET_WOOD","surface_exposure":0.0,"temperature_k":293.15,"volatile_potential_kg":0.063711499014801,"volume_m3":0.00015707963267948963},{"ash_mass_kg":0.0,"char_mass_kg":0.0,"dry_wood_mass_kg":0.11435397259066847,"external_area_m2":0.006283185307179586,"moisture_mass_kg":0.013722476710880217,"oxygen_factor":1.0,"phase":"WET_WOOD","surface_exposure":1.0,"temperature_k":293.15,"volatile_potential_kg":0.0891960986207214,"volume_m3":0.0002199114857512855},{"ash_mass_kg":0.0,"char_mass_kg":0.0,"dry_wood_mass_kg":0.016336281798666922,"external_area_m2":0.0,"moisture_mass_kg":0.0019603538158400307,"oxygen_factor":0.0,"phase":"WET_WOOD","surface_exposure":0.0,"temperature_k":293.15,"volatile_potential_kg":0.012742299802960199,"volume_m3":3.141592653589793e-05},{"ash_mass_kg":0.0,"char_mass_kg":0.0,"dry_wood_mass_kg":0.04900884539600077,"external_area_m2":0.0,"moisture_mass_kg":0.005881061447520092,"oxygen_factor":0.0,"phase":"WET_WOOD","surface_exposure":0.0,"temperature_k":293.15,"volatile_potential_kg":0.038226899408880605,"volume_m3":9.424777960769378e-05},{"ash_mass_kg":0.0,"char_mass_kg":0.0,"dry_wood_mass_kg":0.0816814089933346,"external_area_m2":0.0,"moisture_mass_kg":0.009801769079200152,"oxygen_factor":0.0,"phase":"WET_WOOD","surface_exposure":0.0,"temperature_k":293.15,"volatile_potential_kg":0.063711499014801,"volume_m3":0.00015707963267948963},{"ash_mass_kg":0.0,"char_mass_kg":0.0,"dry_wood_mass_kg":0.11435397259066847,"external_area_m2":0.006283185307179586,"moisture_mass_kg":0.013722476710880217,"oxygen_factor":1.0,"phase":"WET_WOOD","surface_exposure":1.0,"temperature_k":293.15,"volatile_potential_kg":0.0891960986207214,"volume_m3":0.0002199114857512855},{"ash_mass_kg":0.0,"char_mass_kg":0.0,"dry_wood_mass_kg":0.016336281798666922,"external_area_m2":0.0,"moisture_mass_kg":0.0019603538158400307,"oxygen_factor":0.0,"phase":"WET_WOOD","surface_exposure":0.0,"temperature_k":293.15,"volatile_potential_kg":0.012742299802960199,"volume_m3":3.141592653589793e-05},{"ash_mass_kg":0.0,"char_mass_kg":0.0,"dry_wood_mass_kg":0.04900884539600077,"external_area_m2":0.0,"moisture_mass_kg":0.005881061447520092,"oxygen_factor":0.0,"phase":"WET_WOOD","surface_exposure":0.0,"temperature_k":293.15,"volatile_potential_kg":0.038226899408880605,"volume_m3":9.424777960769378e-05},{"ash_mass_kg":0.0,"char_mass_kg":0.0,"dry_wood_mass_kg":0.0816814089933346,"external_area_m2":0.0,"moisture_mass_kg":0.009801769079200152,"oxygen_factor":0.0,"phase":"WET_WOOD","surface_exposure":0.0,"temperature_k":293.15,"volatile_potential_kg":0.063711499014801,"volume_m3":0.00015707963267948963},{"ash_mass_kg":0.0,"char_mass_kg":0.0,"dry_wood_mass_kg":0.11435397259066847,"external_area_m2":0.006283185307179586,"moisture_mass_kg":0.013722476710880217,"oxygen_factor":1.0,"phase":"WET_WOOD","surface_exposure":1.0,"temperature_k":293.15,"volatile_potential_kg":0.0891960986207214,"volume_m3":0.0002199114857512855},{"ash_mass_kg":0.0,"char_mass_kg":0.0,"dry_wood_mass_kg":0.016336281798666922,"external_area_m2":0.0,"moisture_mass_kg":0.0019603538158400307,"oxygen_factor":0.0,"phase":"WET_WOOD","surface_exposure":0.0,"temperature_k":293.15,"volatile_potential_kg":0.012742299802960199,"volume_m3":3.141592653589793e-05},{"ash_mass_kg":0.0,"char_mass_kg":0.0,"dry_wood_mass_kg":0.04900884539600077,"external_area_m2":0.0,"moisture_mass_kg":0.005881061447520092,"oxygen_factor":0.0,"phase":"WET_WOOD","surface_exposure":0.0,"temperature_k":293.15,"volatile_potential_kg":0.038226899408880605,"volume_m3":9.424777960769378e-05},{"ash_mass_kg":0.0,"char_mass_kg":0.0,"dry_wood_mass_kg":0.0816814089933346,"external_area_m2":0.0,"moisture_mass_kg":0.009801769079200152,"oxygen_factor":0.0,"phase":"WET_WOOD","surface_exposure":0.0,"temperature_k":293.15,"volatile_potential_kg":0.063711499014801,"volume_m3":0.00015707963267948963},{"ash_mass_kg":0.0,"char_mass_kg":0.0,"dry_wood_mass_kg":0.11435397259066847,"external_area_m2":0.006283185307179586,"moisture_mass_kg":0.013722476710880217,"oxygen_factor":1.0,"phase":"WET_WOOD","surface_exposure":1.0,"temperature_k":293.15,"volatile_potential_kg":0.0891960986207214,"volume_m3":0.0002199114857512855},{"ash_mass_kg":0.0,"char_mass_kg":0.0,"dry_wood_mass_kg":0.016336281798666922,"external_area_m2":0.0,"moisture_mass_kg":0.0019603538158400307,"oxygen_factor":0.0,"phase":"WET_WOOD","surface_exposure":0.0,"temperature_k":293.15,"volatile_potential_kg":0.012742299802960199,"volume_m3":3.141592653589793e-05},{"ash_mass_kg":0.0,"char_mass_kg":0.0,"dry_wood_mass_kg":0.04900884539600077,"external_area_m2":0.0,"moisture_mass_kg":0.005881061447520092,"oxygen_factor":0.0,"phase":"WET_WOOD","surface_exposure":0.0,"temperature_k":293.15,"volatile_potential_kg":0.038226899408880605,"volume_m3":9.424777960769378e-05},{"ash_mass_kg":0.0,"char_mass_kg":0.0,"dry_wood_mass_kg":0.0816814089933346,"external_area_m2":0.0,"moisture_mass_kg":0.009801769079200152,"oxygen_factor":0.0,"phase":"WET_WOOD","surface_exposure":0.0,"temperature_k":293.15,"volatile_potential_kg":0.063711499014801,"volume_m3":0.00015707963267948963},{"ash_mass_kg":0.0,"char_mass_kg":0.0,"dry_wood_mass_kg":0.11435397259066847,"external_area_m2":0.006283185307179586,"moisture_mass_kg":0.013722476710880217,"oxygen_factor":1.0,"phase":"WET_WOOD","surface_exposure":1.0,"temperature_k":293.15,"volatile_potential_kg":0.0891960986207214,"volume_m3":0.0002199114857512855},{"ash_mass_kg":0.0,"char_mass_kg":0.0,"dry_wood_mass_kg":0.016336281798666922,"external_area_m2":0.0,"moisture_mass_kg":0.0019603538158400307,"oxygen_factor":0.0,"phase":"WET_WOOD","surface_exposure":0.0,"temperature_k":293.15,"volatile_potential_kg":0.012742299802960199,"volume_m3":3.141592653589793e-05},{"ash_mass_kg":0.0,"char_mass_kg":0.0,"dry_wood_mass_kg":0.04900884539600077,"external_area_m2":0.0,"moisture_mass_kg":0.005881061447520092,"oxygen_factor":0.0,"phase":"WET_WOOD","surface_exposure":0.0,"temperature_k":293.15,"volatile_potential_kg":0.038226899408880605,"volume_m3":9.424777960769378e-05},{"ash_mass_kg":0.0,"char_mass_kg":0.0,"dry_wood_mass_kg":0.0816814089933346,"external_area_m2":0.0,"moisture_mass_kg":0.009801769079200152,"oxygen_factor":0.0,"phase":"WET_WOOD","surface_exposure":0.0,"temperature_k":293.15,"volatile_potential_kg":0.063711499014801,"volume_m3":0.00015707963267948963},{"ash_mass_kg":0.0,"char_mass_kg":0.0,"dry_wood_mass_kg":0.11435397259066847,"external_area_m2":0.006283185307179586,"moisture_mass_kg":0.013722476710880217,"oxygen_factor":1.0,"phase":"WET_WOOD","surface_exposure":1.0,"temperature_k":293.15,"volatile_potential_kg":0.0891960986207214,"volume_m3":0.0002199114857512855},{"ash_mass_kg":0.0,"char_mass_kg":0.0,"dry_wood_mass_kg":0.016336281798666922,"external_area_m2":0.0,"moisture_mass_kg":0.0019603538158400307,"oxygen_factor":0.0,"phase":"WET_WOOD","surface_exposure":0.0,"temperature_k":293.15,"volatile_potential_kg":0.012742299802960199,"volume_m3":3.141592653589793e-05},{"ash_mass_kg":0.0,"char_mass_kg":0.0,"dry_wood_mass_kg":0.04900884539600077,"external_area_m2":0.0,"moisture_mass_kg":0.005881061447520092,"oxygen_factor":0.0,"phase":"WET_WOOD","surface_exposure":0.0,"temperature_k":293.15,"volatile_potential_kg":0.038226899408880605,"volume_m3":9.424777960769378e-05},{"ash_mass_kg":0.0,"char_mass_kg":0.0,"dry_wood_mass_kg":0.0816814089933346,"external_area_m2":0.0,"moisture_mass_kg":0.009801769079200152,"oxygen_factor":0.0,"phase":"WET_WOOD","surface_exposure":0.0,"temperature_k":293.15,"volatile_potential_kg":0.063711499014801,"volume_m3":0.00015707963267948963},{"ash_mass_kg":0.0,"char_mass_kg":0.0,"dry_wood_mass_kg":0.11435397259066847,"external_area_m2":0.006283185307179586,"moisture_mass_kg":0.013722476710880217,"oxygen_factor":1.0,"phase":"WET_WOOD","surface_exposure":1.0,"temperature_k":293.15,"volatile_potential_kg":0.0891960986207214,"volume_m3":0.0002199114857512855},{"ash_mass_kg":0.0,"char_mass_kg":0.0,"dry_wood_mass_kg":0.016336281798666922,"external_area_m2":0.0,"moisture_mass_kg":0.0019603538158400307,"oxygen_factor":0.0,"phase":"WET_WOOD","surface_exposure":0.0,"temperature_k":293.15,"volatile_potential_kg":0.012742299802960199,"volume_m3":3.141592653589793e-05},{"ash_mass_kg":0.0,"char_mass_kg":0.0,"dry_wood_mass_kg":0.04900884539600077,"external_area_m2":0.0,"moisture_mass_kg":0.005881061447520092,"oxygen_factor":0.0,"phase":"WET_WOOD","surface_exposure":0.0,"temperature_k":293.15,"volatile_potential_kg":0.038226899408880605,"volume_m3":9.424777960769378e-05},{"ash_mass_kg":0.0,"char_mass_kg":0.0,"dry_wood_mass_kg":0.0816814089933346,"external_area_m2":0.0,"moisture_mass_kg":0.009801769079200152,"oxygen_factor":0.0,"phase":"WET_WOOD","surface_exposure":0.0,"temperature_k":293.15,"volatile_potential_kg":0.063711499014801,"volume_m3":0.00015707963267948963},{"ash_mass_kg":0.0,"char_mass_kg":0.0,"dry_wood_mass_kg":0.11435397259066847,"external_area_m2":0.006283185307179586,"moisture_mass_kg":0.013722476710880217,"oxygen_factor":1.0,"phase":"WET_WOOD","surface_exposure":1.0,"temperature_k":293.15,"volatile_potential_kg":0.0891960986207214,"volume_m3":0.0002199114857512855},{"ash_mass_kg":0.0,"char_mass_kg":0.0,"dry_wood_mass_kg":0.016336281798666922,"external_area_m2":0.0,"moisture_mass_kg":0.0019603538158400307,"oxygen_factor":0.0,"phase":"WET_WOOD","surface_exposure":0.0,"temperature_k":293.15,"volatile_potential_kg":0.012742299802960199,"volume_m3":3.141592653589793e-05},{"ash_mass_kg":0.0,"char_mass_kg":0.0,"dry_wood_mass_kg":0.04900884539600077,"external_area_m2":0.0,"moisture_mass_kg":0.005881061447520092,"oxygen_factor":0.0,"phase":"WET_WOOD","surface_exposure":0.0,"temperature_k":293.15,"volatile_potential_kg":0.038226899408880605,"volume_m3":9.424777960769378e-05},{"ash_mass_kg":0.0,"char_mass_kg":0.0,"dry_wood_mass_kg":0.0816814089933346,"external_area_m2":0.0,"moisture_mass_kg":0.009801769079200152,"oxygen_factor":0.0,"phase":"WET_WOOD","surface_exposure":0.0,"temperature_k":293.15,"volatile_potential_kg":0.063711499014801,"volume_m3":0.00015707963267948963},{"ash_mass_kg":0.0,"char_mass_kg":0.0,"dry_wood_mass_kg":0.11435397259066847,"external_area_m2":0.006283185307179586,"moisture_mass_kg":0.013722476710880217,"oxygen_factor":1.0,"phase":"WET_WOOD","surface_exposure":1.0,"temperature_k":293.15,"volatile_potential_kg":0.0891960986207214,"volume_m3":0.0002199114857512855},{"ash_mass_kg":0.0,"char_mass_kg":0.0,"dry_wood_mass_kg":0.016336281798666922,"external_area_m2":0.0,"moisture_mass_kg":0.0019603538158400307,"oxygen_factor":0.0,"phase":"WET_WOOD","surface_exposure":0.0,"temperature_k":293.15,"volatile_potential_kg":0.012742299802960199,"volume_m3":3.141592653589793e-05},{"ash_mass_kg":0.0,"char_mass_kg":0.0,"dry_wood_mass_kg":0.04900884539600077,"external_area_m2":0.0,"moisture_mass_kg":0.005881061447520092,"oxygen_factor":0.0,"phase":"WET_WOOD","surface_exposure":0.0,"temperature_k":293.15,"volatile_potential_kg":0.038226899408880605,"volume_m3":9.424777960769378e-05},{"ash_mass_kg":0.0,"char_mass_kg":0.0,"dry_wood_mass_kg":0.0816814089933346,"external_area_m2":0.0,"moisture_mass_kg":0.009801769079200152,"oxygen_factor":0.0,"phase":"WET_WOOD","surface_exposure":0.0,"temperature_k":293.15,"volatile_potential_kg":0.063711499014801,"volume_m3":0.00015707963267948963},{"ash_mass_kg":0.0,"char_mass_kg":0.0,"dry_wood_mass_kg":0.11435397259066847,"external_area_m2":0.006283185307179586,"moisture_mass_kg":0.013722476710880217,"oxygen_factor":1.0,"phase":"WET_WOOD","surface_exposure":1.0,"temperature_k":293.15,"volatile_potential_kg":0.0891960986207214,"volume_m3":0.0002199114857512855},{"ash_mass_kg":0.0,"char_mass_kg":0.0,"dry_wood_mass_kg":0.016336281798666922,"external_area_m2":0.0,"moisture_mass_kg":0.0019603538158400307,"oxygen_factor":0.0,"phase":"WET_WOOD","surface_exposure":0.0,"temperature_k":293.15,"volatile_potential_kg":0.012742299802960199,"volume_m3":3.141592653589793e-05},{"ash_mass_kg":0.0,"char_mass_kg":0.0,"dry_wood_mass_kg":0.04900884539600077,"external_area_m2":0.0,"moisture_mass_kg":0.005881061447520092,"oxygen_factor":0.0,"phase":"WET_WOOD","surface_exposure":0.0,"temperature_k":293.15,"volatile_potential_kg":0.038226899408880605,"volume_m3":9.424777960769378e-05},{"ash_mass_kg":0.0,"char_mass_kg":0.0,"dry_wood_mass_kg":0.0816814089933346,"external_area_m2":0.0,"moisture_mass_kg":0.009801769079200152,"oxygen_factor":0.0,"phase":"WET_WOOD","surface_exposure":0.0,"temperature_k":293.15,"volatile_potential_kg":0.063711499014801,"volume_m3":0.00015707963267948963},{"ash_mass_kg":0.0,"char_mass_kg":0.0,"dry_wood_mass_kg":0.11435397259066847,"external_area_m2":0.006283185307179586,"moisture_mass_kg":0.013722476710880217,"oxygen_factor":1.0,"phase":"WET_WOOD","surface_exposure":1.0,"temperature_k":293.15,"volatile_potential_kg":0.0891960986207214,"volume_m3":0.0002199114857512855},{"ash_mass_kg":0.0,"char_mass_kg":0.0,"dry_wood_mass_kg":0.016336281798666922,"external_area_m2":0.0,"moisture_mass_kg":0.0019603538158400307,"oxygen_factor":0.0,"phase":"WET_WOOD","surface_exposure":0.0,"temperature_k":293.15,"volatile_potential_kg":0.012742299802960199,"volume_m3":3.141592653589793e-05},{"ash_mass_kg":0.0,"char_mass_kg":0.0,"dry_wood_mass_kg":0.04900884539600077,"external_area_m2":0.0,"moisture_mass_kg":0.005881061447520092,"oxygen_factor":0.0,"phase":"WET_WOOD","surface_exposure":0.0,"temperature_k":293.15,"volatile_potential_kg":0.038226899408880605,"volume_m3":9.424777960769378e-05},{"ash_mass_kg":0.0,"char_mass_kg":0.0,"dry_wood_mass_kg":0.0816814089933346,"external_area_m2":0.0,"moisture_mass_kg":0.009801769079200152,"oxygen_factor":0.0,"phase":"WET_WOOD","surface_exposure":0.0,"temperature_k":293.15,"volatile_potential_kg":0.063711499014801,"volume_m3":0.00015707963267948963},{"ash_mass_kg":0.0,"char_mass_kg":0.0,"dry_wood_mass_kg":0.11435397259066847,"external_area_m2":0.006283185307179586,"moisture_mass_kg":0.013722476710880217,"oxygen_factor":1.0,"phase":"WET_WOOD","surface_exposure":1.0,"temperature_k":293.15,"volatile_potential_kg":0.0891960986207214,"volume_m3":0.0002199114857512855},{"ash_mass_kg":0.0,"char_mass_kg":0.0,"dry_wood_mass_kg":0.016336281798666922,"external_area_m2":0.0,"moisture_mass_kg":0.0019603538158400307,"oxygen_factor":0.0,"phase":"WET_WOOD","surface_exposure":0.0,"temperature_k":293.15,"volatile_potential_kg":0.012742299802960199,"volume_m3":3.141592653589793e-05},{"ash_mass_kg":0.0,"char_mass_kg":0.0,"dry_wood_mass_kg":0.04900884539600077,"external_area_m2":0.0,"moisture_mass_kg":0.005881061447520092,"oxygen_factor":0.0,"phase":"WET_WOOD","surface_exposure":0.0,"temperature_k":293.15,"volatile_potential_kg":0.038226899408880605,"volume_m3":9.424777960769378e-05},{"ash_mass_kg":0.0,"char_mass_kg":0.0,"dry_wood_mass_kg":0.0816814089933346,"external_area_m2":0.0,"moisture_mass_kg":0.009801769079200152,"oxygen_factor":0.0,"phase":"WET_WOOD","surface_exposure":0.0,"temperature_k":293.15,"volatile_potential_kg":0.063711499014801,"volume_m3":0.00015707963267948963},{"ash_mass_kg":0.0,"char_mass_kg":0.0,"dry_wood_mass_kg":0.11435397259066847,"external_area_m2":0.006283185307179586,"moisture_mass_kg":0.013722476710880217,"oxygen_factor":1.0,"phase":"WET_WOOD","surface_exposure":1.0,"temperature_k":293.15,"volatile_potential_kg":0.0891960986207214,"volume_m3":0.0002199114857512855},{"ash_mass_kg":0.0,"char_mass_kg":0.0,"dry_wood_mass_kg":0.016336281798666922,"external_area_m2":0.0,"moisture_mass_kg":0.0019603538158400307,"oxygen_factor":0.0,"phase":"WET_WOOD","surface_exposure":0.0,"temperature_k":293.15,"volatile_potential_kg":0.012742299802960199,"volume_m3":3.141592653589793e-05},{"ash_mass_kg":0.0,"char_mass_kg":0.0,"dry_wood_mass_kg":0.04900884539600077,"external_area_m2":0.0,"moisture_mass_kg":0.005881061447520092,"oxygen_factor":0.0,"phase":"WET_WOOD","surface_exposure":0.0,"temperature_k":293.15,"volatile_potential_kg":0.038226899408880605,"volume_m3":9.424777960769378e-05},{"ash_mass_kg":0.0,"char_mass_kg":0.0,"dry_wood_mass_kg":0.0816814089933346,"external_area_m2":0.0,"moisture_mass_kg":0.009801769079200152,"oxygen_factor":0.0,"phase":"WET_WOOD","surface_exposure":0.0,"temperature_k":293.15,"volatile_potential_kg":0.063711499014801,"volume_m3":0.00015707963267948963},{"ash_mass_kg":0.0,"char_mass_kg":0.0,"dry_wood_mass_kg":0.11435397259066847,"external_area_m2":0.006283185307179586,"moisture_mass_kg":0.013722476710880217,"oxygen_factor":1.0,"phase":"WET_WOOD","surface_exposure":1.0,"temperature_k":293.15,"volatile_potential_kg":0.0891960986207214,"volume_m3":0.0002199114857512855},{"ash_mass_kg":0.0,"char_mass_kg":0.0,"dry_wood_mass_kg":0.016336281798666922,"external_area_m2":0.0,"moisture_mass_kg":0.0019603538158400307,"oxygen_factor":0.0,"phase":"WET_WOOD","surface_exposure":0.0,"temperature_k":293.15,"volatile_potential_kg":0.012742299802960199,"volume_m3":3.141592653589793e-05},{"ash_mass_kg":0.0,"char_mass_kg":0.0,"dry_wood_mass_kg":0.04900884539600077,"external_area_m2":0.0,"moisture_mass_kg":0.005881061447520092,"oxygen_factor":0.0,"phase":"WET_WOOD","surface_exposure":0.0,"temperature_k":293.15,"volatile_potential_kg":0.038226899408880605,"volume_m3":9.424777960769378e-05},{"ash_mass_kg":0.0,"char_mass_kg":0.0,"dry_wood_mass_kg":0.0816814089933346,"external_area_m2":0.0,"moisture_mass_kg":0.009801769079200152,"oxygen_factor":0.0,"phase":"WET_WOOD","surface_exposure":0.0,"temperature_k":293.15,"volatile_potential_kg":0.063711499014801,"volume_m3":0.00015707963267948963},{"ash_mass_kg":0.0,"char_mass_kg":0.0,"dry_wood_mass_kg":0.11435397259066847,"external_area_m2":0.006283185307179586,"moisture_mass_kg":0.013722476710880217,"oxygen_factor":1.0,"phase":"WET_WOOD","surface_exposure":1.0,"temperature_k":293.15,"volatile_potential_kg":0.0891960986207214,"volume_m3":0.0002199114857512855},{"ash_mass_kg":0.0,"char_mass_kg":0.0,"dry_wood_mass_kg":0.016336281798666922,"external_area_m2":0.0,"moisture_mass_kg":0.0019603538158400307,"oxygen_factor":0.0,"phase":"WET_WOOD","surface_exposure":0.0,"temperature_k":293.15,"volatile_potential_kg":0.012742299802960199,"volume_m3":3.141592653589793e-05},{"ash_mass_kg":0.0,"char_mass_kg":0.0,"dry_wood_mass_kg":0.04900884539600077,"external_area_m2":0.0,"moisture_mass_kg":0.005881061447520092,"oxygen_factor":0.0,"phase":"WET_WOOD","surface_exposure":0.0,"temperature_k":293.15,"volatile_potential_kg":0.038226899408880605,"volume_m3":9.424777960769378e-05},{"ash_mass_kg":0.0,"char_mass_kg":0.0,"dry_wood_mass_kg":0.0816814089933346,"external_area_m2":0.0,"moisture_mass_kg":0.009801769079200152,"oxygen_factor":0.0,"phase":"WET_WOOD","surface_exposure":0.0,"temperature_k":293.15,"volatile_potential_kg":0.063711499014801,"volume_m3":0.00015707963267948963},{"ash_mass_kg":0.0,"char_mass_kg":0.0,"dry_wood_mass_kg":0.11435397259066847,"external_area_m2":0.006283185307179586,"moisture_mass_kg":0.013722476710880217,"oxygen_factor":1.0,"phase":"WET_WOOD","surface_exposure":1.0,"temperature_k":293.15,"volatile_potential_kg":0.0891960986207214,"volume_m3":0.0002199114857512855},{"ash_mass_kg":0.0,"char_mass_kg":0.0,"dry_wood_mass_kg":0.016336281798666922,"external_area_m2":0.0,"moisture_mass_kg":0.0019603538158400307,"oxygen_factor":0.0,"phase":"WET_WOOD","surface_exposure":0.0,"temperature_k":293.15,"volatile_potential_kg":0.012742299802960199,"volume_m3":3.141592653589793e-05},{"ash_mass_kg":0.0,"char_mass_kg":0.0,"dry_wood_mass_kg":0.04900884539600077,"external_area_m2":0.0,"moisture_mass_kg":0.005881061447520092,"oxygen_factor":0.0,"phase":"WET_WOOD","surface_exposure":0.0,"temperature_k":293.15,"volatile_potential_kg":0.038226899408880605,"volume_m3":9.424777960769378e-05},{"ash_mass_kg":0.0,"char_mass_kg":0.0,"dry_wood_mass_kg":0.0816814089933346,"external_area_m2":0.0,"moisture_mass_kg":0.009801769079200152,"oxygen_factor":0.0,"phase":"WET_WOOD","surface_exposure":0.0,"temperature_k":293.15,"volatile_potential_kg":0.063711499014801,"volume_m3":0.00015707963267948963},{"ash_mass_kg":0.0,"char_mass_kg":0.0,"dry_wood_mass_kg":0.11435397259066847,"external_area_m2":0.006283185307179586,"moisture_mass_kg":0.013722476710880217,"oxygen_factor":1.0,"phase":"WET_WOOD","surface_exposure":1.0,"temperature_k":293.15,"volatile_potential_kg":0.0891960986207214,"volume_m3":0.0002199114857512855},{"ash_mass_kg":0.0,"char_mass_kg":0.0,"dry_wood_mass_kg":0.016336281798666922,"external_area_m2":0.0,"moisture_mass_kg":0.0019603538158400307,"oxygen_factor":0.0,"phase":"WET_WOOD","surface_exposure":0.0,"temperature_k":293.15,"volatile_potential_kg":0.012742299802960199,"volume_m3":3.141592653589793e-05},{"ash_mass_kg":0.0,"char_mass_kg":0.0,"dry_wood_mass_kg":0.04900884539600077,"external_area_m2":0.0,"moisture_mass_kg":0.005881061447520092,"oxygen_factor":0.0,"phase":"WET_WOOD","surface_exposure":0.0,"temperature_k":293.15,"volatile_potential_kg":0.038226899408880605,"volume_m3":9.424777960769378e-05},{"ash_mass_kg":0.0,"char_mass_kg":0.0,"dry_wood_mass_kg":0.0816814089933346,"external_area_m2":0.0,"moisture_mass_kg":0.009801769079200152,"oxygen_factor":0.0,"phase":"WET_WOOD","surface_exposure":0.0,"temperature_k":293.15,"volatile_potential_kg":0.063711499014801,"volume_m3":0.00015707963267948963},{"ash_mass_kg":0.0,"char_mass_kg":0.0,"dry_wood_mass_kg":0.11435397259066847,"external_area_m2":0.006283185307179586,"moisture_mass_kg":0.013722476710880217,"oxygen_factor":1.0,"phase":"WET_WOOD","surface_exposure":1.0,"temperature_k":293.15,"volatile_potential_kg":0.0891960986207214,"volume_m3":0.0002199114857512855},{"ash_mass_kg":0.0,"char_mass_kg":0.0,"dry_wood_mass_kg":0.016336281798666922,"external_area_m2":0.0,"moisture_mass_kg":0.0019603538158400307,"oxygen_factor":0.0,"phase":"WET_WOOD","surface_exposure":0.0,"temperature_k":293.15,"volatile_potential_kg":0.012742299802960199,"volume_m3":3.141592653589793e-05},{"ash_mass_kg":0.0,"char_mass_kg":0.0,"dry_wood_mass_kg":0.04900884539600077,"external_area_m2":0.0,"moisture_mass_kg":0.005881061447520092,"oxygen_factor":0.0,"phase":"WET_WOOD","surface_exposure":0.0,"temperature_k":293.15,"volatile_potential_kg":0.038226899408880605,"volume_m3":9.424777960769378e-05},{"ash_mass_kg":0.0,"char_mass_kg":0.0,"dry_wood_mass_kg":0.0816814089933346,"external_area_m2":0.0,"moisture_mass_kg":0.009801769079200152,"oxygen_factor":0.0,"phase":"WET_WOOD","surface_exposure":0.0,"temperature_k":293.15,"volatile_potential_kg":0.063711499014801,"volume_m3":0.00015707963267948963},{"ash_mass_kg":0.0,"char_mass_kg":0.0,"dry_wood_mass_kg":0.11435397259066847,"external_area_m2":0.006283185307179586,"moisture_mass_kg":0.013722476710880217,"oxygen_factor":1.0,"phase":"WET_WOOD","surface_exposure":1.0,"temperature_k":293.15,"volatile_potential_kg":0.0891960986207214,"volume_m3":0.0002199114857512855},{"ash_mass_kg":0.0,"char_mass_kg":0.0,"dry_wood_mass_kg":0.016336281798666922,"external_area_m2":0.0,"moisture_mass_kg":0.0019603538158400307,"oxygen_factor":0.0,"phase":"WET_WOOD","surface_exposure":0.0,"temperature_k":293.15,"volatile_potential_kg":0.012742299802960199,"volume_m3":3.141592653589793e-05},{"ash_mass_kg":0.0,"char_mass_kg":0.0,"dry_wood_mass_kg":0.04900884539600077,"external_area_m2":0.0,"moisture_mass_kg":0.005881061447520092,"oxygen_factor":0.0,"phase":"WET_WOOD","surface_exposure":0.0,"temperature_k":293.15,"volatile_potential_kg":0.038226899408880605,"volume_m3":9.424777960769378e-05},{"ash_mass_kg":0.0,"char_mass_kg":0.0,"dry_wood_mass_kg":0.0816814089933346,"external_area_m2":0.0,"moisture_mass_kg":0.009801769079200152,"oxygen_factor":0.0,"phase":"WET_WOOD","surface_exposure":0.0,"temperature_k":293.15,"volatile_potential_kg":0.063711499014801,"volume_m3":0.00015707963267948963},{"ash_mass_kg":0.0,"char_mass_kg":0.0,"dry_wood_mass_kg":0.11435397259066847,"external_area_m2":0.006283185307179586,"moisture_mass_kg":0.013722476710880217,"oxygen_factor":1.0,"phase":"WET_WOOD","surface_exposure":1.0,"temperature_k":293.15,"volatile_potential_kg":0.0891960986207214,"volume_m3":0.0002199114857512855},{"ash_mass_kg":0.0,"char_mass_kg":0.0,"dry_wood_mass_kg":0.016336281798666922,"external_area_m2":0.0,"moisture_mass_kg":0.0019603538158400307,"oxygen_factor":0.0,"phase":"WET_WOOD","surface_exposure":0.0,"temperature_k":293.15,"volatile_potential_kg":0.012742299802960199,"volume_m3":3.141592653589793e-05},{"ash_mass_kg":0.0,"char_mass_kg":0.0,"dry_wood_mass_kg":0.04900884539600077,"external_area_m2":0.0,"moisture_mass_kg":0.005881061447520092,"oxygen_factor":0.0,"phase":"WET_WOOD","surface_exposure":0.0,"temperature_k":293.15,"volatile_potential_kg":0.038226899408880605,"volume_m3":9.424777960769378e-05},{"ash_mass_kg":0.0,"char_mass_kg":0.0,"dry_wood_mass_kg":0.0816814089933346,"external_area_m2":0.0,"moisture_mass_kg":0.009801769079200152,"oxygen_factor":0.0,"phase":"WET_WOOD","surface_exposure":0.0,"temperature_k":293.15,"volatile_potential_kg":0.063711499014801,"volume_m3":0.00015707963267948963},{"ash_mass_kg":0.0,"char_mass_kg":0.0,"dry_wood_mass_kg":0.11435397259066847,"external_area_m2":0.006283185307179586,"moisture_mass_kg":0.013722476710880217,"oxygen_factor":1.0,"phase":"WET_WOOD","surface_exposure":1.0,"temperature_k":293.15,"volatile_potential_kg":0.0891960986207214,"volume_m3":0.0002199114857512855},{"ash_mass_kg":0.0,"char_mass_kg":0.0,"dry_wood_mass_kg":0.016336281798666922,"external_area_m2":0.0,"moisture_mass_kg":0.0019603538158400307,"oxygen_factor":0.0,"phase":"WET_WOOD","surface_exposure":0.0,"temperature_k":293.15,"volatile_potential_kg":0.012742299802960199,"volume_m3":3.141592653589793e-05},{"ash_mass_kg":0.0,"char_mass_kg":0.0,"dry_wood_mass_kg":0.04900884539600077,"external_area_m2":0.0,"moisture_mass_kg":0.005881061447520092,"oxygen_factor":0.0,"phase":"WET_WOOD","surface_exposure":0.0,"temperature_k":293.15,"volatile_potential_kg":0.038226899408880605,"volume_m3":9.424777960769378e-05},{"ash_mass_kg":0.0,"char_mass_kg":0.0,"dry_wood_mass_kg":0.0816814089933346,"external_area_m2":0.0,"moisture_mass_kg":0.009801769079200152,"oxygen_factor":0.0,"phase":"WET_WOOD","surface_exposure":0.0,"temperature_k":293.15,"volatile_potential_kg":0.063711499014801,"volume_m3":0.00015707963267948963},{"ash_mass_kg":0.0,"char_mass_kg":0.0,"dry_wood_mass_kg":0.11435397259066847,"external_area_m2":0.006283185307179586,"moisture_mass_kg":0.013722476710880217,"oxygen_factor":1.0,"phase":"WET_WOOD","surface_exposure":1.0,"temperature_k":293.15,"volatile_potential_kg":0.0891960986207214,"volume_m3":0.0002199114857512855},{"ash_mass_kg":0.0,"char_mass_kg":0.0,"dry_wood_mass_kg":0.016336281798666922,"external_area_m2":0.0,"moisture_mass_kg":0.0019603538158400307,"oxygen_factor":0.0,"phase":"WET_WOOD","surface_exposure":0.0,"temperature_k":293.15,"volatile_potential_kg":0.012742299802960199,"volume_m3":3.141592653589793e-05},{"ash_mass_kg":0.0,"char_mass_kg":0.0,"dry_wood_mass_kg":0.04900884539600077,"external_area_m2":0.0,"moisture_mass_kg":0.005881061447520092,"oxygen_factor":0.0,"phase":"WET_WOOD","surface_exposure":0.0,"temperature_k":293.15,"volatile_potential_kg":0.038226899408880605,"volume_m3":9.424777960769378e-05},{"ash_mass_kg":0.0,"char_mass_kg":0.0,"dry_wood_mass_kg":0.0816814089933346,"external_area_m2":0.0,"moisture_mass_kg":0.009801769079200152,"oxygen_factor":0.0,"phase":"WET_WOOD","surface_exposure":0.0,"temperature_k":293.15,"volatile_potential_kg":0.063711499014801,"volume_m3":0.00015707963267948963},{"ash_mass_kg":0.0,"char_mass_kg":0.0,"dry_wood_mass_kg":0.11435397259066847,"external_area_m2":0.006283185307179586,"moisture_mass_kg":0.013722476710880217,"oxygen_factor":1.0,"phase":"WET_WOOD","surface_exposure":1.0,"temperature_k":293.15,"volatile_potential_kg":0.0891960986207214,"volume_m3":0.0002199114857512855},{"ash_mass_kg":0.0,"char_mass_kg":0.0,"dry_wood_mass_kg":0.016336281798666922,"external_area_m2":0.0,"moisture_mass_kg":0.0019603538158400307,"oxygen_factor":0.0,"phase":"WET_WOOD","surface_exposure":0.0,"temperature_k":293.15,"volatile_potential_kg":0.012742299802960199,"volume_m3":3.141592653589793e-05},{"ash_mass_kg":0.0,"char_mass_kg":0.0,"dry_wood_mass_kg":0.04900884539600077,"external_area_m2":0.0,"moisture_mass_kg":0.005881061447520092,"oxygen_factor":0.0,"phase":"WET_WOOD","surface_exposure":0.0,"temperature_k":293.15,"volatile_potential_kg":0.038226899408880605,"volume_m3":9.424777960769378e-05},{"ash_mass_kg":0.0,"char_mass_kg":0.0,"dry_wood_mass_kg":0.0816814089933346,"external_area_m2":0.0,"moisture_mass_kg":0.009801769079200152,"oxygen_factor":0.0,"phase":"WET_WOOD","surface_exposure":0.0,"temperature_k":293.15,"volatile_potential_kg":0.063711499014801,"volume_m3":0.00015707963267948963},{"ash_mass_kg":0.0,"char_mass_kg":0.0,"dry_wood_mass_kg":0.11435397259066847,"external_area_m2":0.006283185307179586,"moisture_mass_kg":0.013722476710880217,"oxygen_factor":1.0,"phase":"WET_WOOD","surface_exposure":1.0,"temperature_k":293.15,"volatile_potential_kg":0.0891960986207214,"volume_m3":0.0002199114857512855},{"ash_mass_kg":0.0,"char_mass_kg":0.0,"dry_wood_mass_kg":0.016336281798666922,"external_area_m2":0.0,"moisture_mass_kg":0.0019603538158400307,"oxygen_factor":0.0,"phase":"WET_WOOD","surface_exposure":0.0,"temperature_k":293.15,"volatile_potential_kg":0.012742299802960199,"volume_m3":3.141592653589793e-05},{"ash_mass_kg":0.0,"char_mass_kg":0.0,"dry_wood_mass_kg":0.04900884539600077,"external_area_m2":0.0,"moisture_mass_kg":0.005881061447520092,"oxygen_factor":0.0,"phase":"WET_WOOD","surface_exposure":0.0,"temperature_k":293.15,"volatile_potential_kg":0.038226899408880605,"volume_m3":9.424777960769378e-05},{"ash_mass_kg":0.0,"char_mass_kg":0.0,"dry_wood_mass_kg":0.0816814089933346,"external_area_m2":0.0,"moisture_mass_kg":0.009801769079200152,"oxygen_factor":0.0,"phase":"WET_WOOD","surface_exposure":0.0,"temperature_k":293.15,"volatile_potential_kg":0.063711499014801,"volume_m3":0.00015707963267948963},{"ash_mass_kg":0.0,"char_mass_kg":0.0,"dry_wood_mass_kg":0.11435397259066847,"external_area_m2":0.006283185307179586,"moisture_mass_kg":0.013722476710880217,"oxygen_factor":1.0,"phase":"WET_WOOD","surface_exposure":1.0,"temperature_k":293.15,"volatile_potential_kg":0.0891960986207214,"volume_m3":0.0002199114857512855},{"ash_mass_kg":0.0,"char_mass_kg":0.0,"dry_wood_mass_kg":0.016336281798666922,"external_area_m2":0.0,"moisture_mass_kg":0.0019603538158400307,"oxygen_factor":0.0,"phase":"WET_WOOD","surface_exposure":0.0,"temperature_k":293.15,"volatile_potential_kg":0.012742299802960199,"volume_m3":3.141592653589793e-05},{"ash_mass_kg":0.0,"char_mass_kg":0.0,"dry_wood_mass_kg":0.04900884539600077,"external_area_m2":0.0,"moisture_mass_kg":0.005881061447520092,"oxygen_factor":0.0,"phase":"WET_WOOD","surface_exposure":0.0,"temperature_k":293.15,"volatile_potential_kg":0.038226899408880605,"volume_m3":9.424777960769378e-05},{"ash_mass_kg":0.0,"char_mass_kg":0.0,"dry_wood_mass_kg":0.0816814089933346,"external_area_m2":0.0,"moisture_mass_kg":0.009801769079200152,"oxygen_factor":0.0,"phase":"WET_WOOD","surface_exposure":0.0,"temperature_k":293.15,"volatile_potential_kg":0.063711499014801,"volume_m3":0.00015707963267948963},{"ash_mass_kg":0.0,"char_mass_kg":0.0,"dry_wood_mass_kg":0.11435397259066847,"external_area_m2":0.006283185307179586,"moisture_mass_kg":0.013722476710880217,"oxygen_factor":1.0,"phase":"WET_WOOD","surface_exposure":1.0,"temperature_k":293.15,"volatile_potential_kg":0.0891960986207214,"volume_m3":0.0002199114857512855},{"ash_mass_kg":0.0,"char_mass_kg":0.0,"dry_wood_mass_kg":0.016336281798666922,"external_area_m2":0.0,"moisture_mass_kg":0.0019603538158400307,"oxygen_factor":0.0,"phase":"WET_WOOD","surface_exposure":0.0,"temperature_k":293.15,"volatile_potential_kg":0.012742299802960199,"volume_m3":3.141592653589793e-05},{"ash_mass_kg":0.0,"char_mass_kg":0.0,"dry_wood_mass_kg":0.04900884539600077,"external_area_m2":0.0,"moisture_mass_kg":0.005881061447520092,"oxygen_factor":0.0,"phase":"WET_WOOD","surface_exposure":0.0,"temperature_k":293.15,"volatile_potential_kg":0.038226899408880605,"volume_m3":9.424777960769378e-05},{"ash_mass_kg":0.0,"char_mass_kg":0.0,"dry_wood_mass_kg":0.0816814089933346,"external_area_m2":0.0,"moisture_mass_kg":0.009801769079200152,"oxygen_factor":0.0,"phase":"WET_WOOD","surface_exposure":0.0,"temperature_k":293.15,"volatile_potential_kg":0.063711499014801,"volume_m3":0.00015707963267948963},{"ash_mass_kg":0.0,"char_mass_kg":0.0,"dry_wood_mass_kg":0.11435397259066847,"external_area_m2":0.006283185307179586,"moisture_mass_kg":0.013722476710880217,"oxygen_factor":1.0,"phase":"WET_WOOD","surface_exposure":1.0,"temperature_k":293.15,"volatile_potential_kg":0.0891960986207214,"volume_m3":0.0002199114857512855},{"ash_mass_kg":0.0,"char_mass_kg":0.0,"dry_wood_mass_kg":0.016336281798666922,"external_area_m2":0.0,"moisture_mass_kg":0.0019603538158400307,"oxygen_factor":0.0,"phase":"WET_WOOD","surface_exposure":0.0,"temperature_k":293.15,"volatile_potential_kg":0.012742299802960199,"volume_m3":3.141592653589793e-05},{"ash_mass_kg":0.0,"char_mass_kg":0.0,"dry_wood_mass_kg":0.04900884539600077,"external_area_m2":0.0,"moisture_mass_kg":0.005881061447520092,"oxygen_factor":0.0,"phase":"WET_WOOD","surface_exposure":0.0,"temperature_k":293.15,"volatile_potential_kg":0.038226899408880605,"volume_m3":9.424777960769378e-05},{"ash_mass_kg":0.0,"char_mass_kg":0.0,"dry_wood_mass_kg":0.0816814089933346,"external_area_m2":0.0,"moisture_mass_kg":0.009801769079200152,"oxygen_factor":0.0,"phase":"WET_WOOD","surface_exposure":0.0,"temperature_k":293.15,"volatile_potential_kg":0.063711499014801,"volume_m3":0.00015707963267948963},{"ash_mass_kg":0.0,"char_mass_kg":0.0,"dry_wood_mass_kg":0.11435397259066847,"external_area_m2":0.006283185307179586,"moisture_mass_kg":0.013722476710880217,"oxygen_factor":1.0,"phase":"WET_WOOD","surface_exposure":1.0,"temperature_k":293.15,"volatile_potential_kg":0.0891960986207214,"volume_m3":0.0002199114857512855},{"ash_mass_kg":0.0,"char_mass_kg":0.0,"dry_wood_mass_kg":0.016336281798666922,"external_area_m2":0.0,"moisture_mass_kg":0.0019603538158400307,"oxygen_factor":0.0,"phase":"WET_WOOD","surface_exposure":0.0,"temperature_k":293.15,"volatile_potential_kg":0.012742299802960199,"volume_m3":3.141592653589793e-05},{"ash_mass_kg":0.0,"char_mass_kg":0.0,"dry_wood_mass_kg":0.04900884539600077,"external_area_m2":0.0,"moisture_mass_kg":0.005881061447520092,"oxygen_factor":0.0,"phase":"WET_WOOD","surface_exposure":0.0,"temperature_k":293.15,"volatile_potential_kg":0.038226899408880605,"volume_m3":9.424777960769378e-05},{"ash_mass_kg":0.0,"char_mass_kg":0.0,"dry_wood_mass_kg":0.0816814089933346,"external_area_m2":0.0,"moisture_mass_kg":0.009801769079200152,"oxygen_factor":0.0,"phase":"WET_WOOD","surface_exposure":0.0,"temperature_k":293.15,"volatile_potential_kg":0.063711499014801,"volume_m3":0.00015707963267948963},{"ash_mass_kg":0.0,"char_mass_kg":0.0,"dry_wood_mass_kg":0.11435397259066847,"external_area_m2":0.006283185307179586,"moisture_mass_kg":0.013722476710880217,"oxygen_factor":1.0,"phase":"WET_WOOD","surface_exposure":1.0,"temperature_k":293.15,"volatile_potential_kg":0.0891960986207214,"volume_m3":0.0002199114857512855},{"ash_mass_kg":0.0,"char_mass_kg":0.0,"dry_wood_mass_kg":0.016336281798666922,"external_area_m2":0.0,"moisture_mass_kg":0.0019603538158400307,"oxygen_factor":0.0,"phase":"WET_WOOD","surface_exposure":0.0,"temperature_k":293.15,"volatile_potential_kg":0.012742299802960199,"volume_m3":3.141592653589793e-05},{"ash_mass_kg":0.0,"char_mass_kg":0.0,"dry_wood_mass_kg":0.04900884539600077,"external_area_m2":0.0,"moisture_mass_kg":0.005881061447520092,"oxygen_factor":0.0,"phase":"WET_WOOD","surface_exposure":0.0,"temperature_k":293.15,"volatile_potential_kg":0.038226899408880605,"volume_m3":9.424777960769378e-05},{"ash_mass_kg":0.0,"char_mass_kg":0.0,"dry_wood_mass_kg":0.0816814089933346,"external_area_m2":0.0,"moisture_mass_kg":0.009801769079200152,"oxygen_factor":0.0,"phase":"WET_WOOD","surface_exposure":0.0,"temperature_k":293.15,"volatile_potential_kg":0.063711499014801,"volume_m3":0.00015707963267948963},{"ash_mass_kg":0.0,"char_mass_kg":0.0,"dry_wood_mass_kg":0.11435397259066847,"external_area_m2":0.006283185307179586,"moisture_mass_kg":0.013722476710880217,"oxygen_factor":1.0,"phase":"WET_WOOD","surface_exposure":1.0,"temperature_k":293.15,"volatile_potential_kg":0.0891960986207214,"volume_m3":0.0002199114857512855},{"ash_mass_kg":0.0,"char_mass_kg":0.0,"dry_wood_mass_kg":0.016336281798666922,"external_area_m2":0.0,"moisture_mass_kg":0.0019603538158400307,"oxygen_factor":0.0,"phase":"WET_WOOD","surface_exposure":0.0,"temperature_k":293.15,"volatile_potential_kg":0.012742299802960199,"volume_m3":3.141592653589793e-05},{"ash_mass_kg":0.0,"char_mass_kg":0.0,"dry_wood_mass_kg":0.04900884539600077,"external_area_m2":0.0,"moisture_mass_kg":0.005881061447520092,"oxygen_factor":0.0,"phase":"WET_WOOD","surface_exposure":0.0,"temperature_k":293.15,"volatile_potential_kg":0.038226899408880605,"volume_m3":9.424777960769378e-05},{"ash_mass_kg":0.0,"char_mass_kg":0.0,"dry_wood_mass_kg":0.0816814089933346,"external_area_m2":0.0,"moisture_mass_kg":0.009801769079200152,"oxygen_factor":0.0,"phase":"WET_WOOD","surface_exposure":0.0,"temperature_k":293.15,"volatile_potential_kg":0.063711499014801,"volume_m3":0.00015707963267948963},{"ash_mass_kg":0.0,"char_mass_kg":0.0,"dry_wood_mass_kg":0.11435397259066847,"external_area_m2":0.006283185307179586,"moisture_mass_kg":0.013722476710880217,"oxygen_factor":1.0,"phase":"WET_WOOD","surface_exposure":1.0,"temperature_k":293.15,"volatile_potential_kg":0.0891960986207214,"volume_m3":0.0002199114857512855},{"ash_mass_kg":0.0,"char_mass_kg":0.0,"dry_wood_mass_kg":0.016336281798666922,"external_area_m2":0.0,"moisture_mass_kg":0.0019603538158400307,"oxygen_factor":0.0,"phase":"WET_WOOD","surface_exposure":0.0,"temperature_k":293.15,"volatile_potential_kg":0.012742299802960199,"volume_m3":3.141592653589793e-05},{"ash_mass_kg":0.0,"char_mass_kg":0.0,"dry_wood_mass_kg":0.04900884539600077,"external_area_m2":0.0,"moisture_mass_kg":0.005881061447520092,"oxygen_factor":0.0,"phase":"WET_WOOD","surface_exposure":0.0,"temperature_k":293.15,"volatile_potential_kg":0.038226899408880605,"volume_m3":9.424777960769378e-05},{"ash_mass_kg":0.0,"char_mass_kg":0.0,"dry_wood_mass_kg":0.0816814089933346,"external_area_m2":0.0,"moisture_mass_kg":0.009801769079200152,"oxygen_factor":0.0,"phase":"WET_WOOD","surface_exposure":0.0,"temperature_k":293.15,"volatile_potential_kg":0.063711499014801,"volume_m3":0.00015707963267948963},{"ash_mass_kg":0.0,"char_mass_kg":0.0,"dry_wood_mass_kg":0.11435397259066847,"external_area_m2":0.006283185307179586,"moisture_mass_kg":0.013722476710880217,"oxygen_factor":1.0,"phase":"WET_WOOD","surface_exposure":1.0,"temperature_k":293.15,"volatile_potential_kg":0.0891960986207214,"volume_m3":0.0002199114857512855},{"ash_mass_kg":0.0,"char_mass_kg":0.0,"dry_wood_mass_kg":0.016336281798666922,"external_area_m2":0.0,"moisture_mass_kg":0.0019603538158400307,"oxygen_factor":0.0,"phase":"WET_WOOD","surface_exposure":0.0,"temperature_k":293.15,"volatile_potential_kg":0.012742299802960199,"volume_m3":3.141592653589793e-05},{"ash_mass_kg":0.0,"char_mass_kg":0.0,"dry_wood_mass_kg":0.04900884539600077,"external_area_m2":0.0,"moisture_mass_kg":0.005881061447520092,"oxygen_factor":0.0,"phase":"WET_WOOD","surface_exposure":0.0,"temperature_k":293.15,"volatile_potential_kg":0.038226899408880605,"volume_m3":9.424777960769378e-05},{"ash_mass_kg":0.0,"char_mass_kg":0.0,"dry_wood_mass_kg":0.0816814089933346,"external_area_m2":0.0,"moisture_mass_kg":0.009801769079200152,"oxygen_factor":0.0,"phase":"WET_WOOD","surface_exposure":0.0,"temperature_k":293.15,"volatile_potential_kg":0.063711499014801,"volume_m3":0.00015707963267948963},{"ash_mass_kg":0.0,"char_mass_kg":0.0,"dry_wood_mass_kg":0.11435397259066847,"external_area_m2":0.006283185307179586,"moisture_mass_kg":0.013722476710880217,"oxygen_factor":1.0,"phase":"WET_WOOD","surface_exposure":1.0,"temperature_k":293.15,"volatile_potential_kg":0.0891960986207214,"volume_m3":0.0002199114857512855},{"ash_mass_kg":0.0,"char_mass_kg":0.0,"dry_wood_mass_kg":0.016336281798666922,"external_area_m2":0.0,"moisture_mass_kg":0.0019603538158400307,"oxygen_factor":0.0,"phase":"WET_WOOD","surface_exposure":0.0,"temperature_k":293.15,"volatile_potential_kg":0.012742299802960199,"volume_m3":3.141592653589793e-05},{"ash_mass_kg":0.0,"char_mass_kg":0.0,"dry_wood_mass_kg":0.04900884539600077,"external_area_m2":0.0,"moisture_mass_kg":0.005881061447520092,"oxygen_factor":0.0,"phase":"WET_WOOD","surface_exposure":0.0,"temperature_k":293.15,"volatile_potential_kg":0.038226899408880605,"volume_m3":9.424777960769378e-05},{"ash_mass_kg":0.0,"char_mass_kg":0.0,"dry_wood_mass_kg":0.0816814089933346,"external_area_m2":0.0,"moisture_mass_kg":0.009801769079200152,"oxygen_factor":0.0,"phase":"WET_WOOD","surface_exposure":0.0,"temperature_k":293.15,"volatile_potential_kg":0.063711499014801,"volume_m3":0.00015707963267948963},{"ash_mass_kg":0.0,"char_mass_kg":0.0,"dry_wood_mass_kg":0.11435397259066847,"external_area_m2":0.006283185307179586,"moisture_mass_kg":0.013722476710880217,"oxygen_factor":1.0,"phase":"WET_WOOD","surface_exposure":1.0,"temperature_k":293.15,"volatile_potential_kg":0.0891960986207214,"volume_m3":0.0002199114857512855},{"ash_mass_kg":0.0,"char_mass_kg":0.0,"dry_wood_mass_kg":0.016336281798666922,"external_area_m2":0.0,"moisture_mass_kg":0.0019603538158400307,"oxygen_factor":0.0,"phase":"WET_WOOD","surface_exposure":0.0,"temperature_k":293.15,"volatile_potential_kg":0.012742299802960199,"volume_m3":3.141592653589793e-05},{"ash_mass_kg":0.0,"char_mass_kg":0.0,"dry_wood_mass_kg":0.04900884539600077,"external_area_m2":0.0,"moisture_mass_kg":0.005881061447520092,"oxygen_factor":0.0,"phase":"WET_WOOD","surface_exposure":0.0,"temperature_k":293.15,"volatile_potential_kg":0.038226899408880605,"volume_m3":9.424777960769378e-05},{"ash_mass_kg":0.0,"char_mass_kg":0.0,"dry_wood_mass_kg":0.0816814089933346,"external_area_m2":0.0,"moisture_mass_kg":0.009801769079200152,"oxygen_factor":0.0,"phase":"WET_WOOD","surface_exposure":0.0,"temperature_k":293.15,"volatile_potential_kg":0.063711499014801,"volume_m3":0.00015707963267948963},{"ash_mass_kg":0.0,"char_mass_kg":0.0,"dry_wood_mass_kg":0.11435397259066847,"external_area_m2":0.006283185307179586,"moisture_mass_kg":0.013722476710880217,"oxygen_factor":1.0,"phase":"WET_WOOD","surface_exposure":1.0,"temperature_k":293.15,"volatile_potential_kg":0.0891960986207214,"volume_m3":0.0002199114857512855},{"ash_mass_kg":0.0,"char_mass_kg":0.0,"dry_wood_mass_kg":0.016336281798666922,"external_area_m2":0.0,"moisture_mass_kg":0.0019603538158400307,"oxygen_factor":0.0,"phase":"WET_WOOD","surface_exposure":0.0,"temperature_k":293.15,"volatile_potential_kg":0.012742299802960199,"volume_m3":3.141592653589793e-05},{"ash_mass_kg":0.0,"char_mass_kg":0.0,"dry_wood_mass_kg":0.04900884539600077,"external_area_m2":0.0,"moisture_mass_kg":0.005881061447520092,"oxygen_factor":0.0,"phase":"WET_WOOD","surface_exposure":0.0,"temperature_k":293.15,"volatile_potential_kg":0.038226899408880605,"volume_m3":9.424777960769378e-05},{"ash_mass_kg":0.0,"char_mass_kg":0.0,"dry_wood_mass_kg":0.0816814089933346,"external_area_m2":0.0,"moisture_mass_kg":0.009801769079200152,"oxygen_factor":0.0,"phase":"WET_WOOD","surface_exposure":0.0,"temperature_k":293.15,"volatile_potential_kg":0.063711499014801,"volume_m3":0.00015707963267948963},{"ash_mass_kg":0.0,"char_mass_kg":0.0,"dry_wood_mass_kg":0.11435397259066847,"external_area_m2":0.006283185307179586,"moisture_mass_kg":0.013722476710880217,"oxygen_factor":1.0,"phase":"WET_WOOD","surface_exposure":1.0,"temperature_k":293.15,"volatile_potential_kg":0.0891960986207214,"volume_m3":0.0002199114857512855},{"ash_mass_kg":0.0,"char_mass_kg":0.0,"dry_wood_mass_kg":0.016336281798666922,"external_area_m2":0.0,"moisture_mass_kg":0.0019603538158400307,"oxygen_factor":0.0,"phase":"WET_WOOD","surface_exposure":0.0,"temperature_k":293.15,"volatile_potential_kg":0.012742299802960199,"volume_m3":3.141592653589793e-05},{"ash_mass_kg":0.0,"char_mass_kg":0.0,"dry_wood_mass_kg":0.04900884539600077,"external_area_m2":0.0,"moisture_mass_kg":0.005881061447520092,"oxygen_factor":0.0,"phase":"WET_WOOD","surface_exposure":0.0,"temperature_k":293.15,"volatile_potential_kg":0.038226899408880605,"volume_m3":9.424777960769378e-05},{"ash_mass_kg":0.0,"char_mass_kg":0.0,"dry_wood_mass_kg":0.0816814089933346,"external_area_m2":0.0,"moisture_mass_kg":0.009801769079200152,"oxygen_factor":0.0,"phase":"WET_WOOD","surface_exposure":0.0,"temperature_k":293.15,"volatile_potential_kg":0.063711499014801,"volume_m3":0.00015707963267948963},{"ash_mass_kg":0.0,"char_mass_kg":0.0,"dry_wood_mass_kg":0.11435397259066847,"external_area_m2":0.006283185307179586,"moisture_mass_kg":0.013722476710880217,"oxygen_factor":1.0,"phase":"WET_WOOD","surface_exposure":1.0,"temperature_k":293.15,"volatile_potential_kg":0.0891960986207214,"volume_m3":0.0002199114857512855},{"ash_mass_kg":0.0,"char_mass_kg":0.0,"dry_wood_mass_kg":0.016336281798666922,"external_area_m2":0.0,"moisture_mass_kg":0.0019603538158400307,"oxygen_factor":0.0,"phase":"WET_WOOD","surface_exposure":0.0,"temperature_k":293.15,"volatile_potential_kg":0.012742299802960199,"volume_m3":3.141592653589793e-05},{"ash_mass_kg":0.0,"char_mass_kg":0.0,"dry_wood_mass_kg":0.04900884539600077,"external_area_m2":0.0,"moisture_mass_kg":0.005881061447520092,"oxygen_factor":0.0,"phase":"WET_WOOD","surface_exposure":0.0,"temperature_k":293.15,"volatile_potential_kg":0.038226899408880605,"volume_m3":9.424777960769378e-05},{"ash_mass_kg":0.0,"char_mass_kg":0.0,"dry_wood_mass_kg":0.0816814089933346,"external_area_m2":0.0,"moisture_mass_kg":0.009801769079200152,"oxygen_factor":0.0,"phase":"WET_WOOD","surface_exposure":0.0,"temperature_k":293.15,"volatile_potential_kg":0.063711499014801,"volume_m3":0.00015707963267948963},{"ash_mass_kg":0.0,"char_mass_kg":0.0,"dry_wood_mass_kg":0.11435397259066847,"external_area_m2":0.006283185307179586,"moisture_mass_kg":0.013722476710880217,"oxygen_factor":1.0,"phase":"WET_WOOD","surface_exposure":1.0,"temperature_k":293.15,"volatile_potential_kg":0.0891960986207214,"volume_m3":0.0002199114857512855},{"ash_mass_kg":0.0,"char_mass_kg":0.0,"dry_wood_mass_kg":0.016336281798666922,"external_area_m2":0.0,"moisture_mass_kg":0.0019603538158400307,"oxygen_factor":0.0,"phase":"WET_WOOD","surface_exposure":0.0,"temperature_k":293.15,"volatile_potential_kg":0.012742299802960199,"volume_m3":3.141592653589793e-05},{"ash_mass_kg":0.0,"char_mass_kg":0.0,"dry_wood_mass_kg":0.04900884539600077,"external_area_m2":0.0,"moisture_mass_kg":0.005881061447520092,"oxygen_factor":0.0,"phase":"WET_WOOD","surface_exposure":0.0,"temperature_k":293.15,"volatile_potential_kg":0.038226899408880605,"volume_m3":9.424777960769378e-05},{"ash_mass_kg":0.0,"char_mass_kg":0.0,"dry_wood_mass_kg":0.0816814089933346,"external_area_m2":0.0,"moisture_mass_kg":0.009801769079200152,"oxygen_factor":0.0,"phase":"WET_WOOD","surface_exposure":0.0,"temperature_k":293.15,"volatile_potential_kg":0.063711499014801,"volume_m3":0.00015707963267948963},{"ash_mass_kg":0.0,"char_mass_kg":0.0,"dry_wood_mass_kg":0.11435397259066847,"external_area_m2":0.006283185307179586,"moisture_mass_kg":0.013722476710880217,"oxygen_factor":1.0,"phase":"WET_WOOD","surface_exposure":1.0,"temperature_k":293.15,"volatile_potential_kg":0.0891960986207214,"volume_m3":0.0002199114857512855},{"ash_mass_kg":0.0,"char_mass_kg":0.0,"dry_wood_mass_kg":0.016336281798666922,"external_area_m2":0.0,"moisture_mass_kg":0.0019603538158400307,"oxygen_factor":0.0,"phase":"WET_WOOD","surface_exposure":0.0,"temperature_k":293.15,"volatile_potential_kg":0.012742299802960199,"volume_m3":3.141592653589793e-05},{"ash_mass_kg":0.0,"char_mass_kg":0.0,"dry_wood_mass_kg":0.04900884539600077,"external_area_m2":0.0,"moisture_mass_kg":0.005881061447520092,"oxygen_factor":0.0,"phase":"WET_WOOD","surface_exposure":0.0,"temperature_k":293.15,"volatile_potential_kg":0.038226899408880605,"volume_m3":9.424777960769378e-05},{"ash_mass_kg":0.0,"char_mass_kg":0.0,"dry_wood_mass_kg":0.0816814089933346,"external_area_m2":0.0,"moisture_mass_kg":0.009801769079200152,"oxygen_factor":0.0,"phase":"WET_WOOD","surface_exposure":0.0,"temperature_k":293.15,"volatile_potential_kg":0.063711499014801,"volume_m3":0.00015707963267948963},{"ash_mass_kg":0.0,"char_mass_kg":0.0,"dry_wood_mass_kg":0.11435397259066847,"external_area_m2":0.006283185307179586,"moisture_mass_kg":0.013722476710880217,"oxygen_factor":1.0,"phase":"WET_WOOD","surface_exposure":1.0,"temperature_k":293.15,"volatile_potential_kg":0.0891960986207214,"volume_m3":0.0002199114857512855},{"ash_mass_kg":0.0,"char_mass_kg":0.0,"dry_wood_mass_kg":0.016336281798666922,"external_area_m2":0.0,"moisture_mass_kg":0.0019603538158400307,"oxygen_factor":0.0,"phase":"WET_WOOD","surface_exposure":0.0,"temperature_k":293.15,"volatile_potential_kg":0.012742299802960199,"volume_m3":3.141592653589793e-05},{"ash_mass_kg":0.0,"char_mass_kg":0.0,"dry_wood_mass_kg":0.04900884539600077,"external_area_m2":0.0,"moisture_mass_kg":0.005881061447520092,"oxygen_factor":0.0,"phase":"WET_WOOD","surface_exposure":0.0,"temperature_k":293.15,"volatile_potential_kg":0.038226899408880605,"volume_m3":9.424777960769378e-05},{"ash_mass_kg":0.0,"char_mass_kg":0.0,"dry_wood_mass_kg":0.0816814089933346,"external_area_m2":0.0,"moisture_mass_kg":0.009801769079200152,"oxygen_factor":0.0,"phase":"WET_WOOD","surface_exposure":0.0,"temperature_k":293.15,"volatile_potential_kg":0.063711499014801,"volume_m3":0.00015707963267948963},{"ash_mass_kg":0.0,"char_mass_kg":0.0,"dry_wood_mass_kg":0.11435397259066847,"external_area_m2":0.006283185307179586,"moisture_mass_kg":0.013722476710880217,"oxygen_factor":1.0,"phase":"WET_WOOD","surface_exposure":1.0,"temperature_k":293.15,"volatile_potential_kg":0.0891960986207214,"volume_m3":0.0002199114857512855},{"ash_mass_kg":0.0,"char_mass_kg":0.0,"dry_wood_mass_kg":0.016336281798666922,"external_area_m2":0.0,"moisture_mass_kg":0.0019603538158400307,"oxygen_factor":0.0,"phase":"WET_WOOD","surface_exposure":0.0,"temperature_k":293.15,"volatile_potential_kg":0.012742299802960199,"volume_m3":3.141592653589793e-05},{"ash_mass_kg":0.0,"char_mass_kg":0.0,"dry_wood_mass_kg":0.04900884539600077,"external_area_m2":0.0,"moisture_mass_kg":0.005881061447520092,"oxygen_factor":0.0,"phase":"WET_WOOD","surface_exposure":0.0,"temperature_k":293.15,"volatile_potential_kg":0.038226899408880605,"volume_m3":9.424777960769378e-05},{"ash_mass_kg":0.0,"char_mass_kg":0.0,"dry_wood_mass_kg":0.0816814089933346,"external_area_m2":0.0,"moisture_mass_kg":0.009801769079200152,"oxygen_factor":0.0,"phase":"WET_WOOD","surface_exposure":0.0,"temperature_k":293.15,"volatile_potential_kg":0.063711499014801,"volume_m3":0.00015707963267948963},{"ash_mass_kg":0.0,"char_mass_kg":0.0,"dry_wood_mass_kg":0.11435397259066847,"external_area_m2":0.006283185307179586,"moisture_mass_kg":0.013722476710880217,"oxygen_factor":1.0,"phase":"WET_WOOD","surface_exposure":1.0,"temperature_k":293.15,"volatile_potential_kg":0.0891960986207214,"volume_m3":0.0002199114857512855},{"ash_mass_kg":0.0,"char_mass_kg":0.0,"dry_wood_mass_kg":0.016336281798666922,"external_area_m2":0.0,"moisture_mass_kg":0.0019603538158400307,"oxygen_factor":0.0,"phase":"WET_WOOD","surface_exposure":0.0,"temperature_k":293.15,"volatile_potential_kg":0.012742299802960199,"volume_m3":3.141592653589793e-05},{"ash_mass_kg":0.0,"char_mass_kg":0.0,"dry_wood_mass_kg":0.04900884539600077,"external_area_m2":0.0,"moisture_mass_kg":0.005881061447520092,"oxygen_factor":0.0,"phase":"WET_WOOD","surface_exposure":0.0,"temperature_k":293.15,"volatile_potential_kg":0.038226899408880605,"volume_m3":9.424777960769378e-05},{"ash_mass_kg":0.0,"char_mass_kg":0.0,"dry_wood_mass_kg":0.0816814089933346,"external_area_m2":0.0,"moisture_mass_kg":0.009801769079200152,"oxygen_factor":0.0,"phase":"WET_WOOD","surface_exposure":0.0,"temperature_k":293.15,"volatile_potential_kg":0.063711499014801,"volume_m3":0.00015707963267948963},{"ash_mass_kg":0.0,"char_mass_kg":0.0,"dry_wood_mass_kg":0.11435397259066847,"external_area_m2":0.006283185307179586,"moisture_mass_kg":0.013722476710880217,"oxygen_factor":1.0,"phase":"WET_WOOD","surface_exposure":1.0,"temperature_k":293.15,"volatile_potential_kg":0.0891960986207214,"volume_m3":0.0002199114857512855},{"ash_mass_kg":0.0,"char_mass_kg":0.0,"dry_wood_mass_kg":0.016336281798666922,"external_area_m2":0.0,"moisture_mass_kg":0.0019603538158400307,"oxygen_factor":0.0,"phase":"WET_WOOD","surface_exposure":0.0,"temperature_k":293.15,"volatile_potential_kg":0.012742299802960199,"volume_m3":3.141592653589793e-05},{"ash_mass_kg":0.0,"char_mass_kg":0.0,"dry_wood_mass_kg":0.04900884539600077,"external_area_m2":0.0,"moisture_mass_kg":0.005881061447520092,"oxygen_factor":0.0,"phase":"WET_WOOD","surface_exposure":0.0,"temperature_k":293.15,"volatile_potential_kg":0.038226899408880605,"volume_m3":9.424777960769378e-05},{"ash_mass_kg":0.0,"char_mass_kg":0.0,"dry_wood_mass_kg":0.0816814089933346,"external_area_m2":0.0,"moisture_mass_kg":0.009801769079200152,"oxygen_factor":0.0,"phase":"WET_WOOD","surface_exposure":0.0,"temperature_k":293.15,"volatile_potential_kg":0.063711499014801,"volume_m3":0.00015707963267948963},{"ash_mass_kg":0.0,"char_mass_kg":0.0,"dry_wood_mass_kg":0.11435397259066847,"external_area_m2":0.006283185307179586,"moisture_mass_kg":0.013722476710880217,"oxygen_factor":1.0,"phase":"WET_WOOD","surface_exposure":1.0,"temperature_k":293.15,"volatile_potential_kg":0.0891960986207214,"volume_m3":0.0002199114857512855},{"ash_mass_kg":0.0,"char_mass_kg":0.0,"dry_wood_mass_kg":0.016336281798666922,"external_area_m2":0.0,"moisture_mass_kg":0.0019603538158400307,"oxygen_factor":0.0,"phase":"WET_WOOD","surface_exposure":0.0,"temperature_k":293.15,"volatile_potential_kg":0.012742299802960199,"volume_m3":3.141592653589793e-05},{"ash_mass_kg":0.0,"char_mass_kg":0.0,"dry_wood_mass_kg":0.04900884539600077,"external_area_m2":0.0,"moisture_mass_kg":0.005881061447520092,"oxygen_factor":0.0,"phase":"WET_WOOD","surface_exposure":0.0,"temperature_k":293.15,"volatile_potential_kg":0.038226899408880605,"volume_m3":9.424777960769378e-05},{"ash_mass_kg":0.0,"char_mass_kg":0.0,"dry_wood_mass_kg":0.0816814089933346,"external_area_m2":0.0,"moisture_mass_kg":0.009801769079200152,"oxygen_factor":0.0,"phase":"WET_WOOD","surface_exposure":0.0,"temperature_k":293.15,"volatile_potential_kg":0.063711499014801,"volume_m3":0.00015707963267948963},{"ash_mass_kg":0.0,"char_mass_kg":0.0,"dry_wood_mass_kg":0.11435397259066847,"external_area_m2":0.006283185307179586,"moisture_mass_kg":0.013722476710880217,"oxygen_factor":1.0,"phase":"WET_WOOD","surface_exposure":1.0,"temperature_k":293.15,"volatile_potential_kg":0.0891960986207214,"volume_m3":0.0002199114857512855},{"ash_mass_kg":0.0,"char_mass_kg":0.0,"dry_wood_mass_kg":0.016336281798666922,"external_area_m2":0.0,"moisture_mass_kg":0.0019603538158400307,"oxygen_factor":0.0,"phase":"WET_WOOD","surface_exposure":0.0,"temperature_k":293.15,"volatile_potential_kg":0.012742299802960199,"volume_m3":3.141592653589793e-05},{"ash_mass_kg":0.0,"char_mass_kg":0.0,"dry_wood_mass_kg":0.04900884539600077,"external_area_m2":0.0,"moisture_mass_kg":0.005881061447520092,"oxygen_factor":0.0,"phase":"WET_WOOD","surface_exposure":0.0,"temperature_k":293.15,"volatile_potential_kg":0.038226899408880605,"volume_m3":9.424777960769378e-05},{"ash_mass_kg":0.0,"char_mass_kg":0.0,"dry_wood_mass_kg":0.0816814089933346,"external_area_m2":0.0,"moisture_mass_kg":0.009801769079200152,"oxygen_factor":0.0,"phase":"WET_WOOD","surface_exposure":0.0,"temperature_k":293.15,"volatile_potential_kg":0.063711499014801,"volume_m3":0.00015707963267948963},{"ash_mass_kg":0.0,"char_mass_kg":0.0,"dry_wood_mass_kg":0.11435397259066847,"external_area_m2":0.006283185307179586,"moisture_mass_kg":0.013722476710880217,"oxygen_factor":1.0,"phase":"WET_WOOD","surface_exposure":1.0,"temperature_k":293.15,"volatile_potential_kg":0.0891960986207214,"volume_m3":0.0002199114857512855},{"ash_mass_kg":0.0,"char_mass_kg":0.0,"dry_wood_mass_kg":0.016336281798666922,"external_area_m2":0.0,"moisture_mass_kg":0.0019603538158400307,"oxygen_factor":0.0,"phase":"WET_WOOD","surface_exposure":0.0,"temperature_k":293.15,"volatile_potential_kg":0.012742299802960199,"volume_m3":3.141592653589793e-05},{"ash_mass_kg":0.0,"char_mass_kg":0.0,"dry_wood_mass_kg":0.04900884539600077,"external_area_m2":0.0,"moisture_mass_kg":0.005881061447520092,"oxygen_factor":0.0,"phase":"WET_WOOD","surface_exposure":0.0,"temperature_k":293.15,"volatile_potential_kg":0.038226899408880605,"volume_m3":9.424777960769378e-05},{"ash_mass_kg":0.0,"char_mass_kg":0.0,"dry_wood_mass_kg":0.0816814089933346,"external_area_m2":0.0,"moisture_mass_kg":0.009801769079200152,"oxygen_factor":0.0,"phase":"WET_WOOD","surface_exposure":0.0,"temperature_k":293.15,"volatile_potential_kg":0.063711499014801,"volume_m3":0.00015707963267948963},{"ash_mass_kg":0.0,"char_mass_kg":0.0,"dry_wood_mass_kg":0.11435397259066847,"external_area_m2":0.006283185307179586,"moisture_mass_kg":0.013722476710880217,"oxygen_factor":1.0,"phase":"WET_WOOD","surface_exposure":1.0,"temperature_k":293.15,"volatile_potential_kg":0.0891960986207214,"volume_m3":0.0002199114857512855},{"ash_mass_kg":0.0,"char_mass_kg":0.0,"dry_wood_mass_kg":0.016336281798666922,"external_area_m2":0.0,"moisture_mass_kg":0.0019603538158400307,"oxygen_factor":0.0,"phase":"WET_WOOD","surface_exposure":0.0,"temperature_k":293.15,"volatile_potential_kg":0.012742299802960199,"volume_m3":3.141592653589793e-05},{"ash_mass_kg":0.0,"char_mass_kg":0.0,"dry_wood_mass_kg":0.04900884539600077,"external_area_m2":0.0,"moisture_mass_kg":0.005881061447520092,"oxygen_factor":0.0,"phase":"WET_WOOD","surface_exposure":0.0,"temperature_k":293.15,"volatile_potential_kg":0.038226899408880605,"volume_m3":9.424777960769378e-05},{"ash_mass_kg":0.0,"char_mass_kg":0.0,"dry_wood_mass_kg":0.0816814089933346,"external_area_m2":0.0,"moisture_mass_kg":0.009801769079200152,"oxygen_factor":0.0,"phase":"WET_WOOD","surface_exposure":0.0,"temperature_k":293.15,"volatile_potential_kg":0.063711499014801,"volume_m3":0.00015707963267948963},{"ash_mass_kg":0.0,"char_mass_kg":0.0,"dry_wood_mass_kg":0.11435397259066847,"external_area_m2":0.006283185307179586,"moisture_mass_kg":0.013722476710880217,"oxygen_factor":1.0,"phase":"WET_WOOD","surface_exposure":1.0,"temperature_k":293.15,"volatile_potential_kg":0.0891960986207214,"volume_m3":0.0002199114857512855},{"ash_mass_kg":0.0,"char_mass_kg":0.0,"dry_wood_mass_kg":0.016336281798666922,"external_area_m2":0.0,"moisture_mass_kg":0.0019603538158400307,"oxygen_factor":0.0,"phase":"WET_WOOD","surface_exposure":0.0,"temperature_k":293.15,"volatile_potential_kg":0.012742299802960199,"volume_m3":3.141592653589793e-05},{"ash_mass_kg":0.0,"char_mass_kg":0.0,"dry_wood_mass_kg":0.04900884539600077,"external_area_m2":0.0,"moisture_mass_kg":0.005881061447520092,"oxygen_factor":0.0,"phase":"WET_WOOD","surface_exposure":0.0,"temperature_k":293.15,"volatile_potential_kg":0.038226899408880605,"volume_m3":9.424777960769378e-05},{"ash_mass_kg":0.0,"char_mass_kg":0.0,"dry_wood_mass_kg":0.0816814089933346,"external_area_m2":0.0,"moisture_mass_kg":0.009801769079200152,"oxygen_factor":0.0,"phase":"WET_WOOD","surface_exposure":0.0,"temperature_k":293.15,"volatile_potential_kg":0.063711499014801,"volume_m3":0.00015707963267948963},{"ash_mass_kg":0.0,"char_mass_kg":0.0,"dry_wood_mass_kg":0.11435397259066847,"external_area_m2":0.006283185307179586,"moisture_mass_kg":0.013722476710880217,"oxygen_factor":1.0,"phase":"WET_WOOD","surface_exposure":1.0,"temperature_k":293.15,"volatile_potential_kg":0.0891960986207214,"volume_m3":0.0002199114857512855},{"ash_mass_kg":0.0,"char_mass_kg":0.0,"dry_wood_mass_kg":0.016336281798666922,"external_area_m2":0.0,"moisture_mass_kg":0.0019603538158400307,"oxygen_factor":0.0,"phase":"WET_WOOD","surface_exposure":0.0,"temperature_k":293.15,"volatile_potential_kg":0.012742299802960199,"volume_m3":3.141592653589793e-05},{"ash_mass_kg":0.0,"char_mass_kg":0.0,"dry_wood_mass_kg":0.04900884539600077,"external_area_m2":0.0,"moisture_mass_kg":0.005881061447520092,"oxygen_factor":0.0,"phase":"WET_WOOD","surface_exposure":0.0,"temperature_k":293.15,"volatile_potential_kg":0.038226899408880605,"volume_m3":9.424777960769378e-05},{"ash_mass_kg":0.0,"char_mass_kg":0.0,"dry_wood_mass_kg":0.0816814089933346,"external_area_m2":0.0,"moisture_mass_kg":0.009801769079200152,"oxygen_factor":0.0,"phase":"WET_WOOD","surface_exposure":0.0,"temperature_k":293.15,"volatile_potential_kg":0.063711499014801,"volume_m3":0.00015707963267948963},{"ash_mass_kg":0.0,"char_mass_kg":0.0,"dry_wood_mass_kg":0.11435397259066847,"external_area_m2":0.006283185307179586,"moisture_mass_kg":0.013722476710880217,"oxygen_factor":1.0,"phase":"WET_WOOD","surface_exposure":1.0,"temperature_k":293.15,"volatile_potential_kg":0.0891960986207214,"volume_m3":0.0002199114857512855},{"ash_mass_kg":0.0,"char_mass_kg":0.0,"dry_wood_mass_kg":0.016336281798666922,"external_area_m2":0.0,"moisture_mass_kg":0.0019603538158400307,"oxygen_factor":0.0,"phase":"WET_WOOD","surface_exposure":0.0,"temperature_k":293.15,"volatile_potential_kg":0.012742299802960199,"volume_m3":3.141592653589793e-05},{"ash_mass_kg":0.0,"char_mass_kg":0.0,"dry_wood_mass_kg":0.04900884539600077,"external_area_m2":0.0,"moisture_mass_kg":0.005881061447520092,"oxygen_factor":0.0,"phase":"WET_WOOD","surface_exposure":0.0,"temperature_k":293.15,"volatile_potential_kg":0.038226899408880605,"volume_m3":9.424777960769378e-05},{"ash_mass_kg":0.0,"char_mass_kg":0.0,"dry_wood_mass_kg":0.0816814089933346,"external_area_m2":0.0,"moisture_mass_kg":0.009801769079200152,"oxygen_factor":0.0,"phase":"WET_WOOD","surface_exposure":0.0,"temperature_k":293.15,"volatile_potential_kg":0.063711499014801,"volume_m3":0.00015707963267948963},{"ash_mass_kg":0.0,"char_mass_kg":0.0,"dry_wood_mass_kg":0.11435397259066847,"external_area_m2":0.006283185307179586,"moisture_mass_kg":0.013722476710880217,"oxygen_factor":1.0,"phase":"WET_WOOD","surface_exposure":1.0,"temperature_k":293.15,"volatile_potential_kg":0.0891960986207214,"volume_m3":0.0002199114857512855},{"ash_mass_kg":0.0,"char_mass_kg":0.0,"dry_wood_mass_kg":0.016336281798666922,"external_area_m2":0.0,"moisture_mass_kg":0.0019603538158400307,"oxygen_factor":0.0,"phase":"WET_WOOD","surface_exposure":0.0,"temperature_k":293.15,"volatile_potential_kg":0.012742299802960199,"volume_m3":3.141592653589793e-05},{"ash_mass_kg":0.0,"char_mass_kg":0.0,"dry_wood_mass_kg":0.04900884539600077,"external_area_m2":0.0,"moisture_mass_kg":0.005881061447520092,"oxygen_factor":0.0,"phase":"WET_WOOD","surface_exposure":0.0,"temperature_k":293.15,"volatile_potential_kg":0.038226899408880605,"volume_m3":9.424777960769378e-05},{"ash_mass_kg":0.0,"char_mass_kg":0.0,"dry_wood_mass_kg":0.0816814089933346,"external_area_m2":0.0,"moisture_mass_kg":0.009801769079200152,"oxygen_factor":0.0,"phase":"WET_WOOD","surface_exposure":0.0,"temperature_k":293.15,"volatile_potential_kg":0.063711499014801,"volume_m3":0.00015707963267948963},{"ash_mass_kg":0.0,"char_mass_kg":0.0,"dry_wood_mass_kg":0.11435397259066847,"external_area_m2":0.006283185307179586,"moisture_mass_kg":0.013722476710880217,"oxygen_factor":1.0,"phase":"WET_WOOD","surface_exposure":1.0,"temperature_k":293.15,"volatile_potential_kg":0.0891960986207214,"volume_m3":0.0002199114857512855},{"ash_mass_kg":0.0,"char_mass_kg":0.0,"dry_wood_mass_kg":0.016336281798666922,"external_area_m2":0.0,"moisture_mass_kg":0.0019603538158400307,"oxygen_factor":0.0,"phase":"WET_WOOD","surface_exposure":0.0,"temperature_k":293.15,"volatile_potential_kg":0.012742299802960199,"volume_m3":3.141592653589793e-05},{"ash_mass_kg":0.0,"char_mass_kg":0.0,"dry_wood_mass_kg":0.04900884539600077,"external_area_m2":0.0,"moisture_mass_kg":0.005881061447520092,"oxygen_factor":0.0,"phase":"WET_WOOD","surface_exposure":0.0,"temperature_k":293.15,"volatile_potential_kg":0.038226899408880605,"volume_m3":9.424777960769378e-05},{"ash_mass_kg":0.0,"char_mass_kg":0.0,"dry_wood_mass_kg":0.0816814089933346,"external_area_m2":0.0,"moisture_mass_kg":0.009801769079200152,"oxygen_factor":0.0,"phase":"WET_WOOD","surface_exposure":0.0,"temperature_k":293.15,"volatile_potential_kg":0.063711499014801,"volume_m3":0.00015707963267948963},{"ash_mass_kg":0.0,"char_mass_kg":0.0,"dry_wood_mass_kg":0.11435397259066847,"external_area_m2":0.006283185307179586,"moisture_mass_kg":0.013722476710880217,"oxygen_factor":1.0,"phase":"WET_WOOD","surface_exposure":1.0,"temperature_k":293.15,"volatile_potential_kg":0.0891960986207214,"volume_m3":0.0002199114857512855},{"ash_mass_kg":0.0,"char_mass_kg":0.0,"dry_wood_mass_kg":0.016336281798666922,"external_area_m2":0.0,"moisture_mass_kg":0.0019603538158400307,"oxygen_factor":0.0,"phase":"WET_WOOD","surface_exposure":0.0,"temperature_k":293.15,"volatile_potential_kg":0.012742299802960199,"volume_m3":3.141592653589793e-05},{"ash_mass_kg":0.0,"char_mass_kg":0.0,"dry_wood_mass_kg":0.04900884539600077,"external_area_m2":0.0,"moisture_mass_kg":0.005881061447520092,"oxygen_factor":0.0,"phase":"WET_WOOD","surface_exposure":0.0,"temperature_k":293.15,"volatile_potential_kg":0.038226899408880605,"volume_m3":9.424777960769378e-05},{"ash_mass_kg":0.0,"char_mass_kg":0.0,"dry_wood_mass_kg":0.0816814089933346,"external_area_m2":0.0,"moisture_mass_kg":0.009801769079200152,"oxygen_factor":0.0,"phase":"WET_WOOD","surface_exposure":0.0,"temperature_k":293.15,"volatile_potential_kg":0.063711499014801,"volume_m3":0.00015707963267948963},{"ash_mass_kg":0.0,"char_mass_kg":0.0,"dry_wood_mass_kg":0.11435397259066847,"external_area_m2":0.006283185307179586,"moisture_mass_kg":0.013722476710880217,"oxygen_factor":1.0,"phase":"WET_WOOD","surface_exposure":1.0,"temperature_k":293.15,"volatile_potential_kg":0.0891960986207214,"volume_m3":0.0002199114857512855},{"ash_mass_kg":0.0,"char_mass_kg":0.0,"dry_wood_mass_kg":0.016336281798666922,"external_area_m2":0.0,"moisture_mass_kg":0.0019603538158400307,"oxygen_factor":0.0,"phase":"WET_WOOD","surface_exposure":0.0,"temperature_k":293.15,"volatile_potential_kg":0.012742299802960199,"volume_m3":3.141592653589793e-05},{"ash_mass_kg":0.0,"char_mass_kg":0.0,"dry_wood_mass_kg":0.04900884539600077,"external_area_m2":0.0,"moisture_mass_kg":0.005881061447520092,"oxygen_factor":0.0,"phase":"WET_WOOD","surface_exposure":0.0,"temperature_k":293.15,"volatile_potential_kg":0.038226899408880605,"volume_m3":9.424777960769378e-05},{"ash_mass_kg":0.0,"char_mass_kg":0.0,"dry_wood_mass_kg":0.0816814089933346,"external_area_m2":0.0,"moisture_mass_kg":0.009801769079200152,"oxygen_factor":0.0,"phase":"WET_WOOD","surface_exposure":0.0,"temperature_k":293.15,"volatile_potential_kg":0.063711499014801,"volume_m3":0.00015707963267948963},{"ash_mass_kg":0.0,"char_mass_kg":0.0,"dry_wood_mass_kg":0.11435397259066847,"external_area_m2":0.006283185307179586,"moisture_mass_kg":0.013722476710880217,"oxygen_factor":1.0,"phase":"WET_WOOD","surface_exposure":1.0,"temperature_k":293.15,"volatile_potential_kg":0.0891960986207214,"volume_m3":0.0002199114857512855},{"ash_mass_kg":0.0,"char_mass_kg":0.0,"dry_wood_mass_kg":0.016336281798666922,"external_area_m2":0.0,"moisture_mass_kg":0.0019603538158400307,"oxygen_factor":0.0,"phase":"WET_WOOD","surface_exposure":0.0,"temperature_k":293.15,"volatile_potential_kg":0.012742299802960199,"volume_m3":3.141592653589793e-05},{"ash_mass_kg":0.0,"char_mass_kg":0.0,"dry_wood_mass_kg":0.04900884539600077,"external_area_m2":0.0,"moisture_mass_kg":0.005881061447520092,"oxygen_factor":0.0,"phase":"WET_WOOD","surface_exposure":0.0,"temperature_k":293.15,"volatile_potential_kg":0.038226899408880605,"volume_m3":9.424777960769378e-05},{"ash_mass_kg":0.0,"char_mass_kg":0.0,"dry_wood_mass_kg":0.0816814089933346,"external_area_m2":0.0,"moisture_mass_kg":0.009801769079200152,"oxygen_factor":0.0,"phase":"WET_WOOD","surface_exposure":0.0,"temperature_k":293.15,"volatile_potential_kg":0.063711499014801,"volume_m3":0.00015707963267948963},{"ash_mass_kg":0.0,"char_mass_kg":0.0,"dry_wood_mass_kg":0.11435397259066847,"external_area_m2":0.006283185307179586,"moisture_mass_kg":0.013722476710880217,"oxygen_factor":1.0,"phase":"WET_WOOD","surface_exposure":1.0,"temperature_k":293.15,"volatile_potential_kg":0.0891960986207214,"volume_m3":0.0002199114857512855},{"ash_mass_kg":0.0,"char_mass_kg":0.0,"dry_wood_mass_kg":0.016336281798666922,"external_area_m2":0.0,"moisture_mass_kg":0.0019603538158400307,"oxygen_factor":0.0,"phase":"WET_WOOD","surface_exposure":0.0,"temperature_k":293.15,"volatile_potential_kg":0.012742299802960199,"volume_m3":3.141592653589793e-05},{"ash_mass_kg":0.0,"char_mass_kg":0.0,"dry_wood_mass_kg":0.04900884539600077,"external_area_m2":0.0,"moisture_mass_kg":0.005881061447520092,"oxygen_factor":0.0,"phase":"WET_WOOD","surface_exposure":0.0,"temperature_k":293.15,"volatile_potential_kg":0.038226899408880605,"volume_m3":9.424777960769378e-05},{"ash_mass_kg":0.0,"char_mass_kg":0.0,"dry_wood_mass_kg":0.0816814089933346,"external_area_m2":0.0,"moisture_mass_kg":0.009801769079200152,"oxygen_factor":0.0,"phase":"WET_WOOD","surface_exposure":0.0,"temperature_k":293.15,"volatile_potential_kg":0.063711499014801,"volume_m3":0.00015707963267948963},{"ash_mass_kg":0.0,"char_mass_kg":0.0,"dry_wood_mass_kg":0.11435397259066847,"external_area_m2":0.006283185307179586,"moisture_mass_kg":0.013722476710880217,"oxygen_factor":1.0,"phase":"WET_WOOD","surface_exposure":1.0,"temperature_k":293.15,"volatile_potential_kg":0.0891960986207214,"volume_m3":0.0002199114857512855},{"ash_mass_kg":0.0,"char_mass_kg":0.0,"dry_wood_mass_kg":0.016336281798666922,"external_area_m2":0.0,"moisture_mass_kg":0.0019603538158400307,"oxygen_factor":0.0,"phase":"WET_WOOD","surface_exposure":0.0,"temperature_k":293.15,"volatile_potential_kg":0.012742299802960199,"volume_m3":3.141592653589793e-05},{"ash_mass_kg":0.0,"char_mass_kg":0.0,"dry_wood_mass_kg":0.04900884539600077,"external_area_m2":0.0,"moisture_mass_kg":0.005881061447520092,"oxygen_factor":0.0,"phase":"WET_WOOD","surface_exposure":0.0,"temperature_k":293.15,"volatile_potential_kg":0.038226899408880605,"volume_m3":9.424777960769378e-05},{"ash_mass_kg":0.0,"char_mass_kg":0.0,"dry_wood_mass_kg":0.0816814089933346,"external_area_m2":0.0,"moisture_mass_kg":0.009801769079200152,"oxygen_factor":0.0,"phase":"WET_WOOD","surface_exposure":0.0,"temperature_k":293.15,"volatile_potential_kg":0.063711499014801,"volume_m3":0.00015707963267948963},{"ash_mass_kg":0.0,"char_mass_kg":0.0,"dry_wood_mass_kg":0.11435397259066847,"external_area_m2":0.006283185307179586,"moisture_mass_kg":0.013722476710880217,"oxygen_factor":1.0,"phase":"WET_WOOD","surface_exposure":1.0,"temperature_k":293.15,"volatile_potential_kg":0.0891960986207214,"volume_m3":0.0002199114857512855},{"ash_mass_kg":0.0,"char_mass_kg":0.0,"dry_wood_mass_kg":0.016336281798666922,"external_area_m2":0.0,"moisture_mass_kg":0.0019603538158400307,"oxygen_factor":0.0,"phase":"WET_WOOD","surface_exposure":0.0,"temperature_k":293.15,"volatile_potential_kg":0.012742299802960199,"volume_m3":3.141592653589793e-05},{"ash_mass_kg":0.0,"char_mass_kg":0.0,"dry_wood_mass_kg":0.04900884539600077,"external_area_m2":0.0,"moisture_mass_kg":0.005881061447520092,"oxygen_factor":0.0,"phase":"WET_WOOD","surface_exposure":0.0,"temperature_k":293.15,"volatile_potential_kg":0.038226899408880605,"volume_m3":9.424777960769378e-05},{"ash_mass_kg":0.0,"char_mass_kg":0.0,"dry_wood_mass_kg":0.0816814089933346,"external_area_m2":0.0,"moisture_mass_kg":0.009801769079200152,"oxygen_factor":0.0,"phase":"WET_WOOD","surface_exposure":0.0,"temperature_k":293.15,"volatile_potential_kg":0.063711499014801,"volume_m3":0.00015707963267948963},{"ash_mass_kg":0.0,"char_mass_kg":0.0,"dry_wood_mass_kg":0.11435397259066847,"external_area_m2":0.006283185307179586,"moisture_mass_kg":0.013722476710880217,"oxygen_factor":1.0,"phase":"WET_WOOD","surface_exposure":1.0,"temperature_k":293.15,"volatile_potential_kg":0.0891960986207214,"volume_m3":0.0002199114857512855},{"ash_mass_kg":0.0,"char_mass_kg":0.0,"dry_wood_mass_kg":0.016336281798666922,"external_area_m2":0.0,"moisture_mass_kg":0.0019603538158400307,"oxygen_factor":0.0,"phase":"WET_WOOD","surface_exposure":0.0,"temperature_k":293.15,"volatile_potential_kg":0.012742299802960199,"volume_m3":3.141592653589793e-05},{"ash_mass_kg":0.0,"char_mass_kg":0.0,"dry_wood_mass_kg":0.04900884539600077,"external_area_m2":0.0,"moisture_mass_kg":0.005881061447520092,"oxygen_factor":0.0,"phase":"WET_WOOD","surface_exposure":0.0,"temperature_k":293.15,"volatile_potential_kg":0.038226899408880605,"volume_m3":9.424777960769378e-05},{"ash_mass_kg":0.0,"char_mass_kg":0.0,"dry_wood_mass_kg":0.0816814089933346,"external_area_m2":0.0,"moisture_mass_kg":0.009801769079200152,"oxygen_factor":0.0,"phase":"WET_WOOD","surface_exposure":0.0,"temperature_k":293.15,"volatile_potential_kg":0.063711499014801,"volume_m3":0.00015707963267948963},{"ash_mass_kg":0.0,"char_mass_kg":0.0,"dry_wood_mass_kg":0.11435397259066847,"external_area_m2":0.006283185307179586,"moisture_mass_kg":0.013722476710880217,"oxygen_factor":1.0,"phase":"WET_WOOD","surface_exposure":1.0,"temperature_k":293.15,"volatile_potential_kg":0.0891960986207214,"volume_m3":0.0002199114857512855},{"ash_mass_kg":0.0,"char_mass_kg":0.0,"dry_wood_mass_kg":0.016336281798666922,"external_area_m2":0.0,"moisture_mass_kg":0.0019603538158400307,"oxygen_factor":0.0,"phase":"WET_WOOD","surface_exposure":0.0,"temperature_k":293.15,"volatile_potential_kg":0.012742299802960199,"volume_m3":3.141592653589793e-05},{"ash_mass_kg":0.0,"char_mass_kg":0.0,"dry_wood_mass_kg":0.04900884539600077,"external_area_m2":0.0,"moisture_mass_kg":0.005881061447520092,"oxygen_factor":0.0,"phase":"WET_WOOD","surface_exposure":0.0,"temperature_k":293.15,"volatile_potential_kg":0.038226899408880605,"volume_m3":9.424777960769378e-05},{"ash_mass_kg":0.0,"char_mass_kg":0.0,"dry_wood_mass_kg":0.0816814089933346,"external_area_m2":0.0,"moisture_mass_kg":0.009801769079200152,"oxygen_factor":0.0,"phase":"WET_WOOD","surface_exposure":0.0,"temperature_k":293.15,"volatile_potential_kg":0.063711499014801,"volume_m3":0.00015707963267948963},{"ash_mass_kg":0.0,"char_mass_kg":0.0,"dry_wood_mass_kg":0.11435397259066847,"external_area_m2":0.006283185307179586,"moisture_mass_kg":0.013722476710880217,"oxygen_factor":1.0,"phase":"WET_WOOD","surface_exposure":1.0,"temperature_k":293.15,"volatile_potential_kg":0.0891960986207214,"volume_m3":0.0002199114857512855},{"ash_mass_kg":0.0,"char_mass_kg":0.0,"dry_wood_mass_kg":0.016336281798666922,"external_area_m2":0.0,"moisture_mass_kg":0.0019603538158400307,"oxygen_factor":0.0,"phase":"WET_WOOD","surface_exposure":0.0,"temperature_k":293.15,"volatile_potential_kg":0.012742299802960199,"volume_m3":3.141592653589793e-05},{"ash_mass_kg":0.0,"char_mass_kg":0.0,"dry_wood_mass_kg":0.04900884539600077,"external_area_m2":0.0,"moisture_mass_kg":0.005881061447520092,"oxygen_factor":0.0,"phase":"WET_WOOD","surface_exposure":0.0,"temperature_k":293.15,"volatile_potential_kg":0.038226899408880605,"volume_m3":9.424777960769378e-05},{"ash_mass_kg":0.0,"char_mass_kg":0.0,"dry_wood_mass_kg":0.0816814089933346,"external_area_m2":0.0,"moisture_mass_kg":0.009801769079200152,"oxygen_factor":0.0,"phase":"WET_WOOD","surface_exposure":0.0,"temperature_k":293.15,"volatile_potential_kg":0.063711499014801,"volume_m3":0.00015707963267948963},{"ash_mass_kg":0.0,"char_mass_kg":0.0,"dry_wood_mass_kg":0.11435397259066847,"external_area_m2":0.006283185307179586,"moisture_mass_kg":0.013722476710880217,"oxygen_factor":1.0,"phase":"WET_WOOD","surface_exposure":1.0,"temperature_k":293.15,"volatile_potential_kg":0.0891960986207214,"volume_m3":0.0002199114857512855},{"ash_mass_kg":0.0,"char_mass_kg":0.0,"dry_wood_mass_kg":0.016336281798666922,"external_area_m2":0.0,"moisture_mass_kg":0.0019603538158400307,"oxygen_factor":0.0,"phase":"WET_WOOD","surface_exposure":0.0,"temperature_k":293.15,"volatile_potential_kg":0.012742299802960199,"volume_m3":3.141592653589793e-05},{"ash_mass_kg":0.0,"char_mass_kg":0.0,"dry_wood_mass_kg":0.04900884539600077,"external_area_m2":0.0,"moisture_mass_kg":0.005881061447520092,"oxygen_factor":0.0,"phase":"WET_WOOD","surface_exposure":0.0,"temperature_k":293.15,"volatile_potential_kg":0.038226899408880605,"volume_m3":9.424777960769378e-05},{"ash_mass_kg":0.0,"char_mass_kg":0.0,"dry_wood_mass_kg":0.0816814089933346,"external_area_m2":0.0,"moisture_mass_kg":0.009801769079200152,"oxygen_factor":0.0,"phase":"WET_WOOD","surface_exposure":0.0,"temperature_k":293.15,"volatile_potential_kg":0.063711499014801,"volume_m3":0.00015707963267948963},{"ash_mass_kg":0.0,"char_mass_kg":0.0,"dry_wood_mass_kg":0.11435397259066847,"external_area_m2":0.006283185307179586,"moisture_mass_kg":0.013722476710880217,"oxygen_factor":1.0,"phase":"WET_WOOD","surface_exposure":1.0,"temperature_k":293.15,"volatile_potential_kg":0.0891960986207214,"volume_m3":0.0002199114857512855},{"ash_mass_kg":0.0,"char_mass_kg":0.0,"dry_wood_mass_kg":0.016336281798666922,"external_area_m2":0.0,"moisture_mass_kg":0.0019603538158400307,"oxygen_factor":0.0,"phase":"WET_WOOD","surface_exposure":0.0,"temperature_k":293.15,"volatile_potential_kg":0.012742299802960199,"volume_m3":3.141592653589793e-05},{"ash_mass_kg":0.0,"char_mass_kg":0.0,"dry_wood_mass_kg":0.04900884539600077,"external_area_m2":0.0,"moisture_mass_kg":0.005881061447520092,"oxygen_factor":0.0,"phase":"WET_WOOD","surface_exposure":0.0,"temperature_k":293.15,"volatile_potential_kg":0.038226899408880605,"volume_m3":9.424777960769378e-05},{"ash_mass_kg":0.0,"char_mass_kg":0.0,"dry_wood_mass_kg":0.0816814089933346,"external_area_m2":0.0,"moisture_mass_kg":0.009801769079200152,"oxygen_factor":0.0,"phase":"WET_WOOD","surface_exposure":0.0,"temperature_k":293.15,"volatile_potential_kg":0.063711499014801,"volume_m3":0.00015707963267948963},{"ash_mass_kg":0.0,"char_mass_kg":0.0,"dry_wood_mass_kg":0.11435397259066847,"external_area_m2":0.006283185307179586,"moisture_mass_kg":0.013722476710880217,"oxygen_factor":1.0,"phase":"WET_WOOD","surface_exposure":1.0,"temperature_k":293.15,"volatile_potential_kg":0.0891960986207214,"volume_m3":0.0002199114857512855},{"ash_mass_kg":0.0,"char_mass_kg":0.0,"dry_wood_mass_kg":0.016336281798666922,"external_area_m2":0.0,"moisture_mass_kg":0.0019603538158400307,"oxygen_factor":0.0,"phase":"WET_WOOD","surface_exposure":0.0,"temperature_k":293.15,"volatile_potential_kg":0.012742299802960199,"volume_m3":3.141592653589793e-05},{"ash_mass_kg":0.0,"char_mass_kg":0.0,"dry_wood_mass_kg":0.04900884539600077,"external_area_m2":0.0,"moisture_mass_kg":0.005881061447520092,"oxygen_factor":0.0,"phase":"WET_WOOD","surface_exposure":0.0,"temperature_k":293.15,"volatile_potential_kg":0.038226899408880605,"volume_m3":9.424777960769378e-05},{"ash_mass_kg":0.0,"char_mass_kg":0.0,"dry_wood_mass_kg":0.0816814089933346,"external_area_m2":0.0,"moisture_mass_kg":0.009801769079200152,"oxygen_factor":0.0,"phase":"WET_WOOD","surface_exposure":0.0,"temperature_k":293.15,"volatile_potential_kg":0.063711499014801,"volume_m3":0.00015707963267948963},{"ash_mass_kg":0.0,"char_mass_kg":0.0,"dry_wood_mass_kg":0.11435397259066847,"external_area_m2":0.006283185307179586,"moisture_mass_kg":0.013722476710880217,"oxygen_factor":1.0,"phase":"WET_WOOD","surface_exposure":1.0,"temperature_k":293.15,"volatile_potential_kg":0.0891960986207214,"volume_m3":0.0002199114857512855},{"ash_mass_kg":0.0,"char_mass_kg":0.0,"dry_wood_mass_kg":0.016336281798666922,"external_area_m2":0.0,"moisture_mass_kg":0.0019603538158400307,"oxygen_factor":0.0,"phase":"WET_WOOD","surface_exposure":0.0,"temperature_k":293.15,"volatile_potential_kg":0.012742299802960199,"volume_m3":3.141592653589793e-05},{"ash_mass_kg":0.0,"char_mass_kg":0.0,"dry_wood_mass_kg":0.04900884539600077,"external_area_m2":0.0,"moisture_mass_kg":0.005881061447520092,"oxygen_factor":0.0,"phase":"WET_WOOD","surface_exposure":0.0,"temperature_k":293.15,"volatile_potential_kg":0.038226899408880605,"volume_m3":9.424777960769378e-05},{"ash_mass_kg":0.0,"char_mass_kg":0.0,"dry_wood_mass_kg":0.0816814089933346,"external_area_m2":0.0,"moisture_mass_kg":0.009801769079200152,"oxygen_factor":0.0,"phase":"WET_WOOD","surface_exposure":0.0,"temperature_k":293.15,"volatile_potential_kg":0.063711499014801,"volume_m3":0.00015707963267948963},{"ash_mass_kg":0.0,"char_mass_kg":0.0,"dry_wood_mass_kg":0.11435397259066847,"external_area_m2":0.006283185307179586,"moisture_mass_kg":0.013722476710880217,"oxygen_factor":1.0,"phase":"WET_WOOD","surface_exposure":1.0,"temperature_k":293.15,"volatile_potential_kg":0.0891960986207214,"volume_m3":0.0002199114857512855},{"ash_mass_kg":0.0,"char_mass_kg":0.0,"dry_wood_mass_kg":0.016336281798666922,"external_area_m2":0.0,"moisture_mass_kg":0.0019603538158400307,"oxygen_factor":0.0,"phase":"WET_WOOD","surface_exposure":0.0,"temperature_k":293.15,"volatile_potential_kg":0.012742299802960199,"volume_m3":3.141592653589793e-05},{"ash_mass_kg":0.0,"char_mass_kg":0.0,"dry_wood_mass_kg":0.04900884539600077,"external_area_m2":0.0,"moisture_mass_kg":0.005881061447520092,"oxygen_factor":0.0,"phase":"WET_WOOD","surface_exposure":0.0,"temperature_k":293.15,"volatile_potential_kg":0.038226899408880605,"volume_m3":9.424777960769378e-05},{"ash_mass_kg":0.0,"char_mass_kg":0.0,"dry_wood_mass_kg":0.0816814089933346,"external_area_m2":0.0,"moisture_mass_kg":0.009801769079200152,"oxygen_factor":0.0,"phase":"WET_WOOD","surface_exposure":0.0,"temperature_k":293.15,"volatile_potential_kg":0.063711499014801,"volume_m3":0.00015707963267948963},{"ash_mass_kg":0.0,"char_mass_kg":0.0,"dry_wood_mass_kg":0.11435397259066847,"external_area_m2":0.006283185307179586,"moisture_mass_kg":0.013722476710880217,"oxygen_factor":1.0,"phase":"WET_WOOD","surface_exposure":1.0,"temperature_k":293.15,"volatile_potential_kg":0.0891960986207214,"volume_m3":0.0002199114857512855},{"ash_mass_kg":0.0,"char_mass_kg":0.0,"dry_wood_mass_kg":0.016336281798666922,"external_area_m2":0.0,"moisture_mass_kg":0.0019603538158400307,"oxygen_factor":0.0,"phase":"WET_WOOD","surface_exposure":0.0,"temperature_k":293.15,"volatile_potential_kg":0.012742299802960199,"volume_m3":3.141592653589793e-05},{"ash_mass_kg":0.0,"char_mass_kg":0.0,"dry_wood_mass_kg":0.04900884539600077,"external_area_m2":0.0,"moisture_mass_kg":0.005881061447520092,"oxygen_factor":0.0,"phase":"WET_WOOD","surface_exposure":0.0,"temperature_k":293.15,"volatile_potential_kg":0.038226899408880605,"volume_m3":9.424777960769378e-05},{"ash_mass_kg":0.0,"char_mass_kg":0.0,"dry_wood_mass_kg":0.0816814089933346,"external_area_m2":0.0,"moisture_mass_kg":0.009801769079200152,"oxygen_factor":0.0,"phase":"WET_WOOD","surface_exposure":0.0,"temperature_k":293.15,"volatile_potential_kg":0.063711499014801,"volume_m3":0.00015707963267948963},{"ash_mass_kg":0.0,"char_mass_kg":0.0,"dry_wood_mass_kg":0.11435397259066847,"external_area_m2":0.006283185307179586,"moisture_mass_kg":0.013722476710880217,"oxygen_factor":1.0,"phase":"WET_WOOD","surface_exposure":1.0,"temperature_k":293.15,"volatile_potential_kg":0.0891960986207214,"volume_m3":0.0002199114857512855},{"ash_mass_kg":0.0,"char_mass_kg":0.0,"dry_wood_mass_kg":0.016336281798666922,"external_area_m2":0.0,"moisture_mass_kg":0.0019603538158400307,"oxygen_factor":0.0,"phase":"WET_WOOD","surface_exposure":0.0,"temperature_k":293.15,"volatile_potential_kg":0.012742299802960199,"volume_m3":3.141592653589793e-05},{"ash_mass_kg":0.0,"char_mass_kg":0.0,"dry_wood_mass_kg":0.04900884539600077,"external_area_m2":0.0,"moisture_mass_kg":0.005881061447520092,"oxygen_factor":0.0,"phase":"WET_WOOD","surface_exposure":0.0,"temperature_k":293.15,"volatile_potential_kg":0.038226899408880605,"volume_m3":9.424777960769378e-05},{"ash_mass_kg":0.0,"char_mass_kg":0.0,"dry_wood_mass_kg":0.0816814089933346,"external_area_m2":0.0,"moisture_mass_kg":0.009801769079200152,"oxygen_factor":0.0,"phase":"WET_WOOD","surface_exposure":0.0,"temperature_k":293.15,"volatile_potential_kg":0.063711499014801,"volume_m3":0.00015707963267948963},{"ash_mass_kg":0.0,"char_mass_kg":0.0,"dry_wood_mass_kg":0.11435397259066847,"external_area_m2":0.006283185307179586,"moisture_mass_kg":0.013722476710880217,"oxygen_factor":1.0,"phase":"WET_WOOD","surface_exposure":1.0,"temperature_k":293.15,"volatile_potential_kg":0.0891960986207214,"volume_m3":0.0002199114857512855},{"ash_mass_kg":0.0,"char_mass_kg":0.0,"dry_wood_mass_kg":0.016336281798666922,"external_area_m2":0.0,"moisture_mass_kg":0.0019603538158400307,"oxygen_factor":0.0,"phase":"WET_WOOD","surface_exposure":0.0,"temperature_k":293.15,"volatile_potential_kg":0.012742299802960199,"volume_m3":3.141592653589793e-05},{"ash_mass_kg":0.0,"char_mass_kg":0.0,"dry_wood_mass_kg":0.04900884539600077,"external_area_m2":0.0,"moisture_mass_kg":0.005881061447520092,"oxygen_factor":0.0,"phase":"WET_WOOD","surface_exposure":0.0,"temperature_k":293.15,"volatile_potential_kg":0.038226899408880605,"volume_m3":9.424777960769378e-05},{"ash_mass_kg":0.0,"char_mass_kg":0.0,"dry_wood_mass_kg":0.0816814089933346,"external_area_m2":0.0,"moisture_mass_kg":0.009801769079200152,"oxygen_factor":0.0,"phase":"WET_WOOD","surface_exposure":0.0,"temperature_k":293.15,"volatile_potential_kg":0.063711499014801,"volume_m3":0.00015707963267948963},{"ash_mass_kg":0.0,"char_mass_kg":0.0,"dry_wood_mass_kg":0.11435397259066847,"external_area_m2":0.006283185307179586,"moisture_mass_kg":0.013722476710880217,"oxygen_factor":1.0,"phase":"WET_WOOD","surface_exposure":1.0,"temperature_k":293.15,"volatile_potential_kg":0.0891960986207214,"volume_m3":0.0002199114857512855},{"ash_mass_kg":0.0,"char_mass_kg":0.0,"dry_wood_mass_kg":0.016336281798666922,"external_area_m2":0.0,"moisture_mass_kg":0.0019603538158400307,"oxygen_factor":0.0,"phase":"WET_WOOD","surface_exposure":0.0,"temperature_k":293.15,"volatile_potential_kg":0.012742299802960199,"volume_m3":3.141592653589793e-05},{"ash_mass_kg":0.0,"char_mass_kg":0.0,"dry_wood_mass_kg":0.04900884539600077,"external_area_m2":0.0,"moisture_mass_kg":0.005881061447520092,"oxygen_factor":0.0,"phase":"WET_WOOD","surface_exposure":0.0,"temperature_k":293.15,"volatile_potential_kg":0.038226899408880605,"volume_m3":9.424777960769378e-05},{"ash_mass_kg":0.0,"char_mass_kg":0.0,"dry_wood_mass_kg":0.0816814089933346,"external_area_m2":0.0,"moisture_mass_kg":0.009801769079200152,"oxygen_factor":0.0,"phase":"WET_WOOD","surface_exposure":0.0,"temperature_k":293.15,"volatile_potential_kg":0.063711499014801,"volume_m3":0.00015707963267948963},{"ash_mass_kg":0.0,"char_mass_kg":0.0,"dry_wood_mass_kg":0.11435397259066847,"external_area_m2":0.006283185307179586,"moisture_mass_kg":0.013722476710880217,"oxygen_factor":1.0,"phase":"WET_WOOD","surface_exposure":1.0,"temperature_k":293.15,"volatile_potential_kg":0.0891960986207214,"volume_m3":0.0002199114857512855},{"ash_mass_kg":0.0,"char_mass_kg":0.0,"dry_wood_mass_kg":0.016336281798666922,"external_area_m2":0.0,"moisture_mass_kg":0.0019603538158400307,"oxygen_factor":0.0,"phase":"WET_WOOD","surface_exposure":0.0,"temperature_k":293.15,"volatile_potential_kg":0.012742299802960199,"volume_m3":3.141592653589793e-05},{"ash_mass_kg":0.0,"char_mass_kg":0.0,"dry_wood_mass_kg":0.04900884539600077,"external_area_m2":0.0,"moisture_mass_kg":0.005881061447520092,"oxygen_factor":0.0,"phase":"WET_WOOD","surface_exposure":0.0,"temperature_k":293.15,"volatile_potential_kg":0.038226899408880605,"volume_m3":9.424777960769378e-05},{"ash_mass_kg":0.0,"char_mass_kg":0.0,"dry_wood_mass_kg":0.0816814089933346,"external_area_m2":0.0,"moisture_mass_kg":0.009801769079200152,"oxygen_factor":0.0,"phase":"WET_WOOD","surface_exposure":0.0,"temperature_k":293.15,"volatile_potential_kg":0.063711499014801,"volume_m3":0.00015707963267948963},{"ash_mass_kg":0.0,"char_mass_kg":0.0,"dry_wood_mass_kg":0.11435397259066847,"external_area_m2":0.006283185307179586,"moisture_mass_kg":0.013722476710880217,"oxygen_factor":1.0,"phase":"WET_WOOD","surface_exposure":1.0,"temperature_k":293.15,"volatile_potential_kg":0.0891960986207214,"volume_m3":0.0002199114857512855},{"ash_mass_kg":0.0,"char_mass_kg":0.0,"dry_wood_mass_kg":0.016336281798666922,"external_area_m2":0.0,"moisture_mass_kg":0.0019603538158400307,"oxygen_factor":0.0,"phase":"WET_WOOD","surface_exposure":0.0,"temperature_k":293.15,"volatile_potential_kg":0.012742299802960199,"volume_m3":3.141592653589793e-05},{"ash_mass_kg":0.0,"char_mass_kg":0.0,"dry_wood_mass_kg":0.04900884539600077,"external_area_m2":0.0,"moisture_mass_kg":0.005881061447520092,"oxygen_factor":0.0,"phase":"WET_WOOD","surface_exposure":0.0,"temperature_k":293.15,"volatile_potential_kg":0.038226899408880605,"volume_m3":9.424777960769378e-05},{"ash_mass_kg":0.0,"char_mass_kg":0.0,"dry_wood_mass_kg":0.0816814089933346,"external_area_m2":0.0,"moisture_mass_kg":0.009801769079200152,"oxygen_factor":0.0,"phase":"WET_WOOD","surface_exposure":0.0,"temperature_k":293.15,"volatile_potential_kg":0.063711499014801,"volume_m3":0.00015707963267948963},{"ash_mass_kg":0.0,"char_mass_kg":0.0,"dry_wood_mass_kg":0.11435397259066847,"external_area_m2":0.006283185307179586,"moisture_mass_kg":0.013722476710880217,"oxygen_factor":1.0,"phase":"WET_WOOD","surface_exposure":1.0,"temperature_k":293.15,"volatile_potential_kg":0.0891960986207214,"volume_m3":0.0002199114857512855},{"ash_mass_kg":0.0,"char_mass_kg":0.0,"dry_wood_mass_kg":0.016336281798666922,"external_area_m2":0.0,"moisture_mass_kg":0.0019603538158400307,"oxygen_factor":0.0,"phase":"WET_WOOD","surface_exposure":0.0,"temperature_k":293.15,"volatile_potential_kg":0.012742299802960199,"volume_m3":3.141592653589793e-05},{"ash_mass_kg":0.0,"char_mass_kg":0.0,"dry_wood_mass_kg":0.04900884539600077,"external_area_m2":0.0,"moisture_mass_kg":0.005881061447520092,"oxygen_factor":0.0,"phase":"WET_WOOD","surface_exposure":0.0,"temperature_k":293.15,"volatile_potential_kg":0.038226899408880605,"volume_m3":9.424777960769378e-05},{"ash_mass_kg":0.0,"char_mass_kg":0.0,"dry_wood_mass_kg":0.0816814089933346,"external_area_m2":0.0,"moisture_mass_kg":0.009801769079200152,"oxygen_factor":0.0,"phase":"WET_WOOD","surface_exposure":0.0,"temperature_k":293.15,"volatile_potential_kg":0.063711499014801,"volume_m3":0.00015707963267948963},{"ash_mass_kg":0.0,"char_mass_kg":0.0,"dry_wood_mass_kg":0.11435397259066847,"external_area_m2":0.006283185307179586,"moisture_mass_kg":0.013722476710880217,"oxygen_factor":1.0,"phase":"WET_WOOD","surface_exposure":1.0,"temperature_k":293.15,"volatile_potential_kg":0.0891960986207214,"volume_m3":0.0002199114857512855},{"ash_mass_kg":0.0,"char_mass_kg":0.0,"dry_wood_mass_kg":0.016336281798666922,"external_area_m2":0.0,"moisture_mass_kg":0.0019603538158400307,"oxygen_factor":0.0,"phase":"WET_WOOD","surface_exposure":0.0,"temperature_k":293.15,"volatile_potential_kg":0.012742299802960199,"volume_m3":3.141592653589793e-05},{"ash_mass_kg":0.0,"char_mass_kg":0.0,"dry_wood_mass_kg":0.04900884539600077,"external_area_m2":0.0,"moisture_mass_kg":0.005881061447520092,"oxygen_factor":0.0,"phase":"WET_WOOD","surface_exposure":0.0,"temperature_k":293.15,"volatile_potential_kg":0.038226899408880605,"volume_m3":9.424777960769378e-05},{"ash_mass_kg":0.0,"char_mass_kg":0.0,"dry_wood_mass_kg":0.0816814089933346,"external_area_m2":0.0,"moisture_mass_kg":0.009801769079200152,"oxygen_factor":0.0,"phase":"WET_WOOD","surface_exposure":0.0,"temperature_k":293.15,"volatile_potential_kg":0.063711499014801,"volume_m3":0.00015707963267948963},{"ash_mass_kg":0.0,"char_mass_kg":0.0,"dry_wood_mass_kg":0.11435397259066847,"external_area_m2":0.006283185307179586,"moisture_mass_kg":0.013722476710880217,"oxygen_factor":1.0,"phase":"WET_WOOD","surface_exposure":1.0,"temperature_k":293.15,"volatile_potential_kg":0.0891960986207214,"volume_m3":0.0002199114857512855},{"ash_mass_kg":0.0,"char_mass_kg":0.0,"dry_wood_mass_kg":0.016336281798666922,"external_area_m2":0.0,"moisture_mass_kg":0.0019603538158400307,"oxygen_factor":0.0,"phase":"WET_WOOD","surface_exposure":0.0,"temperature_k":293.15,"volatile_potential_kg":0.012742299802960199,"volume_m3":3.141592653589793e-05},{"ash_mass_kg":0.0,"char_mass_kg":0.0,"dry_wood_mass_kg":0.04900884539600077,"external_area_m2":0.0,"moisture_mass_kg":0.005881061447520092,"oxygen_factor":0.0,"phase":"WET_WOOD","surface_exposure":0.0,"temperature_k":293.15,"volatile_potential_kg":0.038226899408880605,"volume_m3":9.424777960769378e-05},{"ash_mass_kg":0.0,"char_mass_kg":0.0,"dry_wood_mass_kg":0.0816814089933346,"external_area_m2":0.0,"moisture_mass_kg":0.009801769079200152,"oxygen_factor":0.0,"phase":"WET_WOOD","surface_exposure":0.0,"temperature_k":293.15,"volatile_potential_kg":0.063711499014801,"volume_m3":0.00015707963267948963},{"ash_mass_kg":0.0,"char_mass_kg":0.0,"dry_wood_mass_kg":0.11435397259066847,"external_area_m2":0.006283185307179586,"moisture_mass_kg":0.013722476710880217,"oxygen_factor":1.0,"phase":"WET_WOOD","surface_exposure":1.0,"temperature_k":293.15,"volatile_potential_kg":0.0891960986207214,"volume_m3":0.0002199114857512855},{"ash_mass_kg":0.0,"char_mass_kg":0.0,"dry_wood_mass_kg":0.016336281798666922,"external_area_m2":0.0,"moisture_mass_kg":0.0019603538158400307,"oxygen_factor":0.0,"phase":"WET_WOOD","surface_exposure":0.0,"temperature_k":293.15,"volatile_potential_kg":0.012742299802960199,"volume_m3":3.141592653589793e-05},{"ash_mass_kg":0.0,"char_mass_kg":0.0,"dry_wood_mass_kg":0.04900884539600077,"external_area_m2":0.0,"moisture_mass_kg":0.005881061447520092,"oxygen_factor":0.0,"phase":"WET_WOOD","surface_exposure":0.0,"temperature_k":293.15,"volatile_potential_kg":0.038226899408880605,"volume_m3":9.424777960769378e-05},{"ash_mass_kg":0.0,"char_mass_kg":0.0,"dry_wood_mass_kg":0.0816814089933346,"external_area_m2":0.0,"moisture_mass_kg":0.009801769079200152,"oxygen_factor":0.0,"phase":"WET_WOOD","surface_exposure":0.0,"temperature_k":293.15,"volatile_potential_kg":0.063711499014801,"volume_m3":0.00015707963267948963},{"ash_mass_kg":0.0,"char_mass_kg":0.0,"dry_wood_mass_kg":0.11435397259066847,"external_area_m2":0.006283185307179586,"moisture_mass_kg":0.013722476710880217,"oxygen_factor":1.0,"phase":"WET_WOOD","surface_exposure":1.0,"temperature_k":293.15,"volatile_potential_kg":0.0891960986207214,"volume_m3":0.0002199114857512855},{"ash_mass_kg":0.0,"char_mass_kg":0.0,"dry_wood_mass_kg":0.016336281798666922,"external_area_m2":0.0,"moisture_mass_kg":0.0019603538158400307,"oxygen_factor":0.0,"phase":"WET_WOOD","surface_exposure":0.0,"temperature_k":293.15,"volatile_potential_kg":0.012742299802960199,"volume_m3":3.141592653589793e-05},{"ash_mass_kg":0.0,"char_mass_kg":0.0,"dry_wood_mass_kg":0.04900884539600077,"external_area_m2":0.0,"moisture_mass_kg":0.005881061447520092,"oxygen_factor":0.0,"phase":"WET_WOOD","surface_exposure":0.0,"temperature_k":293.15,"volatile_potential_kg":0.038226899408880605,"volume_m3":9.424777960769378e-05},{"ash_mass_kg":0.0,"char_mass_kg":0.0,"dry_wood_mass_kg":0.0816814089933346,"external_area_m2":0.0,"moisture_mass_kg":0.009801769079200152,"oxygen_factor":0.0,"phase":"WET_WOOD","surface_exposure":0.0,"temperature_k":293.15,"volatile_potential_kg":0.063711499014801,"volume_m3":0.00015707963267948963},{"ash_mass_kg":0.0,"char_mass_kg":0.0,"dry_wood_mass_kg":0.11435397259066847,"external_area_m2":0.006283185307179586,"moisture_mass_kg":0.013722476710880217,"oxygen_factor":1.0,"phase":"WET_WOOD","surface_exposure":1.0,"temperature_k":293.15,"volatile_potential_kg":0.0891960986207214,"volume_m3":0.0002199114857512855},{"ash_mass_kg":0.0,"char_mass_kg":0.0,"dry_wood_mass_kg":0.016336281798666922,"external_area_m2":0.0,"moisture_mass_kg":0.0019603538158400307,"oxygen_factor":0.0,"phase":"WET_WOOD","surface_exposure":0.0,"temperature_k":293.15,"volatile_potential_kg":0.012742299802960199,"volume_m3":3.141592653589793e-05},{"ash_mass_kg":0.0,"char_mass_kg":0.0,"dry_wood_mass_kg":0.04900884539600077,"external_area_m2":0.0,"moisture_mass_kg":0.005881061447520092,"oxygen_factor":0.0,"phase":"WET_WOOD","surface_exposure":0.0,"temperature_k":293.15,"volatile_potential_kg":0.038226899408880605,"volume_m3":9.424777960769378e-05},{"ash_mass_kg":0.0,"char_mass_kg":0.0,"dry_wood_mass_kg":0.0816814089933346,"external_area_m2":0.0,"moisture_mass_kg":0.009801769079200152,"oxygen_factor":0.0,"phase":"WET_WOOD","surface_exposure":0.0,"temperature_k":293.15,"volatile_potential_kg":0.063711499014801,"volume_m3":0.00015707963267948963},{"ash_mass_kg":0.0,"char_mass_kg":0.0,"dry_wood_mass_kg":0.11435397259066847,"external_area_m2":0.006283185307179586,"moisture_mass_kg":0.013722476710880217,"oxygen_factor":1.0,"phase":"WET_WOOD","surface_exposure":1.0,"temperature_k":293.15,"volatile_potential_kg":0.0891960986207214,"volume_m3":0.0002199114857512855},{"ash_mass_kg":0.0,"char_mass_kg":0.0,"dry_wood_mass_kg":0.016336281798666922,"external_area_m2":0.0,"moisture_mass_kg":0.0019603538158400307,"oxygen_factor":0.0,"phase":"WET_WOOD","surface_exposure":0.0,"temperature_k":293.15,"volatile_potential_kg":0.012742299802960199,"volume_m3":3.141592653589793e-05},{"ash_mass_kg":0.0,"char_mass_kg":0.0,"dry_wood_mass_kg":0.04900884539600077,"external_area_m2":0.0,"moisture_mass_kg":0.005881061447520092,"oxygen_factor":0.0,"phase":"WET_WOOD","surface_exposure":0.0,"temperature_k":293.15,"volatile_potential_kg":0.038226899408880605,"volume_m3":9.424777960769378e-05},{"ash_mass_kg":0.0,"char_mass_kg":0.0,"dry_wood_mass_kg":0.0816814089933346,"external_area_m2":0.0,"moisture_mass_kg":0.009801769079200152,"oxygen_factor":0.0,"phase":"WET_WOOD","surface_exposure":0.0,"temperature_k":293.15,"volatile_potential_kg":0.063711499014801,"volume_m3":0.00015707963267948963},{"ash_mass_kg":0.0,"char_mass_kg":0.0,"dry_wood_mass_kg":0.11435397259066847,"external_area_m2":0.006283185307179586,"moisture_mass_kg":0.013722476710880217,"oxygen_factor":1.0,"phase":"WET_WOOD","surface_exposure":1.0,"temperature_k":293.15,"volatile_potential_kg":0.0891960986207214,"volume_m3":0.0002199114857512855},{"ash_mass_kg":0.0,"char_mass_kg":0.0,"dry_wood_mass_kg":0.016336281798666922,"external_area_m2":0.0,"moisture_mass_kg":0.0019603538158400307,"oxygen_factor":0.0,"phase":"WET_WOOD","surface_exposure":0.0,"temperature_k":293.15,"volatile_potential_kg":0.012742299802960199,"volume_m3":3.141592653589793e-05},{"ash_mass_kg":0.0,"char_mass_kg":0.0,"dry_wood_mass_kg":0.04900884539600077,"external_area_m2":0.0,"moisture_mass_kg":0.005881061447520092,"oxygen_factor":0.0,"phase":"WET_WOOD","surface_exposure":0.0,"temperature_k":293.15,"volatile_potential_kg":0.038226899408880605,"volume_m3":9.424777960769378e-05},{"ash_mass_kg":0.0,"char_mass_kg":0.0,"dry_wood_mass_kg":0.0816814089933346,"external_area_m2":0.0,"moisture_mass_kg":0.009801769079200152,"oxygen_factor":0.0,"phase":"WET_WOOD","surface_exposure":0.0,"temperature_k":293.15,"volatile_potential_kg":0.063711499014801,"volume_m3":0.00015707963267948963},{"ash_mass_kg":0.0,"char_mass_kg":0.0,"dry_wood_mass_kg":0.11435397259066847,"external_area_m2":0.006283185307179586,"moisture_mass_kg":0.013722476710880217,"oxygen_factor":1.0,"phase":"WET_WOOD","surface_exposure":1.0,"temperature_k":293.15,"volatile_potential_kg":0.0891960986207214,"volume_m3":0.0002199114857512855},{"ash_mass_kg":0.0,"char_mass_kg":0.0,"dry_wood_mass_kg":0.016336281798666922,"external_area_m2":0.0,"moisture_mass_kg":0.0019603538158400307,"oxygen_factor":0.0,"phase":"WET_WOOD","surface_exposure":0.0,"temperature_k":293.15,"volatile_potential_kg":0.012742299802960199,"volume_m3":3.141592653589793e-05},{"ash_mass_kg":0.0,"char_mass_kg":0.0,"dry_wood_mass_kg":0.04900884539600077,"external_area_m2":0.0,"moisture_mass_kg":0.005881061447520092,"oxygen_factor":0.0,"phase":"WET_WOOD","surface_exposure":0.0,"temperature_k":293.15,"volatile_potential_kg":0.038226899408880605,"volume_m3":9.424777960769378e-05},{"ash_mass_kg":0.0,"char_mass_kg":0.0,"dry_wood_mass_kg":0.0816814089933346,"external_area_m2":0.0,"moisture_mass_kg":0.009801769079200152,"oxygen_factor":0.0,"phase":"WET_WOOD","surface_exposure":0.0,"temperature_k":293.15,"volatile_potential_kg":0.063711499014801,"volume_m3":0.00015707963267948963},{"ash_mass_kg":0.0,"char_mass_kg":0.0,"dry_wood_mass_kg":0.11435397259066847,"external_area_m2":0.006283185307179586,"moisture_mass_kg":0.013722476710880217,"oxygen_factor":1.0,"phase":"WET_WOOD","surface_exposure":1.0,"temperature_k":293.15,"volatile_potential_kg":0.0891960986207214,"volume_m3":0.0002199114857512855},{"ash_mass_kg":0.0,"char_mass_kg":0.0,"dry_wood_mass_kg":0.016336281798666922,"external_area_m2":0.0,"moisture_mass_kg":0.0019603538158400307,"oxygen_factor":0.0,"phase":"WET_WOOD","surface_exposure":0.0,"temperature_k":293.15,"volatile_potential_kg":0.012742299802960199,"volume_m3":3.141592653589793e-05},{"ash_mass_kg":0.0,"char_mass_kg":0.0,"dry_wood_mass_kg":0.04900884539600077,"external_area_m2":0.0,"moisture_mass_kg":0.005881061447520092,"oxygen_factor":0.0,"phase":"WET_WOOD","surface_exposure":0.0,"temperature_k":293.15,"volatile_potential_kg":0.038226899408880605,"volume_m3":9.424777960769378e-05},{"ash_mass_kg":0.0,"char_mass_kg":0.0,"dry_wood_mass_kg":0.0816814089933346,"external_area_m2":0.0,"moisture_mass_kg":0.009801769079200152,"oxygen_factor":0.0,"phase":"WET_WOOD","surface_exposure":0.0,"temperature_k":293.15,"volatile_potential_kg":0.063711499014801,"volume_m3":0.00015707963267948963},{"ash_mass_kg":0.0,"char_mass_kg":0.0,"dry_wood_mass_kg":0.11435397259066847,"external_area_m2":0.006283185307179586,"moisture_mass_kg":0.013722476710880217,"oxygen_factor":1.0,"phase":"WET_WOOD","surface_exposure":1.0,"temperature_k":293.15,"volatile_potential_kg":0.0891960986207214,"volume_m3":0.0002199114857512855},{"ash_mass_kg":0.0,"char_mass_kg":0.0,"dry_wood_mass_kg":0.016336281798666922,"external_area_m2":0.0,"moisture_mass_kg":0.0019603538158400307,"oxygen_factor":0.0,"phase":"WET_WOOD","surface_exposure":0.0,"temperature_k":293.15,"volatile_potential_kg":0.012742299802960199,"volume_m3":3.141592653589793e-05},{"ash_mass_kg":0.0,"char_mass_kg":0.0,"dry_wood_mass_kg":0.04900884539600077,"external_area_m2":0.0,"moisture_mass_kg":0.005881061447520092,"oxygen_factor":0.0,"phase":"WET_WOOD","surface_exposure":0.0,"temperature_k":293.15,"volatile_potential_kg":0.038226899408880605,"volume_m3":9.424777960769378e-05},{"ash_mass_kg":0.0,"char_mass_kg":0.0,"dry_wood_mass_kg":0.0816814089933346,"external_area_m2":0.0,"moisture_mass_kg":0.009801769079200152,"oxygen_factor":0.0,"phase":"WET_WOOD","surface_exposure":0.0,"temperature_k":293.15,"volatile_potential_kg":0.063711499014801,"volume_m3":0.00015707963267948963},{"ash_mass_kg":0.0,"char_mass_kg":0.0,"dry_wood_mass_kg":0.11435397259066847,"external_area_m2":0.006283185307179586,"moisture_mass_kg":0.013722476710880217,"oxygen_factor":1.0,"phase":"WET_WOOD","surface_exposure":1.0,"temperature_k":293.15,"volatile_potential_kg":0.0891960986207214,"volume_m3":0.0002199114857512855},{"ash_mass_kg":0.0,"char_mass_kg":0.0,"dry_wood_mass_kg":0.016336281798666922,"external_area_m2":0.0,"moisture_mass_kg":0.0019603538158400307,"oxygen_factor":0.0,"phase":"WET_WOOD","surface_exposure":0.0,"temperature_k":293.15,"volatile_potential_kg":0.012742299802960199,"volume_m3":3.141592653589793e-05},{"ash_mass_kg":0.0,"char_mass_kg":0.0,"dry_wood_mass_kg":0.04900884539600077,"external_area_m2":0.0,"moisture_mass_kg":0.005881061447520092,"oxygen_factor":0.0,"phase":"WET_WOOD","surface_exposure":0.0,"temperature_k":293.15,"volatile_potential_kg":0.038226899408880605,"volume_m3":9.424777960769378e-05},{"ash_mass_kg":0.0,"char_mass_kg":0.0,"dry_wood_mass_kg":0.0816814089933346,"external_area_m2":0.0,"moisture_mass_kg":0.009801769079200152,"oxygen_factor":0.0,"phase":"WET_WOOD","surface_exposure":0.0,"temperature_k":293.15,"volatile_potential_kg":0.063711499014801,"volume_m3":0.00015707963267948963},{"ash_mass_kg":0.0,"char_mass_kg":0.0,"dry_wood_mass_kg":0.11435397259066847,"external_area_m2":0.006283185307179586,"moisture_mass_kg":0.013722476710880217,"oxygen_factor":1.0,"phase":"WET_WOOD","surface_exposure":1.0,"temperature_k":293.15,"volatile_potential_kg":0.0891960986207214,"volume_m3":0.0002199114857512855},{"ash_mass_kg":0.0,"char_mass_kg":0.0,"dry_wood_mass_kg":0.016336281798666922,"external_area_m2":0.0,"moisture_mass_kg":0.0019603538158400307,"oxygen_factor":0.0,"phase":"WET_WOOD","surface_exposure":0.0,"temperature_k":293.15,"volatile_potential_kg":0.012742299802960199,"volume_m3":3.141592653589793e-05},{"ash_mass_kg":0.0,"char_mass_kg":0.0,"dry_wood_mass_kg":0.04900884539600077,"external_area_m2":0.0,"moisture_mass_kg":0.005881061447520092,"oxygen_factor":0.0,"phase":"WET_WOOD","surface_exposure":0.0,"temperature_k":293.15,"volatile_potential_kg":0.038226899408880605,"volume_m3":9.424777960769378e-05},{"ash_mass_kg":0.0,"char_mass_kg":0.0,"dry_wood_mass_kg":0.0816814089933346,"external_area_m2":0.0,"moisture_mass_kg":0.009801769079200152,"oxygen_factor":0.0,"phase":"WET_WOOD","surface_exposure":0.0,"temperature_k":293.15,"volatile_potential_kg":0.063711499014801,"volume_m3":0.00015707963267948963},{"ash_mass_kg":0.0,"char_mass_kg":0.0,"dry_wood_mass_kg":0.11435397259066847,"external_area_m2":0.006283185307179586,"moisture_mass_kg":0.013722476710880217,"oxygen_factor":1.0,"phase":"WET_WOOD","surface_exposure":1.0,"temperature_k":293.15,"volatile_potential_kg":0.0891960986207214,"volume_m3":0.0002199114857512855},{"ash_mass_kg":0.0,"char_mass_kg":0.0,"dry_wood_mass_kg":0.016336281798666922,"external_area_m2":0.0,"moisture_mass_kg":0.0019603538158400307,"oxygen_factor":0.0,"phase":"WET_WOOD","surface_exposure":0.0,"temperature_k":293.15,"volatile_potential_kg":0.012742299802960199,"volume_m3":3.141592653589793e-05},{"ash_mass_kg":0.0,"char_mass_kg":0.0,"dry_wood_mass_kg":0.04900884539600077,"external_area_m2":0.0,"moisture_mass_kg":0.005881061447520092,"oxygen_factor":0.0,"phase":"WET_WOOD","surface_exposure":0.0,"temperature_k":293.15,"volatile_potential_kg":0.038226899408880605,"volume_m3":9.424777960769378e-05},{"ash_mass_kg":0.0,"char_mass_kg":0.0,"dry_wood_mass_kg":0.0816814089933346,"external_area_m2":0.0,"moisture_mass_kg":0.009801769079200152,"oxygen_factor":0.0,"phase":"WET_WOOD","surface_exposure":0.0,"temperature_k":293.15,"volatile_potential_kg":0.063711499014801,"volume_m3":0.00015707963267948963},{"ash_mass_kg":0.0,"char_mass_kg":0.0,"dry_wood_mass_kg":0.11435397259066847,"external_area_m2":0.006283185307179586,"moisture_mass_kg":0.013722476710880217,"oxygen_factor":1.0,"phase":"WET_WOOD","surface_exposure":1.0,"temperature_k":293.15,"volatile_potential_kg":0.0891960986207214,"volume_m3":0.0002199114857512855},{"ash_mass_kg":0.0,"char_mass_kg":0.0,"dry_wood_mass_kg":0.016336281798666922,"external_area_m2":0.0,"moisture_mass_kg":0.0019603538158400307,"oxygen_factor":0.0,"phase":"WET_WOOD","surface_exposure":0.0,"temperature_k":293.15,"volatile_potential_kg":0.012742299802960199,"volume_m3":3.141592653589793e-05},{"ash_mass_kg":0.0,"char_mass_kg":0.0,"dry_wood_mass_kg":0.04900884539600077,"external_area_m2":0.0,"moisture_mass_kg":0.005881061447520092,"oxygen_factor":0.0,"phase":"WET_WOOD","surface_exposure":0.0,"temperature_k":293.15,"volatile_potential_kg":0.038226899408880605,"volume_m3":9.424777960769378e-05},{"ash_mass_kg":0.0,"char_mass_kg":0.0,"dry_wood_mass_kg":0.0816814089933346,"external_area_m2":0.0,"moisture_mass_kg":0.009801769079200152,"oxygen_factor":0.0,"phase":"WET_WOOD","surface_exposure":0.0,"temperature_k":293.15,"volatile_potential_kg":0.063711499014801,"volume_m3":0.00015707963267948963},{"ash_mass_kg":0.0,"char_mass_kg":0.0,"dry_wood_mass_kg":0.11435397259066847,"external_area_m2":0.006283185307179586,"moisture_mass_kg":0.013722476710880217,"oxygen_factor":1.0,"phase":"WET_WOOD","surface_exposure":1.0,"temperature_k":293.15,"volatile_potential_kg":0.0891960986207214,"volume_m3":0.0002199114857512855},{"ash_mass_kg":0.0,"char_mass_kg":0.0,"dry_wood_mass_kg":0.016336281798666922,"external_area_m2":0.0,"moisture_mass_kg":0.0019603538158400307,"oxygen_factor":0.0,"phase":"WET_WOOD","surface_exposure":0.0,"temperature_k":293.15,"volatile_potential_kg":0.012742299802960199,"volume_m3":3.141592653589793e-05},{"ash_mass_kg":0.0,"char_mass_kg":0.0,"dry_wood_mass_kg":0.04900884539600077,"external_area_m2":0.0,"moisture_mass_kg":0.005881061447520092,"oxygen_factor":0.0,"phase":"WET_WOOD","surface_exposure":0.0,"temperature_k":293.15,"volatile_potential_kg":0.038226899408880605,"volume_m3":9.424777960769378e-05},{"ash_mass_kg":0.0,"char_mass_kg":0.0,"dry_wood_mass_kg":0.0816814089933346,"external_area_m2":0.0,"moisture_mass_kg":0.009801769079200152,"oxygen_factor":0.0,"phase":"WET_WOOD","surface_exposure":0.0,"temperature_k":293.15,"volatile_potential_kg":0.063711499014801,"volume_m3":0.00015707963267948963},{"ash_mass_kg":0.0,"char_mass_kg":0.0,"dry_wood_mass_kg":0.11435397259066847,"external_area_m2":0.006283185307179586,"moisture_mass_kg":0.013722476710880217,"oxygen_factor":1.0,"phase":"WET_WOOD","surface_exposure":1.0,"temperature_k":293.15,"volatile_potential_kg":0.0891960986207214,"volume_m3":0.0002199114857512855},{"ash_mass_kg":0.0,"char_mass_kg":0.0,"dry_wood_mass_kg":0.016336281798666922,"external_area_m2":0.0,"moisture_mass_kg":0.0019603538158400307,"oxygen_factor":0.0,"phase":"WET_WOOD","surface_exposure":0.0,"temperature_k":293.15,"volatile_potential_kg":0.012742299802960199,"volume_m3":3.141592653589793e-05},{"ash_mass_kg":0.0,"char_mass_kg":0.0,"dry_wood_mass_kg":0.04900884539600077,"external_area_m2":0.0,"moisture_mass_kg":0.005881061447520092,"oxygen_factor":0.0,"phase":"WET_WOOD","surface_exposure":0.0,"temperature_k":293.15,"volatile_potential_kg":0.038226899408880605,"volume_m3":9.424777960769378e-05},{"ash_mass_kg":0.0,"char_mass_kg":0.0,"dry_wood_mass_kg":0.0816814089933346,"external_area_m2":0.0,"moisture_mass_kg":0.009801769079200152,"oxygen_factor":0.0,"phase":"WET_WOOD","surface_exposure":0.0,"temperature_k":293.15,"volatile_potential_kg":0.063711499014801,"volume_m3":0.00015707963267948963},{"ash_mass_kg":0.0,"char_mass_kg":0.0,"dry_wood_mass_kg":0.11435397259066847,"external_area_m2":0.006283185307179586,"moisture_mass_kg":0.013722476710880217,"oxygen_factor":1.0,"phase":"WET_WOOD","surface_exposure":1.0,"temperature_k":293.15,"volatile_potential_kg":0.0891960986207214,"volume_m3":0.0002199114857512855},{"ash_mass_kg":0.0,"char_mass_kg":0.0,"dry_wood_mass_kg":0.016336281798666922,"external_area_m2":0.0,"moisture_mass_kg":0.0019603538158400307,"oxygen_factor":0.0,"phase":"WET_WOOD","surface_exposure":0.0,"temperature_k":293.15,"volatile_potential_kg":0.012742299802960199,"volume_m3":3.141592653589793e-05},{"ash_mass_kg":0.0,"char_mass_kg":0.0,"dry_wood_mass_kg":0.04900884539600077,"external_area_m2":0.0,"moisture_mass_kg":0.005881061447520092,"oxygen_factor":0.0,"phase":"WET_WOOD","surface_exposure":0.0,"temperature_k":293.15,"volatile_potential_kg":0.038226899408880605,"volume_m3":9.424777960769378e-05},{"ash_mass_kg":0.0,"char_mass_kg":0.0,"dry_wood_mass_kg":0.0816814089933346,"external_area_m2":0.0,"moisture_mass_kg":0.009801769079200152,"oxygen_factor":0.0,"phase":"WET_WOOD","surface_exposure":0.0,"temperature_k":293.15,"volatile_potential_kg":0.063711499014801,"volume_m3":0.00015707963267948963},{"ash_mass_kg":0.0,"char_mass_kg":0.0,"dry_wood_mass_kg":0.11435397259066847,"external_area_m2":0.006283185307179586,"moisture_mass_kg":0.013722476710880217,"oxygen_factor":1.0,"phase":"WET_WOOD","surface_exposure":1.0,"temperature_k":293.15,"volatile_potential_kg":0.0891960986207214,"volume_m3":0.0002199114857512855},{"ash_mass_kg":0.0,"char_mass_kg":0.0,"dry_wood_mass_kg":0.016336281798666922,"external_area_m2":0.0,"moisture_mass_kg":0.0019603538158400307,"oxygen_factor":0.0,"phase":"WET_WOOD","surface_exposure":0.0,"temperature_k":293.15,"volatile_potential_kg":0.012742299802960199,"volume_m3":3.141592653589793e-05},{"ash_mass_kg":0.0,"char_mass_kg":0.0,"dry_wood_mass_kg":0.04900884539600077,"external_area_m2":0.0,"moisture_mass_kg":0.005881061447520092,"oxygen_factor":0.0,"phase":"WET_WOOD","surface_exposure":0.0,"temperature_k":293.15,"volatile_potential_kg":0.038226899408880605,"volume_m3":9.424777960769378e-05},{"ash_mass_kg":0.0,"char_mass_kg":0.0,"dry_wood_mass_kg":0.0816814089933346,"external_area_m2":0.0,"moisture_mass_kg":0.009801769079200152,"oxygen_factor":0.0,"phase":"WET_WOOD","surface_exposure":0.0,"temperature_k":293.15,"volatile_potential_kg":0.063711499014801,"volume_m3":0.00015707963267948963},{"ash_mass_kg":0.0,"char_mass_kg":0.0,"dry_wood_mass_kg":0.11435397259066847,"external_area_m2":0.006283185307179586,"moisture_mass_kg":0.013722476710880217,"oxygen_factor":1.0,"phase":"WET_WOOD","surface_exposure":1.0,"temperature_k":293.15,"volatile_potential_kg":0.0891960986207214,"volume_m3":0.0002199114857512855},{"ash_mass_kg":0.0,"char_mass_kg":0.0,"dry_wood_mass_kg":0.016336281798666922,"external_area_m2":0.0,"moisture_mass_kg":0.0019603538158400307,"oxygen_factor":0.0,"phase":"WET_WOOD","surface_exposure":0.0,"temperature_k":293.15,"volatile_potential_kg":0.012742299802960199,"volume_m3":3.141592653589793e-05},{"ash_mass_kg":0.0,"char_mass_kg":0.0,"dry_wood_mass_kg":0.04900884539600077,"external_area_m2":0.0,"moisture_mass_kg":0.005881061447520092,"oxygen_factor":0.0,"phase":"WET_WOOD","surface_exposure":0.0,"temperature_k":293.15,"volatile_potential_kg":0.038226899408880605,"volume_m3":9.424777960769378e-05},{"ash_mass_kg":0.0,"char_mass_kg":0.0,"dry_wood_mass_kg":0.0816814089933346,"external_area_m2":0.0,"moisture_mass_kg":0.009801769079200152,"oxygen_factor":0.0,"phase":"WET_WOOD","surface_exposure":0.0,"temperature_k":293.15,"volatile_potential_kg":0.063711499014801,"volume_m3":0.00015707963267948963},{"ash_mass_kg":0.0,"char_mass_kg":0.0,"dry_wood_mass_kg":0.11435397259066847,"external_area_m2":0.006283185307179586,"moisture_mass_kg":0.013722476710880217,"oxygen_factor":1.0,"phase":"WET_WOOD","surface_exposure":1.0,"temperature_k":293.15,"volatile_potential_kg":0.0891960986207214,"volume_m3":0.0002199114857512855},{"ash_mass_kg":0.0,"char_mass_kg":0.0,"dry_wood_mass_kg":0.016336281798666922,"external_area_m2":0.0,"moisture_mass_kg":0.0019603538158400307,"oxygen_factor":0.0,"phase":"WET_WOOD","surface_exposure":0.0,"temperature_k":293.15,"volatile_potential_kg":0.012742299802960199,"volume_m3":3.141592653589793e-05},{"ash_mass_kg":0.0,"char_mass_kg":0.0,"dry_wood_mass_kg":0.04900884539600077,"external_area_m2":0.0,"moisture_mass_kg":0.005881061447520092,"oxygen_factor":0.0,"phase":"WET_WOOD","surface_exposure":0.0,"temperature_k":293.15,"volatile_potential_kg":0.038226899408880605,"volume_m3":9.424777960769378e-05},{"ash_mass_kg":0.0,"char_mass_kg":0.0,"dry_wood_mass_kg":0.0816814089933346,"external_area_m2":0.0,"moisture_mass_kg":0.009801769079200152,"oxygen_factor":0.0,"phase":"WET_WOOD","surface_exposure":0.0,"temperature_k":293.15,"volatile_potential_kg":0.063711499014801,"volume_m3":0.00015707963267948963},{"ash_mass_kg":0.0,"char_mass_kg":0.0,"dry_wood_mass_kg":0.11435397259066847,"external_area_m2":0.006283185307179586,"moisture_mass_kg":0.013722476710880217,"oxygen_factor":1.0,"phase":"WET_WOOD","surface_exposure":1.0,"temperature_k":293.15,"volatile_potential_kg":0.0891960986207214,"volume_m3":0.0002199114857512855},{"ash_mass_kg":0.0,"char_mass_kg":0.0,"dry_wood_mass_kg":0.016336281798666922,"external_area_m2":0.0,"moisture_mass_kg":0.0019603538158400307,"oxygen_factor":0.0,"phase":"WET_WOOD","surface_exposure":0.0,"temperature_k":293.15,"volatile_potential_kg":0.012742299802960199,"volume_m3":3.141592653589793e-05},{"ash_mass_kg":0.0,"char_mass_kg":0.0,"dry_wood_mass_kg":0.04900884539600077,"external_area_m2":0.0,"moisture_mass_kg":0.005881061447520092,"oxygen_factor":0.0,"phase":"WET_WOOD","surface_exposure":0.0,"temperature_k":293.15,"volatile_potential_kg":0.038226899408880605,"volume_m3":9.424777960769378e-05},{"ash_mass_kg":0.0,"char_mass_kg":0.0,"dry_wood_mass_kg":0.0816814089933346,"external_area_m2":0.0,"moisture_mass_kg":0.009801769079200152,"oxygen_factor":0.0,"phase":"WET_WOOD","surface_exposure":0.0,"temperature_k":293.15,"volatile_potential_kg":0.063711499014801,"volume_m3":0.00015707963267948963},{"ash_mass_kg":0.0,"char_mass_kg":0.0,"dry_wood_mass_kg":0.11435397259066847,"external_area_m2":0.006283185307179586,"moisture_mass_kg":0.013722476710880217,"oxygen_factor":1.0,"phase":"WET_WOOD","surface_exposure":1.0,"temperature_k":293.15,"volatile_potential_kg":0.0891960986207214,"volume_m3":0.0002199114857512855},{"ash_mass_kg":0.0,"char_mass_kg":0.0,"dry_wood_mass_kg":0.016336281798666922,"external_area_m2":0.0,"moisture_mass_kg":0.0019603538158400307,"oxygen_factor":0.0,"phase":"WET_WOOD","surface_exposure":0.0,"temperature_k":293.15,"volatile_potential_kg":0.012742299802960199,"volume_m3":3.141592653589793e-05},{"ash_mass_kg":0.0,"char_mass_kg":0.0,"dry_wood_mass_kg":0.04900884539600077,"external_area_m2":0.0,"moisture_mass_kg":0.005881061447520092,"oxygen_factor":0.0,"phase":"WET_WOOD","surface_exposure":0.0,"temperature_k":293.15,"volatile_potential_kg":0.038226899408880605,"volume_m3":9.424777960769378e-05},{"ash_mass_kg":0.0,"char_mass_kg":0.0,"dry_wood_mass_kg":0.0816814089933346,"external_area_m2":0.0,"moisture_mass_kg":0.009801769079200152,"oxygen_factor":0.0,"phase":"WET_WOOD","surface_exposure":0.0,"temperature_k":293.15,"volatile_potential_kg":0.063711499014801,"volume_m3":0.00015707963267948963},{"ash_mass_kg":0.0,"char_mass_kg":0.0,"dry_wood_mass_kg":0.11435397259066847,"external_area_m2":0.006283185307179586,"moisture_mass_kg":0.013722476710880217,"oxygen_factor":1.0,"phase":"WET_WOOD","surface_exposure":1.0,"temperature_k":293.15,"volatile_potential_kg":0.0891960986207214,"volume_m3":0.0002199114857512855},{"ash_mass_kg":0.0,"char_mass_kg":0.0,"dry_wood_mass_kg":0.016336281798666922,"external_area_m2":0.0,"moisture_mass_kg":0.0019603538158400307,"oxygen_factor":0.0,"phase":"WET_WOOD","surface_exposure":0.0,"temperature_k":293.15,"volatile_potential_kg":0.012742299802960199,"volume_m3":3.141592653589793e-05},{"ash_mass_kg":0.0,"char_mass_kg":0.0,"dry_wood_mass_kg":0.04900884539600077,"external_area_m2":0.0,"moisture_mass_kg":0.005881061447520092,"oxygen_factor":0.0,"phase":"WET_WOOD","surface_exposure":0.0,"temperature_k":293.15,"volatile_potential_kg":0.038226899408880605,"volume_m3":9.424777960769378e-05},{"ash_mass_kg":0.0,"char_mass_kg":0.0,"dry_wood_mass_kg":0.0816814089933346,"external_area_m2":0.0,"moisture_mass_kg":0.009801769079200152,"oxygen_factor":0.0,"phase":"WET_WOOD","surface_exposure":0.0,"temperature_k":293.15,"volatile_potential_kg":0.063711499014801,"volume_m3":0.00015707963267948963},{"ash_mass_kg":0.0,"char_mass_kg":0.0,"dry_wood_mass_kg":0.11435397259066847,"external_area_m2":0.006283185307179586,"moisture_mass_kg":0.013722476710880217,"oxygen_factor":1.0,"phase":"WET_WOOD","surface_exposure":1.0,"temperature_k":293.15,"volatile_potential_kg":0.0891960986207214,"volume_m3":0.0002199114857512855},{"ash_mass_kg":0.0,"char_mass_kg":0.0,"dry_wood_mass_kg":0.016336281798666922,"external_area_m2":0.0,"moisture_mass_kg":0.0019603538158400307,"oxygen_factor":0.0,"phase":"WET_WOOD","surface_exposure":0.0,"temperature_k":293.15,"volatile_potential_kg":0.012742299802960199,"volume_m3":3.141592653589793e-05},{"ash_mass_kg":0.0,"char_mass_kg":0.0,"dry_wood_mass_kg":0.04900884539600077,"external_area_m2":0.0,"moisture_mass_kg":0.005881061447520092,"oxygen_factor":0.0,"phase":"WET_WOOD","surface_exposure":0.0,"temperature_k":293.15,"volatile_potential_kg":0.038226899408880605,"volume_m3":9.424777960769378e-05},{"ash_mass_kg":0.0,"char_mass_kg":0.0,"dry_wood_mass_kg":0.0816814089933346,"external_area_m2":0.0,"moisture_mass_kg":0.009801769079200152,"oxygen_factor":0.0,"phase":"WET_WOOD","surface_exposure":0.0,"temperature_k":293.15,"volatile_potential_kg":0.063711499014801,"volume_m3":0.00015707963267948963},{"ash_mass_kg":0.0,"char_mass_kg":0.0,"dry_wood_mass_kg":0.11435397259066847,"external_area_m2":0.006283185307179586,"moisture_mass_kg":0.013722476710880217,"oxygen_factor":1.0,"phase":"WET_WOOD","surface_exposure":1.0,"temperature_k":293.15,"volatile_potential_kg":0.0891960986207214,"volume_m3":0.0002199114857512855},{"ash_mass_kg":0.0,"char_mass_kg":0.0,"dry_wood_mass_kg":0.016336281798666922,"external_area_m2":0.0,"moisture_mass_kg":0.0019603538158400307,"oxygen_factor":0.0,"phase":"WET_WOOD","surface_exposure":0.0,"temperature_k":293.15,"volatile_potential_kg":0.012742299802960199,"volume_m3":3.141592653589793e-05},{"ash_mass_kg":0.0,"char_mass_kg":0.0,"dry_wood_mass_kg":0.04900884539600077,"external_area_m2":0.0,"moisture_mass_kg":0.005881061447520092,"oxygen_factor":0.0,"phase":"WET_WOOD","surface_exposure":0.0,"temperature_k":293.15,"volatile_potential_kg":0.038226899408880605,"volume_m3":9.424777960769378e-05},{"ash_mass_kg":0.0,"char_mass_kg":0.0,"dry_wood_mass_kg":0.0816814089933346,"external_area_m2":0.0,"moisture_mass_kg":0.009801769079200152,"oxygen_factor":0.0,"phase":"WET_WOOD","surface_exposure":0.0,"temperature_k":293.15,"volatile_potential_kg":0.063711499014801,"volume_m3":0.00015707963267948963},{"ash_mass_kg":0.0,"char_mass_kg":0.0,"dry_wood_mass_kg":0.11435397259066847,"external_area_m2":0.006283185307179586,"moisture_mass_kg":0.013722476710880217,"oxygen_factor":1.0,"phase":"WET_WOOD","surface_exposure":1.0,"temperature_k":293.15,"volatile_potential_kg":0.0891960986207214,"volume_m3":0.0002199114857512855},{"ash_mass_kg":0.0,"char_mass_kg":0.0,"dry_wood_mass_kg":0.016336281798666922,"external_area_m2":0.0,"moisture_mass_kg":0.0019603538158400307,"oxygen_factor":0.0,"phase":"WET_WOOD","surface_exposure":0.0,"temperature_k":293.15,"volatile_potential_kg":0.012742299802960199,"volume_m3":3.141592653589793e-05},{"ash_mass_kg":0.0,"char_mass_kg":0.0,"dry_wood_mass_kg":0.04900884539600077,"external_area_m2":0.0,"moisture_mass_kg":0.005881061447520092,"oxygen_factor":0.0,"phase":"WET_WOOD","surface_exposure":0.0,"temperature_k":293.15,"volatile_potential_kg":0.038226899408880605,"volume_m3":9.424777960769378e-05},{"ash_mass_kg":0.0,"char_mass_kg":0.0,"dry_wood_mass_kg":0.0816814089933346,"external_area_m2":0.0,"moisture_mass_kg":0.009801769079200152,"oxygen_factor":0.0,"phase":"WET_WOOD","surface_exposure":0.0,"temperature_k":293.15,"volatile_potential_kg":0.063711499014801,"volume_m3":0.00015707963267948963},{"ash_mass_kg":0.0,"char_mass_kg":0.0,"dry_wood_mass_kg":0.11435397259066847,"external_area_m2":0.006283185307179586,"moisture_mass_kg":0.013722476710880217,"oxygen_factor":1.0,"phase":"WET_WOOD","surface_exposure":1.0,"temperature_k":293.15,"volatile_potential_kg":0.0891960986207214,"volume_m3":0.0002199114857512855},{"ash_mass_kg":0.0,"char_mass_kg":0.0,"dry_wood_mass_kg":0.016336281798666922,"external_area_m2":0.0,"moisture_mass_kg":0.0019603538158400307,"oxygen_factor":0.0,"phase":"WET_WOOD","surface_exposure":0.0,"temperature_k":293.15,"volatile_potential_kg":0.012742299802960199,"volume_m3":3.141592653589793e-05},{"ash_mass_kg":0.0,"char_mass_kg":0.0,"dry_wood_mass_kg":0.04900884539600077,"external_area_m2":0.0,"moisture_mass_kg":0.005881061447520092,"oxygen_factor":0.0,"phase":"WET_WOOD","surface_exposure":0.0,"temperature_k":293.15,"volatile_potential_kg":0.038226899408880605,"volume_m3":9.424777960769378e-05},{"ash_mass_kg":0.0,"char_mass_kg":0.0,"dry_wood_mass_kg":0.0816814089933346,"external_area_m2":0.0,"moisture_mass_kg":0.009801769079200152,"oxygen_factor":0.0,"phase":"WET_WOOD","surface_exposure":0.0,"temperature_k":293.15,"volatile_potential_kg":0.063711499014801,"volume_m3":0.00015707963267948963},{"ash_mass_kg":0.0,"char_mass_kg":0.0,"dry_wood_mass_kg":0.11435397259066847,"external_area_m2":0.006283185307179586,"moisture_mass_kg":0.013722476710880217,"oxygen_factor":1.0,"phase":"WET_WOOD","surface_exposure":1.0,"temperature_k":293.15,"volatile_potential_kg":0.0891960986207214,"volume_m3":0.0002199114857512855},{"ash_mass_kg":0.0,"char_mass_kg":0.0,"dry_wood_mass_kg":0.016336281798666922,"external_area_m2":0.0,"moisture_mass_kg":0.0019603538158400307,"oxygen_factor":0.0,"phase":"WET_WOOD","surface_exposure":0.0,"temperature_k":293.15,"volatile_potential_kg":0.012742299802960199,"volume_m3":3.141592653589793e-05},{"ash_mass_kg":0.0,"char_mass_kg":0.0,"dry_wood_mass_kg":0.04900884539600077,"external_area_m2":0.0,"moisture_mass_kg":0.005881061447520092,"oxygen_factor":0.0,"phase":"WET_WOOD","surface_exposure":0.0,"temperature_k":293.15,"volatile_potential_kg":0.038226899408880605,"volume_m3":9.424777960769378e-05},{"ash_mass_kg":0.0,"char_mass_kg":0.0,"dry_wood_mass_kg":0.0816814089933346,"external_area_m2":0.0,"moisture_mass_kg":0.009801769079200152,"oxygen_factor":0.0,"phase":"WET_WOOD","surface_exposure":0.0,"temperature_k":293.15,"volatile_potential_kg":0.063711499014801,"volume_m3":0.00015707963267948963},{"ash_mass_kg":0.0,"char_mass_kg":0.0,"dry_wood_mass_kg":0.11435397259066847,"external_area_m2":0.006283185307179586,"moisture_mass_kg":0.013722476710880217,"oxygen_factor":1.0,"phase":"WET_WOOD","surface_exposure":1.0,"temperature_k":293.15,"volatile_potential_kg":0.0891960986207214,"volume_m3":0.0002199114857512855},{"ash_mass_kg":0.0,"char_mass_kg":0.0,"dry_wood_mass_kg":0.016336281798666922,"external_area_m2":0.0,"moisture_mass_kg":0.0019603538158400307,"oxygen_factor":0.0,"phase":"WET_WOOD","surface_exposure":0.0,"temperature_k":293.15,"volatile_potential_kg":0.012742299802960199,"volume_m3":3.141592653589793e-05},{"ash_mass_kg":0.0,"char_mass_kg":0.0,"dry_wood_mass_kg":0.04900884539600077,"external_area_m2":0.0,"moisture_mass_kg":0.005881061447520092,"oxygen_factor":0.0,"phase":"WET_WOOD","surface_exposure":0.0,"temperature_k":293.15,"volatile_potential_kg":0.038226899408880605,"volume_m3":9.424777960769378e-05},{"ash_mass_kg":0.0,"char_mass_kg":0.0,"dry_wood_mass_kg":0.0816814089933346,"external_area_m2":0.0,"moisture_mass_kg":0.009801769079200152,"oxygen_factor":0.0,"phase":"WET_WOOD","surface_exposure":0.0,"temperature_k":293.15,"volatile_potential_kg":0.063711499014801,"volume_m3":0.00015707963267948963},{"ash_mass_kg":0.0,"char_mass_kg":0.0,"dry_wood_mass_kg":0.11435397259066847,"external_area_m2":0.006283185307179586,"moisture_mass_kg":0.013722476710880217,"oxygen_factor":1.0,"phase":"WET_WOOD","surface_exposure":1.0,"temperature_k":293.15,"volatile_potential_kg":0.0891960986207214,"volume_m3":0.0002199114857512855},{"ash_mass_kg":0.0,"char_mass_kg":0.0,"dry_wood_mass_kg":0.016336281798666922,"external_area_m2":0.0,"moisture_mass_kg":0.0019603538158400307,"oxygen_factor":0.0,"phase":"WET_WOOD","surface_exposure":0.0,"temperature_k":293.15,"volatile_potential_kg":0.012742299802960199,"volume_m3":3.141592653589793e-05},{"ash_mass_kg":0.0,"char_mass_kg":0.0,"dry_wood_mass_kg":0.04900884539600077,"external_area_m2":0.0,"moisture_mass_kg":0.005881061447520092,"oxygen_factor":0.0,"phase":"WET_WOOD","surface_exposure":0.0,"temperature_k":293.15,"volatile_potential_kg":0.038226899408880605,"volume_m3":9.424777960769378e-05},{"ash_mass_kg":0.0,"char_mass_kg":0.0,"dry_wood_mass_kg":0.0816814089933346,"external_area_m2":0.0,"moisture_mass_kg":0.009801769079200152,"oxygen_factor":0.0,"phase":"WET_WOOD","surface_exposure":0.0,"temperature_k":293.15,"volatile_potential_kg":0.063711499014801,"volume_m3":0.00015707963267948963},{"ash_mass_kg":0.0,"char_mass_kg":0.0,"dry_wood_mass_kg":0.11435397259066847,"external_area_m2":0.006283185307179586,"moisture_mass_kg":0.013722476710880217,"oxygen_factor":1.0,"phase":"WET_WOOD","surface_exposure":1.0,"temperature_k":293.15,"volatile_potential_kg":0.0891960986207214,"volume_m3":0.0002199114857512855},{"ash_mass_kg":0.0,"char_mass_kg":0.0,"dry_wood_mass_kg":0.016336281798666922,"external_area_m2":0.0,"moisture_mass_kg":0.0019603538158400307,"oxygen_factor":0.0,"phase":"WET_WOOD","surface_exposure":0.0,"temperature_k":293.15,"volatile_potential_kg":0.012742299802960199,"volume_m3":3.141592653589793e-05},{"ash_mass_kg":0.0,"char_mass_kg":0.0,"dry_wood_mass_kg":0.04900884539600077,"external_area_m2":0.0,"moisture_mass_kg":0.005881061447520092,"oxygen_factor":0.0,"phase":"WET_WOOD","surface_exposure":0.0,"temperature_k":293.15,"volatile_potential_kg":0.038226899408880605,"volume_m3":9.424777960769378e-05},{"ash_mass_kg":0.0,"char_mass_kg":0.0,"dry_wood_mass_kg":0.0816814089933346,"external_area_m2":0.0,"moisture_mass_kg":0.009801769079200152,"oxygen_factor":0.0,"phase":"WET_WOOD","surface_exposure":0.0,"temperature_k":293.15,"volatile_potential_kg":0.063711499014801,"volume_m3":0.00015707963267948963},{"ash_mass_kg":0.0,"char_mass_kg":0.0,"dry_wood_mass_kg":0.11435397259066847,"external_area_m2":0.006283185307179586,"moisture_mass_kg":0.013722476710880217,"oxygen_factor":1.0,"phase":"WET_WOOD","surface_exposure":1.0,"temperature_k":293.15,"volatile_potential_kg":0.0891960986207214,"volume_m3":0.0002199114857512855},{"ash_mass_kg":0.0,"char_mass_kg":0.0,"dry_wood_mass_kg":0.016336281798666922,"external_area_m2":0.0,"moisture_mass_kg":0.0019603538158400307,"oxygen_factor":0.0,"phase":"WET_WOOD","surface_exposure":0.0,"temperature_k":293.15,"volatile_potential_kg":0.012742299802960199,"volume_m3":3.141592653589793e-05},{"ash_mass_kg":0.0,"char_mass_kg":0.0,"dry_wood_mass_kg":0.04900884539600077,"external_area_m2":0.0,"moisture_mass_kg":0.005881061447520092,"oxygen_factor":0.0,"phase":"WET_WOOD","surface_exposure":0.0,"temperature_k":293.15,"volatile_potential_kg":0.038226899408880605,"volume_m3":9.424777960769378e-05},{"ash_mass_kg":0.0,"char_mass_kg":0.0,"dry_wood_mass_kg":0.0816814089933346,"external_area_m2":0.0,"moisture_mass_kg":0.009801769079200152,"oxygen_factor":0.0,"phase":"WET_WOOD","surface_exposure":0.0,"temperature_k":293.15,"volatile_potential_kg":0.063711499014801,"volume_m3":0.00015707963267948963},{"ash_mass_kg":0.0,"char_mass_kg":0.0,"dry_wood_mass_kg":0.11435397259066847,"external_area_m2":0.006283185307179586,"moisture_mass_kg":0.013722476710880217,"oxygen_factor":1.0,"phase":"WET_WOOD","surface_exposure":1.0,"temperature_k":293.15,"volatile_potential_kg":0.0891960986207214,"volume_m3":0.0002199114857512855},{"ash_mass_kg":0.0,"char_mass_kg":0.0,"dry_wood_mass_kg":0.016336281798666922,"external_area_m2":0.0,"moisture_mass_kg":0.0019603538158400307,"oxygen_factor":0.0,"phase":"WET_WOOD","surface_exposure":0.0,"temperature_k":293.15,"volatile_potential_kg":0.012742299802960199,"volume_m3":3.141592653589793e-05},{"ash_mass_kg":0.0,"char_mass_kg":0.0,"dry_wood_mass_kg":0.04900884539600077,"external_area_m2":0.0,"moisture_mass_kg":0.005881061447520092,"oxygen_factor":0.0,"phase":"WET_WOOD","surface_exposure":0.0,"temperature_k":293.15,"volatile_potential_kg":0.038226899408880605,"volume_m3":9.424777960769378e-05},{"ash_mass_kg":0.0,"char_mass_kg":0.0,"dry_wood_mass_kg":0.0816814089933346,"external_area_m2":0.0,"moisture_mass_kg":0.009801769079200152,"oxygen_factor":0.0,"phase":"WET_WOOD","surface_exposure":0.0,"temperature_k":293.15,"volatile_potential_kg":0.063711499014801,"volume_m3":0.00015707963267948963},{"ash_mass_kg":0.0,"char_mass_kg":0.0,"dry_wood_mass_kg":0.11435397259066847,"external_area_m2":0.006283185307179586,"moisture_mass_kg":0.013722476710880217,"oxygen_factor":1.0,"phase":"WET_WOOD","surface_exposure":1.0,"temperature_k":293.15,"volatile_potential_kg":0.0891960986207214,"volume_m3":0.0002199114857512855},{"ash_mass_kg":0.0,"char_mass_kg":0.0,"dry_wood_mass_kg":0.016336281798666922,"external_area_m2":0.0,"moisture_mass_kg":0.0019603538158400307,"oxygen_factor":0.0,"phase":"WET_WOOD","surface_exposure":0.0,"temperature_k":293.15,"volatile_potential_kg":0.012742299802960199,"volume_m3":3.141592653589793e-05},{"ash_mass_kg":0.0,"char_mass_kg":0.0,"dry_wood_mass_kg":0.04900884539600077,"external_area_m2":0.0,"moisture_mass_kg":0.005881061447520092,"oxygen_factor":0.0,"phase":"WET_WOOD","surface_exposure":0.0,"temperature_k":293.15,"volatile_potential_kg":0.038226899408880605,"volume_m3":9.424777960769378e-05},{"ash_mass_kg":0.0,"char_mass_kg":0.0,"dry_wood_mass_kg":0.0816814089933346,"external_area_m2":0.0,"moisture_mass_kg":0.009801769079200152,"oxygen_factor":0.0,"phase":"WET_WOOD","surface_exposure":0.0,"temperature_k":293.15,"volatile_potential_kg":0.063711499014801,"volume_m3":0.00015707963267948963},{"ash_mass_kg":0.0,"char_mass_kg":0.0,"dry_wood_mass_kg":0.11435397259066847,"external_area_m2":0.006283185307179586,"moisture_mass_kg":0.013722476710880217,"oxygen_factor":1.0,"phase":"WET_WOOD","surface_exposure":1.0,"temperature_k":293.15,"volatile_potential_kg":0.0891960986207214,"volume_m3":0.0002199114857512855},{"ash_mass_kg":0.0,"char_mass_kg":0.0,"dry_wood_mass_kg":0.016336281798666922,"external_area_m2":0.0,"moisture_mass_kg":0.0019603538158400307,"oxygen_factor":0.0,"phase":"WET_WOOD","surface_exposure":0.0,"temperature_k":293.15,"volatile_potential_kg":0.012742299802960199,"volume_m3":3.141592653589793e-05},{"ash_mass_kg":0.0,"char_mass_kg":0.0,"dry_wood_mass_kg":0.04900884539600077,"external_area_m2":0.0,"moisture_mass_kg":0.005881061447520092,"oxygen_factor":0.0,"phase":"WET_WOOD","surface_exposure":0.0,"temperature_k":293.15,"volatile_potential_kg":0.038226899408880605,"volume_m3":9.424777960769378e-05},{"ash_mass_kg":0.0,"char_mass_kg":0.0,"dry_wood_mass_kg":0.0816814089933346,"external_area_m2":0.0,"moisture_mass_kg":0.009801769079200152,"oxygen_factor":0.0,"phase":"WET_WOOD","surface_exposure":0.0,"temperature_k":293.15,"volatile_potential_kg":0.063711499014801,"volume_m3":0.00015707963267948963},{"ash_mass_kg":0.0,"char_mass_kg":0.0,"dry_wood_mass_kg":0.11435397259066847,"external_area_m2":0.006283185307179586,"moisture_mass_kg":0.013722476710880217,"oxygen_factor":1.0,"phase":"WET_WOOD","surface_exposure":1.0,"temperature_k":293.15,"volatile_potential_kg":0.0891960986207214,"volume_m3":0.0002199114857512855},{"ash_mass_kg":0.0,"char_mass_kg":0.0,"dry_wood_mass_kg":0.016336281798666922,"external_area_m2":0.0,"moisture_mass_kg":0.0019603538158400307,"oxygen_factor":0.0,"phase":"WET_WOOD","surface_exposure":0.0,"temperature_k":293.15,"volatile_potential_kg":0.012742299802960199,"volume_m3":3.141592653589793e-05},{"ash_mass_kg":0.0,"char_mass_kg":0.0,"dry_wood_mass_kg":0.04900884539600077,"external_area_m2":0.0,"moisture_mass_kg":0.005881061447520092,"oxygen_factor":0.0,"phase":"WET_WOOD","surface_exposure":0.0,"temperature_k":293.15,"volatile_potential_kg":0.038226899408880605,"volume_m3":9.424777960769378e-05},{"ash_mass_kg":0.0,"char_mass_kg":0.0,"dry_wood_mass_kg":0.0816814089933346,"external_area_m2":0.0,"moisture_mass_kg":0.009801769079200152,"oxygen_factor":0.0,"phase":"WET_WOOD","surface_exposure":0.0,"temperature_k":293.15,"volatile_potential_kg":0.063711499014801,"volume_m3":0.00015707963267948963},{"ash_mass_kg":0.0,"char_mass_kg":0.0,"dry_wood_mass_kg":0.11435397259066847,"external_area_m2":0.006283185307179586,"moisture_mass_kg":0.013722476710880217,"oxygen_factor":1.0,"phase":"WET_WOOD","surface_exposure":1.0,"temperature_k":293.15,"volatile_potential_kg":0.0891960986207214,"volume_m3":0.0002199114857512855},{"ash_mass_kg":0.0,"char_mass_kg":0.0,"dry_wood_mass_kg":0.016336281798666922,"external_area_m2":0.0,"moisture_mass_kg":0.0019603538158400307,"oxygen_factor":0.0,"phase":"WET_WOOD","surface_exposure":0.0,"temperature_k":293.15,"volatile_potential_kg":0.012742299802960199,"volume_m3":3.141592653589793e-05},{"ash_mass_kg":0.0,"char_mass_kg":0.0,"dry_wood_mass_kg":0.04900884539600077,"external_area_m2":0.0,"moisture_mass_kg":0.005881061447520092,"oxygen_factor":0.0,"phase":"WET_WOOD","surface_exposure":0.0,"temperature_k":293.15,"volatile_potential_kg":0.038226899408880605,"volume_m3":9.424777960769378e-05},{"ash_mass_kg":0.0,"char_mass_kg":0.0,"dry_wood_mass_kg":0.0816814089933346,"external_area_m2":0.0,"moisture_mass_kg":0.009801769079200152,"oxygen_factor":0.0,"phase":"WET_WOOD","surface_exposure":0.0,"temperature_k":293.15,"volatile_potential_kg":0.063711499014801,"volume_m3":0.00015707963267948963},{"ash_mass_kg":0.0,"char_mass_kg":0.0,"dry_wood_mass_kg":0.11435397259066847,"external_area_m2":0.006283185307179586,"moisture_mass_kg":0.013722476710880217,"oxygen_factor":1.0,"phase":"WET_WOOD","surface_exposure":1.0,"temperature_k":293.15,"volatile_potential_kg":0.0891960986207214,"volume_m3":0.0002199114857512855},{"ash_mass_kg":0.0,"char_mass_kg":0.0,"dry_wood_mass_kg":0.016336281798666922,"external_area_m2":0.0,"moisture_mass_kg":0.0019603538158400307,"oxygen_factor":0.0,"phase":"WET_WOOD","surface_exposure":0.0,"temperature_k":293.15,"volatile_potential_kg":0.012742299802960199,"volume_m3":3.141592653589793e-05},{"ash_mass_kg":0.0,"char_mass_kg":0.0,"dry_wood_mass_kg":0.04900884539600077,"external_area_m2":0.0,"moisture_mass_kg":0.005881061447520092,"oxygen_factor":0.0,"phase":"WET_WOOD","surface_exposure":0.0,"temperature_k":293.15,"volatile_potential_kg":0.038226899408880605,"volume_m3":9.424777960769378e-05},{"ash_mass_kg":0.0,"char_mass_kg":0.0,"dry_wood_mass_kg":0.0816814089933346,"external_area_m2":0.0,"moisture_mass_kg":0.009801769079200152,"oxygen_factor":0.0,"phase":"WET_WOOD","surface_exposure":0.0,"temperature_k":293.15,"volatile_potential_kg":0.063711499014801,"volume_m3":0.00015707963267948963},{"ash_mass_kg":0.0,"char_mass_kg":0.0,"dry_wood_mass_kg":0.11435397259066847,"external_area_m2":0.006283185307179586,"moisture_mass_kg":0.013722476710880217,"oxygen_factor":1.0,"phase":"WET_WOOD","surface_exposure":1.0,"temperature_k":293.15,"volatile_potential_kg":0.0891960986207214,"volume_m3":0.0002199114857512855},{"ash_mass_kg":0.0,"char_mass_kg":0.0,"dry_wood_mass_kg":0.016336281798666922,"external_area_m2":0.0,"moisture_mass_kg":0.0019603538158400307,"oxygen_factor":0.0,"phase":"WET_WOOD","surface_exposure":0.0,"temperature_k":293.15,"volatile_potential_kg":0.012742299802960199,"volume_m3":3.141592653589793e-05},{"ash_mass_kg":0.0,"char_mass_kg":0.0,"dry_wood_mass_kg":0.04900884539600077,"external_area_m2":0.0,"moisture_mass_kg":0.005881061447520092,"oxygen_factor":0.0,"phase":"WET_WOOD","surface_exposure":0.0,"temperature_k":293.15,"volatile_potential_kg":0.038226899408880605,"volume_m3":9.424777960769378e-05},{"ash_mass_kg":0.0,"char_mass_kg":0.0,"dry_wood_mass_kg":0.0816814089933346,"external_area_m2":0.0,"moisture_mass_kg":0.009801769079200152,"oxygen_factor":0.0,"phase":"WET_WOOD","surface_exposure":0.0,"temperature_k":293.15,"volatile_potential_kg":0.063711499014801,"volume_m3":0.00015707963267948963},{"ash_mass_kg":0.0,"char_mass_kg":0.0,"dry_wood_mass_kg":0.11435397259066847,"external_area_m2":0.006283185307179586,"moisture_mass_kg":0.013722476710880217,"oxygen_factor":1.0,"phase":"WET_WOOD","surface_exposure":1.0,"temperature_k":293.15,"volatile_potential_kg":0.0891960986207214,"volume_m3":0.0002199114857512855},{"ash_mass_kg":0.0,"char_mass_kg":0.0,"dry_wood_mass_kg":0.016336281798666922,"external_area_m2":0.0,"moisture_mass_kg":0.0019603538158400307,"oxygen_factor":0.0,"phase":"WET_WOOD","surface_exposure":0.0,"temperature_k":293.15,"volatile_potential_kg":0.012742299802960199,"volume_m3":3.141592653589793e-05},{"ash_mass_kg":0.0,"char_mass_kg":0.0,"dry_wood_mass_kg":0.04900884539600077,"external_area_m2":0.0,"moisture_mass_kg":0.005881061447520092,"oxygen_factor":0.0,"phase":"WET_WOOD","surface_exposure":0.0,"temperature_k":293.15,"volatile_potential_kg":0.038226899408880605,"volume_m3":9.424777960769378e-05},{"ash_mass_kg":0.0,"char_mass_kg":0.0,"dry_wood_mass_kg":0.0816814089933346,"external_area_m2":0.0,"moisture_mass_kg":0.009801769079200152,"oxygen_factor":0.0,"phase":"WET_WOOD","surface_exposure":0.0,"temperature_k":293.15,"volatile_potential_kg":0.063711499014801,"volume_m3":0.00015707963267948963},{"ash_mass_kg":0.0,"char_mass_kg":0.0,"dry_wood_mass_kg":0.11435397259066847,"external_area_m2":0.006283185307179586,"moisture_mass_kg":0.013722476710880217,"oxygen_factor":1.0,"phase":"WET_WOOD","surface_exposure":1.0,"temperature_k":293.15,"volatile_potential_kg":0.0891960986207214,"volume_m3":0.0002199114857512855},{"ash_mass_kg":0.0,"char_mass_kg":0.0,"dry_wood_mass_kg":0.016336281798666922,"external_area_m2":0.00041887902047863906,"moisture_mass_kg":0.0019603538158400307,"oxygen_factor":1.0,"phase":"WET_WOOD","surface_exposure":1.0,"temperature_k":293.15,"volatile_potential_kg":0.012742299802960199,"volume_m3":3.141592653589793e-05},{"ash_mass_kg":0.0,"char_mass_kg":0.0,"dry_wood_mass_kg":0.04900884539600077,"external_area_m2":0.0012566370614359172,"moisture_mass_kg":0.005881061447520092,"oxygen_factor":1.0,"phase":"WET_WOOD","surface_exposure":1.0,"temperature_k":293.15,"volatile_potential_kg":0.038226899408880605,"volume_m3":9.424777960769378e-05},{"ash_mass_kg":0.0,"char_mass_kg":0.0,"dry_wood_mass_kg":0.0816814089933346,"external_area_m2":0.0020943951023931952,"moisture_mass_kg":0.009801769079200152,"oxygen_factor":1.0,"phase":"WET_WOOD","surface_exposure":1.0,"temperature_k":293.15,"volatile_potential_kg":0.063711499014801,"volume_m3":0.00015707963267948963},{"ash_mass_kg":0.0,"char_mass_kg":0.0,"dry_wood_mass_kg":0.11435397259066847,"external_area_m2":0.00921533845053006,"moisture_mass_kg":0.013722476710880217,"oxygen_factor":1.0,"phase":"WET_WOOD","surface_exposure":1.0,"temperature_k":293.15,"volatile_potential_kg":0.0891960986207214,"volume_m3":0.0002199114857512855},{"ash_mass_kg":0.0,"char_mass_kg":0.0,"dry_wood_mass_kg":0.016336281798666922,"external_area_m2":0.00041887902047863906,"moisture_mass_kg":0.0019603538158400307,"oxygen_factor":1.0,"phase":"WET_WOOD","surface_exposure":1.0,"temperature_k":293.15,"volatile_potential_kg":0.012742299802960199,"volume_m3":3.141592653589793e-05},{"ash_mass_kg":0.0,"char_mass_kg":0.0,"dry_wood_mass_kg":0.04900884539600077,"external_area_m2":0.0012566370614359172,"moisture_mass_kg":0.005881061447520092,"oxygen_factor":1.0,"phase":"WET_WOOD","surface_exposure":1.0,"temperature_k":293.15,"volatile_potential_kg":0.038226899408880605,"volume_m3":9.424777960769378e-05},{"ash_mass_kg":0.0,"char_mass_kg":0.0,"dry_wood_mass_kg":0.0816814089933346,"external_area_m2":0.0020943951023931952,"moisture_mass_kg":0.009801769079200152,"oxygen_factor":1.0,"phase":"WET_WOOD","surface_exposure":1.0,"temperature_k":293.15,"volatile_potential_kg":0.063711499014801,"volume_m3":0.00015707963267948963},{"ash_mass_kg":0.0,"char_mass_kg":0.0,"dry_wood_mass_kg":0.11435397259066847,"external_area_m2":0.00921533845053006,"moisture_mass_kg":0.013722476710880217,"oxygen_factor":1.0,"phase":"WET_WOOD","surface_exposure":1.0,"temperature_k":293.15,"volatile_potential_kg":0.0891960986207214,"volume_m3":0.0002199114857512855},{"ash_mass_kg":0.0,"char_mass_kg":0.0,"dry_wood_mass_kg":0.016336281798666922,"external_area_m2":0.00041887902047863906,"moisture_mass_kg":0.0019603538158400307,"oxygen_factor":1.0,"phase":"WET_WOOD","surface_exposure":1.0,"temperature_k":293.15,"volatile_potential_kg":0.012742299802960199,"volume_m3":3.141592653589793e-05},{"ash_mass_kg":0.0,"char_mass_kg":0.0,"dry_wood_mass_kg":0.04900884539600077,"external_area_m2":0.0012566370614359172,"moisture_mass_kg":0.005881061447520092,"oxygen_factor":1.0,"phase":"WET_WOOD","surface_exposure":1.0,"temperature_k":293.15,"volatile_potential_kg":0.038226899408880605,"volume_m3":9.424777960769378e-05},{"ash_mass_kg":0.0,"char_mass_kg":0.0,"dry_wood_mass_kg":0.0816814089933346,"external_area_m2":0.0020943951023931952,"moisture_mass_kg":0.009801769079200152,"oxygen_factor":1.0,"phase":"WET_WOOD","surface_exposure":1.0,"temperature_k":293.15,"volatile_potential_kg":0.063711499014801,"volume_m3":0.00015707963267948963},{"ash_mass_kg":0.0,"char_mass_kg":0.0,"dry_wood_mass_kg":0.11435397259066847,"external_area_m2":0.00921533845053006,"moisture_mass_kg":0.013722476710880217,"oxygen_factor":1.0,"phase":"WET_WOOD","surface_exposure":1.0,"temperature_k":293.15,"volatile_potential_kg":0.0891960986207214,"volume_m3":0.0002199114857512855},{"ash_mass_kg":0.0,"char_mass_kg":0.0,"dry_wood_mass_kg":0.016336281798666922,"external_area_m2":0.00041887902047863906,"moisture_mass_kg":0.0019603538158400307,"oxygen_factor":1.0,"phase":"WET_WOOD","surface_exposure":1.0,"temperature_k":293.15,"volatile_potential_kg":0.012742299802960199,"volume_m3":3.141592653589793e-05},{"ash_mass_kg":0.0,"char_mass_kg":0.0,"dry_wood_mass_kg":0.04900884539600077,"external_area_m2":0.0012566370614359172,"moisture_mass_kg":0.005881061447520092,"oxygen_factor":1.0,"phase":"WET_WOOD","surface_exposure":1.0,"temperature_k":293.15,"volatile_potential_kg":0.038226899408880605,"volume_m3":9.424777960769378e-05},{"ash_mass_kg":0.0,"char_mass_kg":0.0,"dry_wood_mass_kg":0.0816814089933346,"external_area_m2":0.0020943951023931952,"moisture_mass_kg":0.009801769079200152,"oxygen_factor":1.0,"phase":"WET_WOOD","surface_exposure":1.0,"temperature_k":293.15,"volatile_potential_kg":0.063711499014801,"volume_m3":0.00015707963267948963},{"ash_mass_kg":0.0,"char_mass_kg":0.0,"dry_wood_mass_kg":0.11435397259066847,"external_area_m2":0.00921533845053006,"moisture_mass_kg":0.013722476710880217,"oxygen_factor":1.0,"phase":"WET_WOOD","surface_exposure":1.0,"temperature_k":293.15,"volatile_potential_kg":0.0891960986207214,"volume_m3":0.0002199114857512855},{"ash_mass_kg":0.0,"char_mass_kg":0.0,"dry_wood_mass_kg":0.016336281798666922,"external_area_m2":0.00041887902047863906,"moisture_mass_kg":0.0019603538158400307,"oxygen_factor":1.0,"phase":"WET_WOOD","surface_exposure":1.0,"temperature_k":293.15,"volatile_potential_kg":0.012742299802960199,"volume_m3":3.141592653589793e-05},{"ash_mass_kg":0.0,"char_mass_kg":0.0,"dry_wood_mass_kg":0.04900884539600077,"external_area_m2":0.0012566370614359172,"moisture_mass_kg":0.005881061447520092,"oxygen_factor":1.0,"phase":"WET_WOOD","surface_exposure":1.0,"temperature_k":293.15,"volatile_potential_kg":0.038226899408880605,"volume_m3":9.424777960769378e-05},{"ash_mass_kg":0.0,"char_mass_kg":0.0,"dry_wood_mass_kg":0.0816814089933346,"external_area_m2":0.0020943951023931952,"moisture_mass_kg":0.009801769079200152,"oxygen_factor":1.0,"phase":"WET_WOOD","surface_exposure":1.0,"temperature_k":293.15,"volatile_potential_kg":0.063711499014801,"volume_m3":0.00015707963267948963},{"ash_mass_kg":0.0,"char_mass_kg":0.0,"dry_wood_mass_kg":0.11435397259066847,"external_area_m2":0.00921533845053006,"moisture_mass_kg":0.013722476710880217,"oxygen_factor":1.0,"phase":"WET_WOOD","surface_exposure":1.0,"temperature_k":293.15,"volatile_potential_kg":0.0891960986207214,"volume_m3":0.0002199114857512855},{"ash_mass_kg":0.0,"char_mass_kg":0.0,"dry_wood_mass_kg":0.016336281798666922,"external_area_m2":0.00041887902047863906,"moisture_mass_kg":0.0019603538158400307,"oxygen_factor":1.0,"phase":"WET_WOOD","surface_exposure":1.0,"temperature_k":293.15,"volatile_potential_kg":0.012742299802960199,"volume_m3":3.141592653589793e-05},{"ash_mass_kg":0.0,"char_mass_kg":0.0,"dry_wood_mass_kg":0.04900884539600077,"external_area_m2":0.0012566370614359172,"moisture_mass_kg":0.005881061447520092,"oxygen_factor":1.0,"phase":"WET_WOOD","surface_exposure":1.0,"temperature_k":293.15,"volatile_potential_kg":0.038226899408880605,"volume_m3":9.424777960769378e-05},{"ash_mass_kg":0.0,"char_mass_kg":0.0,"dry_wood_mass_kg":0.0816814089933346,"external_area_m2":0.0020943951023931952,"moisture_mass_kg":0.009801769079200152,"oxygen_factor":1.0,"phase":"WET_WOOD","surface_exposure":1.0,"temperature_k":293.15,"volatile_potential_kg":0.063711499014801,"volume_m3":0.00015707963267948963},{"ash_mass_kg":0.0,"char_mass_kg":0.0,"dry_wood_mass_kg":0.11435397259066847,"external_area_m2":0.00921533845053006,"moisture_mass_kg":0.013722476710880217,"oxygen_factor":1.0,"phase":"WET_WOOD","surface_exposure":1.0,"temperature_k":293.15,"volatile_potential_kg":0.0891960986207214,"volume_m3":0.0002199114857512855},{"ash_mass_kg":0.0,"char_mass_kg":0.0,"dry_wood_mass_kg":0.016336281798666922,"external_area_m2":0.00041887902047863906,"moisture_mass_kg":0.0019603538158400307,"oxygen_factor":1.0,"phase":"WET_WOOD","surface_exposure":1.0,"temperature_k":293.15,"volatile_potential_kg":0.012742299802960199,"volume_m3":3.141592653589793e-05},{"ash_mass_kg":0.0,"char_mass_kg":0.0,"dry_wood_mass_kg":0.04900884539600077,"external_area_m2":0.0012566370614359172,"moisture_mass_kg":0.005881061447520092,"oxygen_factor":1.0,"phase":"WET_WOOD","surface_exposure":1.0,"temperature_k":293.15,"volatile_potential_kg":0.038226899408880605,"volume_m3":9.424777960769378e-05},{"ash_mass_kg":0.0,"char_mass_kg":0.0,"dry_wood_mass_kg":0.0816814089933346,"external_area_m2":0.0020943951023931952,"moisture_mass_kg":0.009801769079200152,"oxygen_factor":1.0,"phase":"WET_WOOD","surface_exposure":1.0,"temperature_k":293.15,"volatile_potential_kg":0.063711499014801,"volume_m3":0.00015707963267948963},{"ash_mass_kg":0.0,"char_mass_kg":0.0,"dry_wood_mass_kg":0.11435397259066847,"external_area_m2":0.00921533845053006,"moisture_mass_kg":0.013722476710880217,"oxygen_factor":1.0,"phase":"WET_WOOD","surface_exposure":1.0,"temperature_k":293.15,"volatile_potential_kg":0.0891960986207214,"volume_m3":0.0002199114857512855},{"ash_mass_kg":0.0,"char_mass_kg":0.0,"dry_wood_mass_kg":0.016336281798666922,"external_area_m2":0.00041887902047863906,"moisture_mass_kg":0.0019603538158400307,"oxygen_factor":1.0,"phase":"WET_WOOD","surface_exposure":1.0,"temperature_k":293.15,"volatile_potential_kg":0.012742299802960199,"volume_m3":3.141592653589793e-05},{"ash_mass_kg":0.0,"char_mass_kg":0.0,"dry_wood_mass_kg":0.04900884539600077,"external_area_m2":0.0012566370614359172,"moisture_mass_kg":0.005881061447520092,"oxygen_factor":1.0,"phase":"WET_WOOD","surface_exposure":1.0,"temperature_k":293.15,"volatile_potential_kg":0.038226899408880605,"volume_m3":9.424777960769378e-05},{"ash_mass_kg":0.0,"char_mass_kg":0.0,"dry_wood_mass_kg":0.0816814089933346,"external_area_m2":0.0020943951023931952,"moisture_mass_kg":0.009801769079200152,"oxygen_factor":1.0,"phase":"WET_WOOD","surface_exposure":1.0,"temperature_k":293.15,"volatile_potential_kg":0.063711499014801,"volume_m3":0.00015707963267948963},{"ash_mass_kg":0.0,"char_mass_kg":0.0,"dry_wood_mass_kg":0.11435397259066847,"external_area_m2":0.00921533845053006,"moisture_mass_kg":0.013722476710880217,"oxygen_factor":1.0,"phase":"WET_WOOD","surface_exposure":1.0,"temperature_k":293.15,"volatile_potential_kg":0.0891960986207214,"volume_m3":0.0002199114857512855},{"ash_mass_kg":0.0,"char_mass_kg":0.0,"dry_wood_mass_kg":0.016336281798666922,"external_area_m2":0.00041887902047863906,"moisture_mass_kg":0.0019603538158400307,"oxygen_factor":1.0,"phase":"WET_WOOD","surface_exposure":1.0,"temperature_k":293.15,"volatile_potential_kg":0.012742299802960199,"volume_m3":3.141592653589793e-05},{"ash_mass_kg":0.0,"char_mass_kg":0.0,"dry_wood_mass_kg":0.04900884539600077,"external_area_m2":0.0012566370614359172,"moisture_mass_kg":0.005881061447520092,"oxygen_factor":1.0,"phase":"WET_WOOD","surface_exposure":1.0,"temperature_k":293.15,"volatile_potential_kg":0.038226899408880605,"volume_m3":9.424777960769378e-05},{"ash_mass_kg":0.0,"char_mass_kg":0.0,"dry_wood_mass_kg":0.0816814089933346,"external_area_m2":0.0020943951023931952,"moisture_mass_kg":0.009801769079200152,"oxygen_factor":1.0,"phase":"WET_WOOD","surface_exposure":1.0,"temperature_k":293.15,"volatile_potential_kg":0.063711499014801,"volume_m3":0.00015707963267948963},{"ash_mass_kg":0.0,"char_mass_kg":0.0,"dry_wood_mass_kg":0.11435397259066847,"external_area_m2":0.00921533845053006,"moisture_mass_kg":0.013722476710880217,"oxygen_factor":1.0,"phase":"WET_WOOD","surface_exposure":1.0,"temperature_k":293.15,"volatile_potential_kg":0.0891960986207214,"volume_m3":0.0002199114857512855},{"ash_mass_kg":0.0,"char_mass_kg":0.0,"dry_wood_mass_kg":0.016336281798666922,"external_area_m2":0.00041887902047863906,"moisture_mass_kg":0.0019603538158400307,"oxygen_factor":1.0,"phase":"WET_WOOD","surface_exposure":1.0,"temperature_k":293.15,"volatile_potential_kg":0.012742299802960199,"volume_m3":3.141592653589793e-05},{"ash_mass_kg":0.0,"char_mass_kg":0.0,"dry_wood_mass_kg":0.04900884539600077,"external_area_m2":0.0012566370614359172,"moisture_mass_kg":0.005881061447520092,"oxygen_factor":1.0,"phase":"WET_WOOD","surface_exposure":1.0,"temperature_k":293.15,"volatile_potential_kg":0.038226899408880605,"volume_m3":9.424777960769378e-05},{"ash_mass_kg":0.0,"char_mass_kg":0.0,"dry_wood_mass_kg":0.0816814089933346,"external_area_m2":0.0020943951023931952,"moisture_mass_kg":0.009801769079200152,"oxygen_factor":1.0,"phase":"WET_WOOD","surface_exposure":1.0,"temperature_k":293.15,"volatile_potential_kg":0.063711499014801,"volume_m3":0.00015707963267948963},{"ash_mass_kg":0.0,"char_mass_kg":0.0,"dry_wood_mass_kg":0.11435397259066847,"external_area_m2":0.00921533845053006,"moisture_mass_kg":0.013722476710880217,"oxygen_factor":1.0,"phase":"WET_WOOD","surface_exposure":1.0,"temperature_k":293.15,"volatile_potential_kg":0.0891960986207214,"volume_m3":0.0002199114857512855},{"ash_mass_kg":0.0,"char_mass_kg":0.0,"dry_wood_mass_kg":0.016336281798666922,"external_area_m2":0.00041887902047863906,"moisture_mass_kg":0.0019603538158400307,"oxygen_factor":1.0,"phase":"WET_WOOD","surface_exposure":1.0,"temperature_k":293.15,"volatile_potential_kg":0.012742299802960199,"volume_m3":3.141592653589793e-05},{"ash_mass_kg":0.0,"char_mass_kg":0.0,"dry_wood_mass_kg":0.04900884539600077,"external_area_m2":0.0012566370614359172,"moisture_mass_kg":0.005881061447520092,"oxygen_factor":1.0,"phase":"WET_WOOD","surface_exposure":1.0,"temperature_k":293.15,"volatile_potential_kg":0.038226899408880605,"volume_m3":9.424777960769378e-05},{"ash_mass_kg":0.0,"char_mass_kg":0.0,"dry_wood_mass_kg":0.0816814089933346,"external_area_m2":0.0020943951023931952,"moisture_mass_kg":0.009801769079200152,"oxygen_factor":1.0,"phase":"WET_WOOD","surface_exposure":1.0,"temperature_k":293.15,"volatile_potential_kg":0.063711499014801,"volume_m3":0.00015707963267948963},{"ash_mass_kg":0.0,"char_mass_kg":0.0,"dry_wood_mass_kg":0.11435397259066847,"external_area_m2":0.00921533845053006,"moisture_mass_kg":0.013722476710880217,"oxygen_factor":1.0,"phase":"WET_WOOD","surface_exposure":1.0,"temperature_k":293.15,"volatile_potential_kg":0.0891960986207214,"volume_m3":0.0002199114857512855},{"ash_mass_kg":0.0,"char_mass_kg":0.0,"dry_wood_mass_kg":0.016336281798666922,"external_area_m2":0.00041887902047863906,"moisture_mass_kg":0.0019603538158400307,"oxygen_factor":1.0,"phase":"WET_WOOD","surface_exposure":1.0,"temperature_k":293.15,"volatile_potential_kg":0.012742299802960199,"volume_m3":3.141592653589793e-05},{"ash_mass_kg":0.0,"char_mass_kg":0.0,"dry_wood_mass_kg":0.04900884539600077,"external_area_m2":0.0012566370614359172,"moisture_mass_kg":0.005881061447520092,"oxygen_factor":1.0,"phase":"WET_WOOD","surface_exposure":1.0,"temperature_k":293.15,"volatile_potential_kg":0.038226899408880605,"volume_m3":9.424777960769378e-05},{"ash_mass_kg":0.0,"char_mass_kg":0.0,"dry_wood_mass_kg":0.0816814089933346,"external_area_m2":0.0020943951023931952,"moisture_mass_kg":0.009801769079200152,"oxygen_factor":1.0,"phase":"WET_WOOD","surface_exposure":1.0,"temperature_k":293.15,"volatile_potential_kg":0.063711499014801,"volume_m3":0.00015707963267948963},{"ash_mass_kg":0.0,"char_mass_kg":0.0,"dry_wood_mass_kg":0.11435397259066847,"external_area_m2":0.00921533845053006,"moisture_mass_kg":0.013722476710880217,"oxygen_factor":1.0,"phase":"WET_WOOD","surface_exposure":1.0,"temperature_k":293.15,"volatile_potential_kg":0.0891960986207214,"volume_m3":0.0002199114857512855}],"elapsed_seconds":0.0,"emitted_char_gas_kg":0.0,"emitted_pyrolysis_gas_kg":0.0,"emitted_water_kg":0.0,"initial_mass_kg":84.31089691164804,"parameters":{"ambient_temperature_k":293.15,"ash_specific_heat_j_kg_k":800.0,"char_ash_yield":0.08,"char_oxidation_heat_j_kg":15000000.0,"char_oxidation_max_fraction_s":0.0005,"char_oxidation_start_temperature_k":673.15,"char_specific_heat_j_kg_k":1000.0,"conductivity_axial_w_m_k":0.25,"conductivity_radial_w_m_k":0.12,"convection_w_m2_k":12.0,"dry_wood_density_kg_m3":520.0,"emissivity":0.82,"evaporation_max_fraction_s":0.08,"evaporation_start_temperature_k":353.15,"max_temperature_k":1600.0,"pyrolysis_char_yield":0.22,"pyrolysis_full_temperature_k":773.15,"pyrolysis_heat_j_kg":300000.0,"pyrolysis_max_fraction_s":0.025,"pyrolysis_start_temperature_k":573.15,"water_latent_heat_j_kg":2256000.0,"water_specific_heat_j_kg_k":4180.0,"wood_specific_heat_j_kg_k":1700.0},"spec":{"axial_cells":24,"circumferential_cells":12,"length_m":1.8,"log_id":"Log_00","radial_cells":4,"radius_m":0.16},"version":1}'
            custom double campfire:densityKgM3 = 520
            custom double campfire:initialMassKg = 75.27758652825719
            custom double campfire:lengthM = 1.8
            custom string campfire:logId = "Log_00"
            custom double campfire:radiusM = 0.16
            custom double campfire:surfaceTemperatureK = 293.15
            double height = 1.8
            rel material:binding:physics = </World/PhysicsMaterials/Wood> (
                bindMaterialAs = "weakerThanDescendants"
            )
            vector3f physics:angularVelocity = (0, 0, 0)
            bool physics:kinematicEnabled = 0
            float physics:mass = 75.27759
            bool physics:rigidBodyEnabled = 1
            vector3f physics:velocity = (0, 0, 0)
            float physxRigidBody:angularDamping = 0.2
            float physxRigidBody:linearDamping = 0.05
            color3f[] primvars:displayColor = [(0.3, 0.12, 0.045)]
            double radius = 0.16
            quatf xformOp:orient = (1, 0, 0, 0)
            double3 xformOp:translate = (0, -0.34, 0.18)
            uniform token[] xformOpOrder = ["xformOp:translate", "xformOp:orient"]
        }

        def Cylinder "Log_01" (
            prepend apiSchemas = ["PhysicsCollisionAPI", "PhysicsRigidBodyAPI", "PhysicsMassAPI", "PhysxRigidBodyAPI", "MaterialBindingAPI"]
        )
        {
            uniform token axis = "X"
            custom double campfire:charFraction = 0
            custom int campfire:combustionModelVersion = 1
            custom string campfire:combustionStateJson = '{"cells":[{"ash_mass_kg":0.0,"char_mass_kg":0.0,"dry_wood_mass_kg":0.016336281798666922,"external_area_m2":0.00041887902047863906,"moisture_mass_kg":0.009801769079200153,"oxygen_factor":1.0,"phase":"WET_WOOD","surface_exposure":1.0,"temperature_k":293.15,"volatile_potential_kg":0.012742299802960199,"volume_m3":3.141592653589793e-05},{"ash_mass_kg":0.0,"char_mass_kg":0.0,"dry_wood_mass_kg":0.04900884539600077,"external_area_m2":0.0012566370614359172,"moisture_mass_kg":0.02940530723760046,"oxygen_factor":1.0,"phase":"WET_WOOD","surface_exposure":1.0,"temperature_k":293.15,"volatile_potential_kg":0.038226899408880605,"volume_m3":9.424777960769378e-05},{"ash_mass_kg":0.0,"char_mass_kg":0.0,"dry_wood_mass_kg":0.0816814089933346,"external_area_m2":0.0020943951023931952,"moisture_mass_kg":0.04900884539600076,"oxygen_factor":1.0,"phase":"WET_WOOD","surface_exposure":1.0,"temperature_k":293.15,"volatile_potential_kg":0.063711499014801,"volume_m3":0.00015707963267948963},{"ash_mass_kg":0.0,"char_mass_kg":0.0,"dry_wood_mass_kg":0.11435397259066847,"external_area_m2":0.00921533845053006,"moisture_mass_kg":0.06861238355440108,"oxygen_factor":1.0,"phase":"WET_WOOD","surface_exposure":1.0,"temperature_k":293.15,"volatile_potential_kg":0.0891960986207214,"volume_m3":0.0002199114857512855},{"ash_mass_kg":0.0,"char_mass_kg":0.0,"dry_wood_mass_kg":0.016336281798666922,"external_area_m2":0.00041887902047863906,"moisture_mass_kg":0.009801769079200153,"oxygen_factor":1.0,"phase":"WET_WOOD","surface_exposure":1.0,"temperature_k":293.15,"volatile_potential_kg":0.012742299802960199,"volume_m3":3.141592653589793e-05},{"ash_mass_kg":0.0,"char_mass_kg":0.0,"dry_wood_mass_kg":0.04900884539600077,"external_area_m2":0.0012566370614359172,"moisture_mass_kg":0.02940530723760046,"oxygen_factor":1.0,"phase":"WET_WOOD","surface_exposure":1.0,"temperature_k":293.15,"volatile_potential_kg":0.038226899408880605,"volume_m3":9.424777960769378e-05},{"ash_mass_kg":0.0,"char_mass_kg":0.0,"dry_wood_mass_kg":0.0816814089933346,"external_area_m2":0.0020943951023931952,"moisture_mass_kg":0.04900884539600076,"oxygen_factor":1.0,"phase":"WET_WOOD","surface_exposure":1.0,"temperature_k":293.15,"volatile_potential_kg":0.063711499014801,"volume_m3":0.00015707963267948963},{"ash_mass_kg":0.0,"char_mass_kg":0.0,"dry_wood_mass_kg":0.11435397259066847,"external_area_m2":0.00921533845053006,"moisture_mass_kg":0.06861238355440108,"oxygen_factor":1.0,"phase":"WET_WOOD","surface_exposure":1.0,"temperature_k":293.15,"volatile_potential_kg":0.0891960986207214,"volume_m3":0.0002199114857512855},{"ash_mass_kg":0.0,"char_mass_kg":0.0,"dry_wood_mass_kg":0.016336281798666922,"external_area_m2":0.00041887902047863906,"moisture_mass_kg":0.009801769079200153,"oxygen_factor":1.0,"phase":"WET_WOOD","surface_exposure":1.0,"temperature_k":293.15,"volatile_potential_kg":0.012742299802960199,"volume_m3":3.141592653589793e-05},{"ash_mass_kg":0.0,"char_mass_kg":0.0,"dry_wood_mass_kg":0.04900884539600077,"external_area_m2":0.0012566370614359172,"moisture_mass_kg":0.02940530723760046,"oxygen_factor":1.0,"phase":"WET_WOOD","surface_exposure":1.0,"temperature_k":293.15,"volatile_potential_kg":0.038226899408880605,"volume_m3":9.424777960769378e-05},{"ash_mass_kg":0.0,"char_mass_kg":0.0,"dry_wood_mass_kg":0.0816814089933346,"external_area_m2":0.0020943951023931952,"moisture_mass_kg":0.04900884539600076,"oxygen_factor":1.0,"phase":"WET_WOOD","surface_exposure":1.0,"temperature_k":293.15,"volatile_potential_kg":0.063711499014801,"volume_m3":0.00015707963267948963},{"ash_mass_kg":0.0,"char_mass_kg":0.0,"dry_wood_mass_kg":0.11435397259066847,"external_area_m2":0.00921533845053006,"moisture_mass_kg":0.06861238355440108,"oxygen_factor":1.0,"phase":"WET_WOOD","surface_exposure":1.0,"temperature_k":293.15,"volatile_potential_kg":0.0891960986207214,"volume_m3":0.0002199114857512855},{"ash_mass_kg":0.0,"char_mass_kg":0.0,"dry_wood_mass_kg":0.016336281798666922,"external_area_m2":0.00041887902047863906,"moisture_mass_kg":0.009801769079200153,"oxygen_factor":1.0,"phase":"WET_WOOD","surface_exposure":1.0,"temperature_k":293.15,"volatile_potential_kg":0.012742299802960199,"volume_m3":3.141592653589793e-05},{"ash_mass_kg":0.0,"char_mass_kg":0.0,"dry_wood_mass_kg":0.04900884539600077,"external_area_m2":0.0012566370614359172,"moisture_mass_kg":0.02940530723760046,"oxygen_factor":1.0,"phase":"WET_WOOD","surface_exposure":1.0,"temperature_k":293.15,"volatile_potential_kg":0.038226899408880605,"volume_m3":9.424777960769378e-05},{"ash_mass_kg":0.0,"char_mass_kg":0.0,"dry_wood_mass_kg":0.0816814089933346,"external_area_m2":0.0020943951023931952,"moisture_mass_kg":0.04900884539600076,"oxygen_factor":1.0,"phase":"WET_WOOD","surface_exposure":1.0,"temperature_k":293.15,"volatile_potential_kg":0.063711499014801,"volume_m3":0.00015707963267948963},{"ash_mass_kg":0.0,"char_mass_kg":0.0,"dry_wood_mass_kg":0.11435397259066847,"external_area_m2":0.00921533845053006,"moisture_mass_kg":0.06861238355440108,"oxygen_factor":1.0,"phase":"WET_WOOD","surface_exposure":1.0,"temperature_k":293.15,"volatile_potential_kg":0.0891960986207214,"volume_m3":0.0002199114857512855},{"ash_mass_kg":0.0,"char_mass_kg":0.0,"dry_wood_mass_kg":0.016336281798666922,"external_area_m2":0.00041887902047863906,"moisture_mass_kg":0.009801769079200153,"oxygen_factor":1.0,"phase":"WET_WOOD","surface_exposure":1.0,"temperature_k":293.15,"volatile_potential_kg":0.012742299802960199,"volume_m3":3.141592653589793e-05},{"ash_mass_kg":0.0,"char_mass_kg":0.0,"dry_wood_mass_kg":0.04900884539600077,"external_area_m2":0.0012566370614359172,"moisture_mass_kg":0.02940530723760046,"oxygen_factor":1.0,"phase":"WET_WOOD","surface_exposure":1.0,"temperature_k":293.15,"volatile_potential_kg":0.038226899408880605,"volume_m3":9.424777960769378e-05},{"ash_mass_kg":0.0,"char_mass_kg":0.0,"dry_wood_mass_kg":0.0816814089933346,"external_area_m2":0.0020943951023931952,"moisture_mass_kg":0.04900884539600076,"oxygen_factor":1.0,"phase":"WET_WOOD","surface_exposure":1.0,"temperature_k":293.15,"volatile_potential_kg":0.063711499014801,"volume_m3":0.00015707963267948963},{"ash_mass_kg":0.0,"char_mass_kg":0.0,"dry_wood_mass_kg":0.11435397259066847,"external_area_m2":0.00921533845053006,"moisture_mass_kg":0.06861238355440108,"oxygen_factor":1.0,"phase":"WET_WOOD","surface_exposure":1.0,"temperature_k":293.15,"volatile_potential_kg":0.0891960986207214,"volume_m3":0.0002199114857512855},{"ash_mass_kg":0.0,"char_mass_kg":0.0,"dry_wood_mass_kg":0.016336281798666922,"external_area_m2":0.00041887902047863906,"moisture_mass_kg":0.009801769079200153,"oxygen_factor":1.0,"phase":"WET_WOOD","surface_exposure":1.0,"temperature_k":293.15,"volatile_potential_kg":0.012742299802960199,"volume_m3":3.141592653589793e-05},{"ash_mass_kg":0.0,"char_mass_kg":0.0,"dry_wood_mass_kg":0.04900884539600077,"external_area_m2":0.0012566370614359172,"moisture_mass_kg":0.02940530723760046,"oxygen_factor":1.0,"phase":"WET_WOOD","surface_exposure":1.0,"temperature_k":293.15,"volatile_potential_kg":0.038226899408880605,"volume_m3":9.424777960769378e-05},{"ash_mass_kg":0.0,"char_mass_kg":0.0,"dry_wood_mass_kg":0.0816814089933346,"external_area_m2":0.0020943951023931952,"moisture_mass_kg":0.04900884539600076,"oxygen_factor":1.0,"phase":"WET_WOOD","surface_exposure":1.0,"temperature_k":293.15,"volatile_potential_kg":0.063711499014801,"volume_m3":0.00015707963267948963},{"ash_mass_kg":0.0,"char_mass_kg":0.0,"dry_wood_mass_kg":0.11435397259066847,"external_area_m2":0.00921533845053006,"moisture_mass_kg":0.06861238355440108,"oxygen_factor":1.0,"phase":"WET_WOOD","surface_exposure":1.0,"temperature_k":293.15,"volatile_potential_kg":0.0891960986207214,"volume_m3":0.0002199114857512855},{"ash_mass_kg":0.0,"char_mass_kg":0.0,"dry_wood_mass_kg":0.016336281798666922,"external_area_m2":0.00041887902047863906,"moisture_mass_kg":0.009801769079200153,"oxygen_factor":1.0,"phase":"WET_WOOD","surface_exposure":1.0,"temperature_k":293.15,"volatile_potential_kg":0.012742299802960199,"volume_m3":3.141592653589793e-05},{"ash_mass_kg":0.0,"char_mass_kg":0.0,"dry_wood_mass_kg":0.04900884539600077,"external_area_m2":0.0012566370614359172,"moisture_mass_kg":0.02940530723760046,"oxygen_factor":1.0,"phase":"WET_WOOD","surface_exposure":1.0,"temperature_k":293.15,"volatile_potential_kg":0.038226899408880605,"volume_m3":9.424777960769378e-05},{"ash_mass_kg":0.0,"char_mass_kg":0.0,"dry_wood_mass_kg":0.0816814089933346,"external_area_m2":0.0020943951023931952,"moisture_mass_kg":0.04900884539600076,"oxygen_factor":1.0,"phase":"WET_WOOD","surface_exposure":1.0,"temperature_k":293.15,"volatile_potential_kg":0.063711499014801,"volume_m3":0.00015707963267948963},{"ash_mass_kg":0.0,"char_mass_kg":0.0,"dry_wood_mass_kg":0.11435397259066847,"external_area_m2":0.00921533845053006,"moisture_mass_kg":0.06861238355440108,"oxygen_factor":1.0,"phase":"WET_WOOD","surface_exposure":1.0,"temperature_k":293.15,"volatile_potential_kg":0.0891960986207214,"volume_m3":0.0002199114857512855},{"ash_mass_kg":0.0,"char_mass_kg":0.0,"dry_wood_mass_kg":0.016336281798666922,"external_area_m2":0.00041887902047863906,"moisture_mass_kg":0.009801769079200153,"oxygen_factor":1.0,"phase":"WET_WOOD","surface_exposure":1.0,"temperature_k":293.15,"volatile_potential_kg":0.012742299802960199,"volume_m3":3.141592653589793e-05},{"ash_mass_kg":0.0,"char_mass_kg":0.0,"dry_wood_mass_kg":0.04900884539600077,"external_area_m2":0.0012566370614359172,"moisture_mass_kg":0.02940530723760046,"oxygen_factor":1.0,"phase":"WET_WOOD","surface_exposure":1.0,"temperature_k":293.15,"volatile_potential_kg":0.038226899408880605,"volume_m3":9.424777960769378e-05},{"ash_mass_kg":0.0,"char_mass_kg":0.0,"dry_wood_mass_kg":0.0816814089933346,"external_area_m2":0.0020943951023931952,"moisture_mass_kg":0.04900884539600076,"oxygen_factor":1.0,"phase":"WET_WOOD","surface_exposure":1.0,"temperature_k":293.15,"volatile_potential_kg":0.063711499014801,"volume_m3":0.00015707963267948963},{"ash_mass_kg":0.0,"char_mass_kg":0.0,"dry_wood_mass_kg":0.11435397259066847,"external_area_m2":0.00921533845053006,"moisture_mass_kg":0.06861238355440108,"oxygen_factor":1.0,"phase":"WET_WOOD","surface_exposure":1.0,"temperature_k":293.15,"volatile_potential_kg":0.0891960986207214,"volume_m3":0.0002199114857512855},{"ash_mass_kg":0.0,"char_mass_kg":0.0,"dry_wood_mass_kg":0.016336281798666922,"external_area_m2":0.00041887902047863906,"moisture_mass_kg":0.009801769079200153,"oxygen_factor":1.0,"phase":"WET_WOOD","surface_exposure":1.0,"temperature_k":293.15,"volatile_potential_kg":0.012742299802960199,"volume_m3":3.141592653589793e-05},{"ash_mass_kg":0.0,"char_mass_kg":0.0,"dry_wood_mass_kg":0.04900884539600077,"external_area_m2":0.0012566370614359172,"moisture_mass_kg":0.02940530723760046,"oxygen_factor":1.0,"phase":"WET_WOOD","surface_exposure":1.0,"temperature_k":293.15,"volatile_potential_kg":0.038226899408880605,"volume_m3":9.424777960769378e-05},{"ash_mass_kg":0.0,"char_mass_kg":0.0,"dry_wood_mass_kg":0.0816814089933346,"external_area_m2":0.0020943951023931952,"moisture_mass_kg":0.04900884539600076,"oxygen_factor":1.0,"phase":"WET_WOOD","surface_exposure":1.0,"temperature_k":293.15,"volatile_potential_kg":0.063711499014801,"volume_m3":0.00015707963267948963},{"ash_mass_kg":0.0,"char_mass_kg":0.0,"dry_wood_mass_kg":0.11435397259066847,"external_area_m2":0.00921533845053006,"moisture_mass_kg":0.06861238355440108,"oxygen_factor":1.0,"phase":"WET_WOOD","surface_exposure":1.0,"temperature_k":293.15,"volatile_potential_kg":0.0891960986207214,"volume_m3":0.0002199114857512855},{"ash_mass_kg":0.0,"char_mass_kg":0.0,"dry_wood_mass_kg":0.016336281798666922,"external_area_m2":0.00041887902047863906,"moisture_mass_kg":0.009801769079200153,"oxygen_factor":1.0,"phase":"WET_WOOD","surface_exposure":1.0,"temperature_k":293.15,"volatile_potential_kg":0.012742299802960199,"volume_m3":3.141592653589793e-05},{"ash_mass_kg":0.0,"char_mass_kg":0.0,"dry_wood_mass_kg":0.04900884539600077,"external_area_m2":0.0012566370614359172,"moisture_mass_kg":0.02940530723760046,"oxygen_factor":1.0,"phase":"WET_WOOD","surface_exposure":1.0,"temperature_k":293.15,"volatile_potential_kg":0.038226899408880605,"volume_m3":9.424777960769378e-05},{"ash_mass_kg":0.0,"char_mass_kg":0.0,"dry_wood_mass_kg":0.0816814089933346,"external_area_m2":0.0020943951023931952,"moisture_mass_kg":0.04900884539600076,"oxygen_factor":1.0,"phase":"WET_WOOD","surface_exposure":1.0,"temperature_k":293.15,"volatile_potential_kg":0.063711499014801,"volume_m3":0.00015707963267948963},{"ash_mass_kg":0.0,"char_mass_kg":0.0,"dry_wood_mass_kg":0.11435397259066847,"external_area_m2":0.00921533845053006,"moisture_mass_kg":0.06861238355440108,"oxygen_factor":1.0,"phase":"WET_WOOD","surface_exposure":1.0,"temperature_k":293.15,"volatile_potential_kg":0.0891960986207214,"volume_m3":0.0002199114857512855},{"ash_mass_kg":0.0,"char_mass_kg":0.0,"dry_wood_mass_kg":0.016336281798666922,"external_area_m2":0.00041887902047863906,"moisture_mass_kg":0.009801769079200153,"oxygen_factor":1.0,"phase":"WET_WOOD","surface_exposure":1.0,"temperature_k":293.15,"volatile_potential_kg":0.012742299802960199,"volume_m3":3.141592653589793e-05},{"ash_mass_kg":0.0,"char_mass_kg":0.0,"dry_wood_mass_kg":0.04900884539600077,"external_area_m2":0.0012566370614359172,"moisture_mass_kg":0.02940530723760046,"oxygen_factor":1.0,"phase":"WET_WOOD","surface_exposure":1.0,"temperature_k":293.15,"volatile_potential_kg":0.038226899408880605,"volume_m3":9.424777960769378e-05},{"ash_mass_kg":0.0,"char_mass_kg":0.0,"dry_wood_mass_kg":0.0816814089933346,"external_area_m2":0.0020943951023931952,"moisture_mass_kg":0.04900884539600076,"oxygen_factor":1.0,"phase":"WET_WOOD","surface_exposure":1.0,"temperature_k":293.15,"volatile_potential_kg":0.063711499014801,"volume_m3":0.00015707963267948963},{"ash_mass_kg":0.0,"char_mass_kg":0.0,"dry_wood_mass_kg":0.11435397259066847,"external_area_m2":0.00921533845053006,"moisture_mass_kg":0.06861238355440108,"oxygen_factor":1.0,"phase":"WET_WOOD","surface_exposure":1.0,"temperature_k":293.15,"volatile_potential_kg":0.0891960986207214,"volume_m3":0.0002199114857512855},{"ash_mass_kg":0.0,"char_mass_kg":0.0,"dry_wood_mass_kg":0.016336281798666922,"external_area_m2":0.00041887902047863906,"moisture_mass_kg":0.009801769079200153,"oxygen_factor":1.0,"phase":"WET_WOOD","surface_exposure":1.0,"temperature_k":293.15,"volatile_potential_kg":0.012742299802960199,"volume_m3":3.141592653589793e-05},{"ash_mass_kg":0.0,"char_mass_kg":0.0,"dry_wood_mass_kg":0.04900884539600077,"external_area_m2":0.0012566370614359172,"moisture_mass_kg":0.02940530723760046,"oxygen_factor":1.0,"phase":"WET_WOOD","surface_exposure":1.0,"temperature_k":293.15,"volatile_potential_kg":0.038226899408880605,"volume_m3":9.424777960769378e-05},{"ash_mass_kg":0.0,"char_mass_kg":0.0,"dry_wood_mass_kg":0.0816814089933346,"external_area_m2":0.0020943951023931952,"moisture_mass_kg":0.04900884539600076,"oxygen_factor":1.0,"phase":"WET_WOOD","surface_exposure":1.0,"temperature_k":293.15,"volatile_potential_kg":0.063711499014801,"volume_m3":0.00015707963267948963},{"ash_mass_kg":0.0,"char_mass_kg":0.0,"dry_wood_mass_kg":0.11435397259066847,"external_area_m2":0.00921533845053006,"moisture_mass_kg":0.06861238355440108,"oxygen_factor":1.0,"phase":"WET_WOOD","surface_exposure":1.0,"temperature_k":293.15,"volatile_potential_kg":0.0891960986207214,"volume_m3":0.0002199114857512855},{"ash_mass_kg":0.0,"char_mass_kg":0.0,"dry_wood_mass_kg":0.016336281798666922,"external_area_m2":0.0,"moisture_mass_kg":0.009801769079200153,"oxygen_factor":0.0,"phase":"WET_WOOD","surface_exposure":0.0,"temperature_k":293.15,"volatile_potential_kg":0.012742299802960199,"volume_m3":3.141592653589793e-05},{"ash_mass_kg":0.0,"char_mass_kg":0.0,"dry_wood_mass_kg":0.04900884539600077,"external_area_m2":0.0,"moisture_mass_kg":0.02940530723760046,"oxygen_factor":0.0,"phase":"WET_WOOD","surface_exposure":0.0,"temperature_k":293.15,"volatile_potential_kg":0.038226899408880605,"volume_m3":9.424777960769378e-05},{"ash_mass_kg":0.0,"char_mass_kg":0.0,"dry_wood_mass_kg":0.0816814089933346,"external_area_m2":0.0,"moisture_mass_kg":0.04900884539600076,"oxygen_factor":0.0,"phase":"WET_WOOD","surface_exposure":0.0,"temperature_k":293.15,"volatile_potential_kg":0.063711499014801,"volume_m3":0.00015707963267948963},{"ash_mass_kg":0.0,"char_mass_kg":0.0,"dry_wood_mass_kg":0.11435397259066847,"external_area_m2":0.006283185307179586,"moisture_mass_kg":0.06861238355440108,"oxygen_factor":1.0,"phase":"WET_WOOD","surface_exposure":1.0,"temperature_k":293.15,"volatile_potential_kg":0.0891960986207214,"volume_m3":0.0002199114857512855},{"ash_mass_kg":0.0,"char_mass_kg":0.0,"dry_wood_mass_kg":0.016336281798666922,"external_area_m2":0.0,"moisture_mass_kg":0.009801769079200153,"oxygen_factor":0.0,"phase":"WET_WOOD","surface_exposure":0.0,"temperature_k":293.15,"volatile_potential_kg":0.012742299802960199,"volume_m3":3.141592653589793e-05},{"ash_mass_kg":0.0,"char_mass_kg":0.0,"dry_wood_mass_kg":0.04900884539600077,"external_area_m2":0.0,"moisture_mass_kg":0.02940530723760046,"oxygen_factor":0.0,"phase":"WET_WOOD","surface_exposure":0.0,"temperature_k":293.15,"volatile_potential_kg":0.038226899408880605,"volume_m3":9.424777960769378e-05},{"ash_mass_kg":0.0,"char_mass_kg":0.0,"dry_wood_mass_kg":0.0816814089933346,"external_area_m2":0.0,"moisture_mass_kg":0.04900884539600076,"oxygen_factor":0.0,"phase":"WET_WOOD","surface_exposure":0.0,"temperature_k":293.15,"volatile_potential_kg":0.063711499014801,"volume_m3":0.00015707963267948963},{"ash_mass_kg":0.0,"char_mass_kg":0.0,"dry_wood_mass_kg":0.11435397259066847,"external_area_m2":0.006283185307179586,"moisture_mass_kg":0.06861238355440108,"oxygen_factor":1.0,"phase":"WET_WOOD","surface_exposure":1.0,"temperature_k":293.15,"volatile_potential_kg":0.0891960986207214,"volume_m3":0.0002199114857512855},{"ash_mass_kg":0.0,"char_mass_kg":0.0,"dry_wood_mass_kg":0.016336281798666922,"external_area_m2":0.0,"moisture_mass_kg":0.009801769079200153,"oxygen_factor":0.0,"phase":"WET_WOOD","surface_exposure":0.0,"temperature_k":293.15,"volatile_potential_kg":0.012742299802960199,"volume_m3":3.141592653589793e-05},{"ash_mass_kg":0.0,"char_mass_kg":0.0,"dry_wood_mass_kg":0.04900884539600077,"external_area_m2":0.0,"moisture_mass_kg":0.02940530723760046,"oxygen_factor":0.0,"phase":"WET_WOOD","surface_exposure":0.0,"temperature_k":293.15,"volatile_potential_kg":0.038226899408880605,"volume_m3":9.424777960769378e-05},{"ash_mass_kg":0.0,"char_mass_kg":0.0,"dry_wood_mass_kg":0.0816814089933346,"external_area_m2":0.0,"moisture_mass_kg":0.04900884539600076,"oxygen_factor":0.0,"phase":"WET_WOOD","surface_exposure":0.0,"temperature_k":293.15,"volatile_potential_kg":0.063711499014801,"volume_m3":0.00015707963267948963},{"ash_mass_kg":0.0,"char_mass_kg":0.0,"dry_wood_mass_kg":0.11435397259066847,"external_area_m2":0.006283185307179586,"moisture_mass_kg":0.06861238355440108,"oxygen_factor":1.0,"phase":"WET_WOOD","surface_exposure":1.0,"temperature_k":293.15,"volatile_potential_kg":0.0891960986207214,"volume_m3":0.0002199114857512855},{"ash_mass_kg":0.0,"char_mass_kg":0.0,"dry_wood_mass_kg":0.016336281798666922,"external_area_m2":0.0,"moisture_mass_kg":0.009801769079200153,"oxygen_factor":0.0,"phase":"WET_WOOD","surface_exposure":0.0,"temperature_k":293.15,"volatile_potential_kg":0.012742299802960199,"volume_m3":3.141592653589793e-05},{"ash_mass_kg":0.0,"char_mass_kg":0.0,"dry_wood_mass_kg":0.04900884539600077,"external_area_m2":0.0,"moisture_mass_kg":0.02940530723760046,"oxygen_factor":0.0,"phase":"WET_WOOD","surface_exposure":0.0,"temperature_k":293.15,"volatile_potential_kg":0.038226899408880605,"volume_m3":9.424777960769378e-05},{"ash_mass_kg":0.0,"char_mass_kg":0.0,"dry_wood_mass_kg":0.0816814089933346,"external_area_m2":0.0,"moisture_mass_kg":0.04900884539600076,"oxygen_factor":0.0,"phase":"WET_WOOD","surface_exposure":0.0,"temperature_k":293.15,"volatile_potential_kg":0.063711499014801,"volume_m3":0.00015707963267948963},{"ash_mass_kg":0.0,"char_mass_kg":0.0,"dry_wood_mass_kg":0.11435397259066847,"external_area_m2":0.006283185307179586,"moisture_mass_kg":0.06861238355440108,"oxygen_factor":1.0,"phase":"WET_WOOD","surface_exposure":1.0,"temperature_k":293.15,"volatile_potential_kg":0.0891960986207214,"volume_m3":0.0002199114857512855},{"ash_mass_kg":0.0,"char_mass_kg":0.0,"dry_wood_mass_kg":0.016336281798666922,"external_area_m2":0.0,"moisture_mass_kg":0.009801769079200153,"oxygen_factor":0.0,"phase":"WET_WOOD","surface_exposure":0.0,"temperature_k":293.15,"volatile_potential_kg":0.012742299802960199,"volume_m3":3.141592653589793e-05},{"ash_mass_kg":0.0,"char_mass_kg":0.0,"dry_wood_mass_kg":0.04900884539600077,"external_area_m2":0.0,"moisture_mass_kg":0.02940530723760046,"oxygen_factor":0.0,"phase":"WET_WOOD","surface_exposure":0.0,"temperature_k":293.15,"volatile_potential_kg":0.038226899408880605,"volume_m3":9.424777960769378e-05},{"ash_mass_kg":0.0,"char_mass_kg":0.0,"dry_wood_mass_kg":0.0816814089933346,"external_area_m2":0.0,"moisture_mass_kg":0.04900884539600076,"oxygen_factor":0.0,"phase":"WET_WOOD","surface_exposure":0.0,"temperature_k":293.15,"volatile_potential_kg":0.063711499014801,"volume_m3":0.00015707963267948963},{"ash_mass_kg":0.0,"char_mass_kg":0.0,"dry_wood_mass_kg":0.11435397259066847,"external_area_m2":0.006283185307179586,"moisture_mass_kg":0.06861238355440108,"oxygen_factor":1.0,"phase":"WET_WOOD","surface_exposure":1.0,"temperature_k":293.15,"volatile_potential_kg":0.0891960986207214,"volume_m3":0.0002199114857512855},{"ash_mass_kg":0.0,"char_mass_kg":0.0,"dry_wood_mass_kg":0.016336281798666922,"external_area_m2":0.0,"moisture_mass_kg":0.009801769079200153,"oxygen_factor":0.0,"phase":"WET_WOOD","surface_exposure":0.0,"temperature_k":293.15,"volatile_potential_kg":0.012742299802960199,"volume_m3":3.141592653589793e-05},{"ash_mass_kg":0.0,"char_mass_kg":0.0,"dry_wood_mass_kg":0.04900884539600077,"external_area_m2":0.0,"moisture_mass_kg":0.02940530723760046,"oxygen_factor":0.0,"phase":"WET_WOOD","surface_exposure":0.0,"temperature_k":293.15,"volatile_potential_kg":0.038226899408880605,"volume_m3":9.424777960769378e-05},{"ash_mass_kg":0.0,"char_mass_kg":0.0,"dry_wood_mass_kg":0.0816814089933346,"external_area_m2":0.0,"moisture_mass_kg":0.04900884539600076,"oxygen_factor":0.0,"phase":"WET_WOOD","surface_exposure":0.0,"temperature_k":293.15,"volatile_potential_kg":0.063711499014801,"volume_m3":0.00015707963267948963},{"ash_mass_kg":0.0,"char_mass_kg":0.0,"dry_wood_mass_kg":0.11435397259066847,"external_area_m2":0.006283185307179586,"moisture_mass_kg":0.06861238355440108,"oxygen_factor":1.0,"phase":"WET_WOOD","surface_exposure":1.0,"temperature_k":293.15,"volatile_potential_kg":0.0891960986207214,"volume_m3":0.0002199114857512855},{"ash_mass_kg":0.0,"char_mass_kg":0.0,"dry_wood_mass_kg":0.016336281798666922,"external_area_m2":0.0,"moisture_mass_kg":0.009801769079200153,"oxygen_factor":0.0,"phase":"WET_WOOD","surface_exposure":0.0,"temperature_k":293.15,"volatile_potential_kg":0.012742299802960199,"volume_m3":3.141592653589793e-05},{"ash_mass_kg":0.0,"char_mass_kg":0.0,"dry_wood_mass_kg":0.04900884539600077,"external_area_m2":0.0,"moisture_mass_kg":0.02940530723760046,"oxygen_factor":0.0,"phase":"WET_WOOD","surface_exposure":0.0,"temperature_k":293.15,"volatile_potential_kg":0.038226899408880605,"volume_m3":9.424777960769378e-05},{"ash_mass_kg":0.0,"char_mass_kg":0.0,"dry_wood_mass_kg":0.0816814089933346,"external_area_m2":0.0,"moisture_mass_kg":0.04900884539600076,"oxygen_factor":0.0,"phase":"WET_WOOD","surface_exposure":0.0,"temperature_k":293.15,"volatile_potential_kg":0.063711499014801,"volume_m3":0.00015707963267948963},{"ash_mass_kg":0.0,"char_mass_kg":0.0,"dry_wood_mass_kg":0.11435397259066847,"external_area_m2":0.006283185307179586,"moisture_mass_kg":0.06861238355440108,"oxygen_factor":1.0,"phase":"WET_WOOD","surface_exposure":1.0,"temperature_k":293.15,"volatile_potential_kg":0.0891960986207214,"volume_m3":0.0002199114857512855},{"ash_mass_kg":0.0,"char_mass_kg":0.0,"dry_wood_mass_kg":0.016336281798666922,"external_area_m2":0.0,"moisture_mass_kg":0.009801769079200153,"oxygen_factor":0.0,"phase":"WET_WOOD","surface_exposure":0.0,"temperature_k":293.15,"volatile_potential_kg":0.012742299802960199,"volume_m3":3.141592653589793e-05},{"ash_mass_kg":0.0,"char_mass_kg":0.0,"dry_wood_mass_kg":0.04900884539600077,"external_area_m2":0.0,"moisture_mass_kg":0.02940530723760046,"oxygen_factor":0.0,"phase":"WET_WOOD","surface_exposure":0.0,"temperature_k":293.15,"volatile_potential_kg":0.038226899408880605,"volume_m3":9.424777960769378e-05},{"ash_mass_kg":0.0,"char_mass_kg":0.0,"dry_wood_mass_kg":0.0816814089933346,"external_area_m2":0.0,"moisture_mass_kg":0.04900884539600076,"oxygen_factor":0.0,"phase":"WET_WOOD","surface_exposure":0.0,"temperature_k":293.15,"volatile_potential_kg":0.063711499014801,"volume_m3":0.00015707963267948963},{"ash_mass_kg":0.0,"char_mass_kg":0.0,"dry_wood_mass_kg":0.11435397259066847,"external_area_m2":0.006283185307179586,"moisture_mass_kg":0.06861238355440108,"oxygen_factor":1.0,"phase":"WET_WOOD","surface_exposure":1.0,"temperature_k":293.15,"volatile_potential_kg":0.0891960986207214,"volume_m3":0.0002199114857512855},{"ash_mass_kg":0.0,"char_mass_kg":0.0,"dry_wood_mass_kg":0.016336281798666922,"external_area_m2":0.0,"moisture_mass_kg":0.009801769079200153,"oxygen_factor":0.0,"phase":"WET_WOOD","surface_exposure":0.0,"temperature_k":293.15,"volatile_potential_kg":0.012742299802960199,"volume_m3":3.141592653589793e-05},{"ash_mass_kg":0.0,"char_mass_kg":0.0,"dry_wood_mass_kg":0.04900884539600077,"external_area_m2":0.0,"moisture_mass_kg":0.02940530723760046,"oxygen_factor":0.0,"phase":"WET_WOOD","surface_exposure":0.0,"temperature_k":293.15,"volatile_potential_kg":0.038226899408880605,"volume_m3":9.424777960769378e-05},{"ash_mass_kg":0.0,"char_mass_kg":0.0,"dry_wood_mass_kg":0.0816814089933346,"external_area_m2":0.0,"moisture_mass_kg":0.04900884539600076,"oxygen_factor":0.0,"phase":"WET_WOOD","surface_exposure":0.0,"temperature_k":293.15,"volatile_potential_kg":0.063711499014801,"volume_m3":0.00015707963267948963},{"ash_mass_kg":0.0,"char_mass_kg":0.0,"dry_wood_mass_kg":0.11435397259066847,"external_area_m2":0.006283185307179586,"moisture_mass_kg":0.06861238355440108,"oxygen_factor":1.0,"phase":"WET_WOOD","surface_exposure":1.0,"temperature_k":293.15,"volatile_potential_kg":0.0891960986207214,"volume_m3":0.0002199114857512855},{"ash_mass_kg":0.0,"char_mass_kg":0.0,"dry_wood_mass_kg":0.016336281798666922,"external_area_m2":0.0,"moisture_mass_kg":0.009801769079200153,"oxygen_factor":0.0,"phase":"WET_WOOD","surface_exposure":0.0,"temperature_k":293.15,"volatile_potential_kg":0.012742299802960199,"volume_m3":3.141592653589793e-05},{"ash_mass_kg":0.0,"char_mass_kg":0.0,"dry_wood_mass_kg":0.04900884539600077,"external_area_m2":0.0,"moisture_mass_kg":0.02940530723760046,"oxygen_factor":0.0,"phase":"WET_WOOD","surface_exposure":0.0,"temperature_k":293.15,"volatile_potential_kg":0.038226899408880605,"volume_m3":9.424777960769378e-05},{"ash_mass_kg":0.0,"char_mass_kg":0.0,"dry_wood_mass_kg":0.0816814089933346,"external_area_m2":0.0,"moisture_mass_kg":0.04900884539600076,"oxygen_factor":0.0,"phase":"WET_WOOD","surface_exposure":0.0,"temperature_k":293.15,"volatile_potential_kg":0.063711499014801,"volume_m3":0.00015707963267948963},{"ash_mass_kg":0.0,"char_mass_kg":0.0,"dry_wood_mass_kg":0.11435397259066847,"external_area_m2":0.006283185307179586,"moisture_mass_kg":0.06861238355440108,"oxygen_factor":1.0,"phase":"WET_WOOD","surface_exposure":1.0,"temperature_k":293.15,"volatile_potential_kg":0.0891960986207214,"volume_m3":0.0002199114857512855},{"ash_mass_kg":0.0,"char_mass_kg":0.0,"dry_wood_mass_kg":0.016336281798666922,"external_area_m2":0.0,"moisture_mass_kg":0.009801769079200153,"oxygen_factor":0.0,"phase":"WET_WOOD","surface_exposure":0.0,"temperature_k":293.15,"volatile_potential_kg":0.012742299802960199,"volume_m3":3.141592653589793e-05},{"ash_mass_kg":0.0,"char_mass_kg":0.0,"dry_wood_mass_kg":0.04900884539600077,"external_area_m2":0.0,"moisture_mass_kg":0.02940530723760046,"oxygen_factor":0.0,"phase":"WET_WOOD","surface_exposure":0.0,"temperature_k":293.15,"volatile_potential_kg":0.038226899408880605,"volume_m3":9.424777960769378e-05},{"ash_mass_kg":0.0,"char_mass_kg":0.0,"dry_wood_mass_kg":0.0816814089933346,"external_area_m2":0.0,"moisture_mass_kg":0.04900884539600076,"oxygen_factor":0.0,"phase":"WET_WOOD","surface_exposure":0.0,"temperature_k":293.15,"volatile_potential_kg":0.063711499014801,"volume_m3":0.00015707963267948963},{"ash_mass_kg":0.0,"char_mass_kg":0.0,"dry_wood_mass_kg":0.11435397259066847,"external_area_m2":0.006283185307179586,"moisture_mass_kg":0.06861238355440108,"oxygen_factor":1.0,"phase":"WET_WOOD","surface_exposure":1.0,"temperature_k":293.15,"volatile_potential_kg":0.0891960986207214,"volume_m3":0.0002199114857512855},{"ash_mass_kg":0.0,"char_mass_kg":0.0,"dry_wood_mass_kg":0.016336281798666922,"external_area_m2":0.0,"moisture_mass_kg":0.009801769079200153,"oxygen_factor":0.0,"phase":"WET_WOOD","surface_exposure":0.0,"temperature_k":293.15,"volatile_potential_kg":0.012742299802960199,"volume_m3":3.141592653589793e-05},{"ash_mass_kg":0.0,"char_mass_kg":0.0,"dry_wood_mass_kg":0.04900884539600077,"external_area_m2":0.0,"moisture_mass_kg":0.02940530723760046,"oxygen_factor":0.0,"phase":"WET_WOOD","surface_exposure":0.0,"temperature_k":293.15,"volatile_potential_kg":0.038226899408880605,"volume_m3":9.424777960769378e-05},{"ash_mass_kg":0.0,"char_mass_kg":0.0,"dry_wood_mass_kg":0.0816814089933346,"external_area_m2":0.0,"moisture_mass_kg":0.04900884539600076,"oxygen_factor":0.0,"phase":"WET_WOOD","surface_exposure":0.0,"temperature_k":293.15,"volatile_potential_kg":0.063711499014801,"volume_m3":0.00015707963267948963},{"ash_mass_kg":0.0,"char_mass_kg":0.0,"dry_wood_mass_kg":0.11435397259066847,"external_area_m2":0.006283185307179586,"moisture_mass_kg":0.06861238355440108,"oxygen_factor":1.0,"phase":"WET_WOOD","surface_exposure":1.0,"temperature_k":293.15,"volatile_potential_kg":0.0891960986207214,"volume_m3":0.0002199114857512855},{"ash_mass_kg":0.0,"char_mass_kg":0.0,"dry_wood_mass_kg":0.016336281798666922,"external_area_m2":0.0,"moisture_mass_kg":0.009801769079200153,"oxygen_factor":0.0,"phase":"WET_WOOD","surface_exposure":0.0,"temperature_k":293.15,"volatile_potential_kg":0.012742299802960199,"volume_m3":3.141592653589793e-05},{"ash_mass_kg":0.0,"char_mass_kg":0.0,"dry_wood_mass_kg":0.04900884539600077,"external_area_m2":0.0,"moisture_mass_kg":0.02940530723760046,"oxygen_factor":0.0,"phase":"WET_WOOD","surface_exposure":0.0,"temperature_k":293.15,"volatile_potential_kg":0.038226899408880605,"volume_m3":9.424777960769378e-05},{"ash_mass_kg":0.0,"char_mass_kg":0.0,"dry_wood_mass_kg":0.0816814089933346,"external_area_m2":0.0,"moisture_mass_kg":0.04900884539600076,"oxygen_factor":0.0,"phase":"WET_WOOD","surface_exposure":0.0,"temperature_k":293.15,"volatile_potential_kg":0.063711499014801,"volume_m3":0.00015707963267948963},{"ash_mass_kg":0.0,"char_mass_kg":0.0,"dry_wood_mass_kg":0.11435397259066847,"external_area_m2":0.006283185307179586,"moisture_mass_kg":0.06861238355440108,"oxygen_factor":1.0,"phase":"WET_WOOD","surface_exposure":1.0,"temperature_k":293.15,"volatile_potential_kg":0.0891960986207214,"volume_m3":0.0002199114857512855},{"ash_mass_kg":0.0,"char_mass_kg":0.0,"dry_wood_mass_kg":0.016336281798666922,"external_area_m2":0.0,"moisture_mass_kg":0.009801769079200153,"oxygen_factor":0.0,"phase":"WET_WOOD","surface_exposure":0.0,"temperature_k":293.15,"volatile_potential_kg":0.012742299802960199,"volume_m3":3.141592653589793e-05},{"ash_mass_kg":0.0,"char_mass_kg":0.0,"dry_wood_mass_kg":0.04900884539600077,"external_area_m2":0.0,"moisture_mass_kg":0.02940530723760046,"oxygen_factor":0.0,"phase":"WET_WOOD","surface_exposure":0.0,"temperature_k":293.15,"volatile_potential_kg":0.038226899408880605,"volume_m3":9.424777960769378e-05},{"ash_mass_kg":0.0,"char_mass_kg":0.0,"dry_wood_mass_kg":0.0816814089933346,"external_area_m2":0.0,"moisture_mass_kg":0.04900884539600076,"oxygen_factor":0.0,"phase":"WET_WOOD","surface_exposure":0.0,"temperature_k":293.15,"volatile_potential_kg":0.063711499014801,"volume_m3":0.00015707963267948963},{"ash_mass_kg":0.0,"char_mass_kg":0.0,"dry_wood_mass_kg":0.11435397259066847,"external_area_m2":0.006283185307179586,"moisture_mass_kg":0.06861238355440108,"oxygen_factor":1.0,"phase":"WET_WOOD","surface_exposure":1.0,"temperature_k":293.15,"volatile_potential_kg":0.0891960986207214,"volume_m3":0.0002199114857512855},{"ash_mass_kg":0.0,"char_mass_kg":0.0,"dry_wood_mass_kg":0.016336281798666922,"external_area_m2":0.0,"moisture_mass_kg":0.009801769079200153,"oxygen_factor":0.0,"phase":"WET_WOOD","surface_exposure":0.0,"temperature_k":293.15,"volatile_potential_kg":0.012742299802960199,"volume_m3":3.141592653589793e-05},{"ash_mass_kg":0.0,"char_mass_kg":0.0,"dry_wood_mass_kg":0.04900884539600077,"external_area_m2":0.0,"moisture_mass_kg":0.02940530723760046,"oxygen_factor":0.0,"phase":"WET_WOOD","surface_exposure":0.0,"temperature_k":293.15,"volatile_potential_kg":0.038226899408880605,"volume_m3":9.424777960769378e-05},{"ash_mass_kg":0.0,"char_mass_kg":0.0,"dry_wood_mass_kg":0.0816814089933346,"external_area_m2":0.0,"moisture_mass_kg":0.04900884539600076,"oxygen_factor":0.0,"phase":"WET_WOOD","surface_exposure":0.0,"temperature_k":293.15,"volatile_potential_kg":0.063711499014801,"volume_m3":0.00015707963267948963},{"ash_mass_kg":0.0,"char_mass_kg":0.0,"dry_wood_mass_kg":0.11435397259066847,"external_area_m2":0.006283185307179586,"moisture_mass_kg":0.06861238355440108,"oxygen_factor":1.0,"phase":"WET_WOOD","surface_exposure":1.0,"temperature_k":293.15,"volatile_potential_kg":0.0891960986207214,"volume_m3":0.0002199114857512855},{"ash_mass_kg":0.0,"char_mass_kg":0.0,"dry_wood_mass_kg":0.016336281798666922,"external_area_m2":0.0,"moisture_mass_kg":0.009801769079200153,"oxygen_factor":0.0,"phase":"WET_WOOD","surface_exposure":0.0,"temperature_k":293.15,"volatile_potential_kg":0.012742299802960199,"volume_m3":3.141592653589793e-05},{"ash_mass_kg":0.0,"char_mass_kg":0.0,"dry_wood_mass_kg":0.04900884539600077,"external_area_m2":0.0,"moisture_mass_kg":0.02940530723760046,"oxygen_factor":0.0,"phase":"WET_WOOD","surface_exposure":0.0,"temperature_k":293.15,"volatile_potential_kg":0.038226899408880605,"volume_m3":9.424777960769378e-05},{"ash_mass_kg":0.0,"char_mass_kg":0.0,"dry_wood_mass_kg":0.0816814089933346,"external_area_m2":0.0,"moisture_mass_kg":0.04900884539600076,"oxygen_factor":0.0,"phase":"WET_WOOD","surface_exposure":0.0,"temperature_k":293.15,"volatile_potential_kg":0.063711499014801,"volume_m3":0.00015707963267948963},{"ash_mass_kg":0.0,"char_mass_kg":0.0,"dry_wood_mass_kg":0.11435397259066847,"external_area_m2":0.006283185307179586,"moisture_mass_kg":0.06861238355440108,"oxygen_factor":1.0,"phase":"WET_WOOD","surface_exposure":1.0,"temperature_k":293.15,"volatile_potential_kg":0.0891960986207214,"volume_m3":0.0002199114857512855},{"ash_mass_kg":0.0,"char_mass_kg":0.0,"dry_wood_mass_kg":0.016336281798666922,"external_area_m2":0.0,"moisture_mass_kg":0.009801769079200153,"oxygen_factor":0.0,"phase":"WET_WOOD","surface_exposure":0.0,"temperature_k":293.15,"volatile_potential_kg":0.012742299802960199,"volume_m3":3.141592653589793e-05},{"ash_mass_kg":0.0,"char_mass_kg":0.0,"dry_wood_mass_kg":0.04900884539600077,"external_area_m2":0.0,"moisture_mass_kg":0.02940530723760046,"oxygen_factor":0.0,"phase":"WET_WOOD","surface_exposure":0.0,"temperature_k":293.15,"volatile_potential_kg":0.038226899408880605,"volume_m3":9.424777960769378e-05},{"ash_mass_kg":0.0,"char_mass_kg":0.0,"dry_wood_mass_kg":0.0816814089933346,"external_area_m2":0.0,"moisture_mass_kg":0.04900884539600076,"oxygen_factor":0.0,"phase":"WET_WOOD","surface_exposure":0.0,"temperature_k":293.15,"volatile_potential_kg":0.063711499014801,"volume_m3":0.00015707963267948963},{"ash_mass_kg":0.0,"char_mass_kg":0.0,"dry_wood_mass_kg":0.11435397259066847,"external_area_m2":0.006283185307179586,"moisture_mass_kg":0.06861238355440108,"oxygen_factor":1.0,"phase":"WET_WOOD","surface_exposure":1.0,"temperature_k":293.15,"volatile_potential_kg":0.0891960986207214,"volume_m3":0.0002199114857512855},{"ash_mass_kg":0.0,"char_mass_kg":0.0,"dry_wood_mass_kg":0.016336281798666922,"external_area_m2":0.0,"moisture_mass_kg":0.009801769079200153,"oxygen_factor":0.0,"phase":"WET_WOOD","surface_exposure":0.0,"temperature_k":293.15,"volatile_potential_kg":0.012742299802960199,"volume_m3":3.141592653589793e-05},{"ash_mass_kg":0.0,"char_mass_kg":0.0,"dry_wood_mass_kg":0.04900884539600077,"external_area_m2":0.0,"moisture_mass_kg":0.02940530723760046,"oxygen_factor":0.0,"phase":"WET_WOOD","surface_exposure":0.0,"temperature_k":293.15,"volatile_potential_kg":0.038226899408880605,"volume_m3":9.424777960769378e-05},{"ash_mass_kg":0.0,"char_mass_kg":0.0,"dry_wood_mass_kg":0.0816814089933346,"external_area_m2":0.0,"moisture_mass_kg":0.04900884539600076,"oxygen_factor":0.0,"phase":"WET_WOOD","surface_exposure":0.0,"temperature_k":293.15,"volatile_potential_kg":0.063711499014801,"volume_m3":0.00015707963267948963},{"ash_mass_kg":0.0,"char_mass_kg":0.0,"dry_wood_mass_kg":0.11435397259066847,"external_area_m2":0.006283185307179586,"moisture_mass_kg":0.06861238355440108,"oxygen_factor":1.0,"phase":"WET_WOOD","surface_exposure":1.0,"temperature_k":293.15,"volatile_potential_kg":0.0891960986207214,"volume_m3":0.0002199114857512855},{"ash_mass_kg":0.0,"char_mass_kg":0.0,"dry_wood_mass_kg":0.016336281798666922,"external_area_m2":0.0,"moisture_mass_kg":0.009801769079200153,"oxygen_factor":0.0,"phase":"WET_WOOD","surface_exposure":0.0,"temperature_k":293.15,"volatile_potential_kg":0.012742299802960199,"volume_m3":3.141592653589793e-05},{"ash_mass_kg":0.0,"char_mass_kg":0.0,"dry_wood_mass_kg":0.04900884539600077,"external_area_m2":0.0,"moisture_mass_kg":0.02940530723760046,"oxygen_factor":0.0,"phase":"WET_WOOD","surface_exposure":0.0,"temperature_k":293.15,"volatile_potential_kg":0.038226899408880605,"volume_m3":9.424777960769378e-05},{"ash_mass_kg":0.0,"char_mass_kg":0.0,"dry_wood_mass_kg":0.0816814089933346,"external_area_m2":0.0,"moisture_mass_kg":0.04900884539600076,"oxygen_factor":0.0,"phase":"WET_WOOD","surface_exposure":0.0,"temperature_k":293.15,"volatile_potential_kg":0.063711499014801,"volume_m3":0.00015707963267948963},{"ash_mass_kg":0.0,"char_mass_kg":0.0,"dry_wood_mass_kg":0.11435397259066847,"external_area_m2":0.006283185307179586,"moisture_mass_kg":0.06861238355440108,"oxygen_factor":1.0,"phase":"WET_WOOD","surface_exposure":1.0,"temperature_k":293.15,"volatile_potential_kg":0.0891960986207214,"volume_m3":0.0002199114857512855},{"ash_mass_kg":0.0,"char_mass_kg":0.0,"dry_wood_mass_kg":0.016336281798666922,"external_area_m2":0.0,"moisture_mass_kg":0.009801769079200153,"oxygen_factor":0.0,"phase":"WET_WOOD","surface_exposure":0.0,"temperature_k":293.15,"volatile_potential_kg":0.012742299802960199,"volume_m3":3.141592653589793e-05},{"ash_mass_kg":0.0,"char_mass_kg":0.0,"dry_wood_mass_kg":0.04900884539600077,"external_area_m2":0.0,"moisture_mass_kg":0.02940530723760046,"oxygen_factor":0.0,"phase":"WET_WOOD","surface_exposure":0.0,"temperature_k":293.15,"volatile_potential_kg":0.038226899408880605,"volume_m3":9.424777960769378e-05},{"ash_mass_kg":0.0,"char_mass_kg":0.0,"dry_wood_mass_kg":0.0816814089933346,"external_area_m2":0.0,"moisture_mass_kg":0.04900884539600076,"oxygen_factor":0.0,"phase":"WET_WOOD","surface_exposure":0.0,"temperature_k":293.15,"volatile_potential_kg":0.063711499014801,"volume_m3":0.00015707963267948963},{"ash_mass_kg":0.0,"char_mass_kg":0.0,"dry_wood_mass_kg":0.11435397259066847,"external_area_m2":0.006283185307179586,"moisture_mass_kg":0.06861238355440108,"oxygen_factor":1.0,"phase":"WET_WOOD","surface_exposure":1.0,"temperature_k":293.15,"volatile_potential_kg":0.0891960986207214,"volume_m3":0.0002199114857512855},{"ash_mass_kg":0.0,"char_mass_kg":0.0,"dry_wood_mass_kg":0.016336281798666922,"external_area_m2":0.0,"moisture_mass_kg":0.009801769079200153,"oxygen_factor":0.0,"phase":"WET_WOOD","surface_exposure":0.0,"temperature_k":293.15,"volatile_potential_kg":0.012742299802960199,"volume_m3":3.141592653589793e-05},{"ash_mass_kg":0.0,"char_mass_kg":0.0,"dry_wood_mass_kg":0.04900884539600077,"external_area_m2":0.0,"moisture_mass_kg":0.02940530723760046,"oxygen_factor":0.0,"phase":"WET_WOOD","surface_exposure":0.0,"temperature_k":293.15,"volatile_potential_kg":0.038226899408880605,"volume_m3":9.424777960769378e-05},{"ash_mass_kg":0.0,"char_mass_kg":0.0,"dry_wood_mass_kg":0.0816814089933346,"external_area_m2":0.0,"moisture_mass_kg":0.04900884539600076,"oxygen_factor":0.0,"phase":"WET_WOOD","surface_exposure":0.0,"temperature_k":293.15,"volatile_potential_kg":0.063711499014801,"volume_m3":0.00015707963267948963},{"ash_mass_kg":0.0,"char_mass_kg":0.0,"dry_wood_mass_kg":0.11435397259066847,"external_area_m2":0.006283185307179586,"moisture_mass_kg":0.06861238355440108,"oxygen_factor":1.0,"phase":"WET_WOOD","surface_exposure":1.0,"temperature_k":293.15,"volatile_potential_kg":0.0891960986207214,"volume_m3":0.0002199114857512855},{"ash_mass_kg":0.0,"char_mass_kg":0.0,"dry_wood_mass_kg":0.016336281798666922,"external_area_m2":0.0,"moisture_mass_kg":0.009801769079200153,"oxygen_factor":0.0,"phase":"WET_WOOD","surface_exposure":0.0,"temperature_k":293.15,"volatile_potential_kg":0.012742299802960199,"volume_m3":3.141592653589793e-05},{"ash_mass_kg":0.0,"char_mass_kg":0.0,"dry_wood_mass_kg":0.04900884539600077,"external_area_m2":0.0,"moisture_mass_kg":0.02940530723760046,"oxygen_factor":0.0,"phase":"WET_WOOD","surface_exposure":0.0,"temperature_k":293.15,"volatile_potential_kg":0.038226899408880605,"volume_m3":9.424777960769378e-05},{"ash_mass_kg":0.0,"char_mass_kg":0.0,"dry_wood_mass_kg":0.0816814089933346,"external_area_m2":0.0,"moisture_mass_kg":0.04900884539600076,"oxygen_factor":0.0,"phase":"WET_WOOD","surface_exposure":0.0,"temperature_k":293.15,"volatile_potential_kg":0.063711499014801,"volume_m3":0.00015707963267948963},{"ash_mass_kg":0.0,"char_mass_kg":0.0,"dry_wood_mass_kg":0.11435397259066847,"external_area_m2":0.006283185307179586,"moisture_mass_kg":0.06861238355440108,"oxygen_factor":1.0,"phase":"WET_WOOD","surface_exposure":1.0,"temperature_k":293.15,"volatile_potential_kg":0.0891960986207214,"volume_m3":0.0002199114857512855},{"ash_mass_kg":0.0,"char_mass_kg":0.0,"dry_wood_mass_kg":0.016336281798666922,"external_area_m2":0.0,"moisture_mass_kg":0.009801769079200153,"oxygen_factor":0.0,"phase":"WET_WOOD","surface_exposure":0.0,"temperature_k":293.15,"volatile_potential_kg":0.012742299802960199,"volume_m3":3.141592653589793e-05},{"ash_mass_kg":0.0,"char_mass_kg":0.0,"dry_wood_mass_kg":0.04900884539600077,"external_area_m2":0.0,"moisture_mass_kg":0.02940530723760046,"oxygen_factor":0.0,"phase":"WET_WOOD","surface_exposure":0.0,"temperature_k":293.15,"volatile_potential_kg":0.038226899408880605,"volume_m3":9.424777960769378e-05},{"ash_mass_kg":0.0,"char_mass_kg":0.0,"dry_wood_mass_kg":0.0816814089933346,"external_area_m2":0.0,"moisture_mass_kg":0.04900884539600076,"oxygen_factor":0.0,"phase":"WET_WOOD","surface_exposure":0.0,"temperature_k":293.15,"volatile_potential_kg":0.063711499014801,"volume_m3":0.00015707963267948963},{"ash_mass_kg":0.0,"char_mass_kg":0.0,"dry_wood_mass_kg":0.11435397259066847,"external_area_m2":0.006283185307179586,"moisture_mass_kg":0.06861238355440108,"oxygen_factor":1.0,"phase":"WET_WOOD","surface_exposure":1.0,"temperature_k":293.15,"volatile_potential_kg":0.0891960986207214,"volume_m3":0.0002199114857512855},{"ash_mass_kg":0.0,"char_mass_kg":0.0,"dry_wood_mass_kg":0.016336281798666922,"external_area_m2":0.0,"moisture_mass_kg":0.009801769079200153,"oxygen_factor":0.0,"phase":"WET_WOOD","surface_exposure":0.0,"temperature_k":293.15,"volatile_potential_kg":0.012742299802960199,"volume_m3":3.141592653589793e-05},{"ash_mass_kg":0.0,"char_mass_kg":0.0,"dry_wood_mass_kg":0.04900884539600077,"external_area_m2":0.0,"moisture_mass_kg":0.02940530723760046,"oxygen_factor":0.0,"phase":"WET_WOOD","surface_exposure":0.0,"temperature_k":293.15,"volatile_potential_kg":0.038226899408880605,"volume_m3":9.424777960769378e-05},{"ash_mass_kg":0.0,"char_mass_kg":0.0,"dry_wood_mass_kg":0.0816814089933346,"external_area_m2":0.0,"moisture_mass_kg":0.04900884539600076,"oxygen_factor":0.0,"phase":"WET_WOOD","surface_exposure":0.0,"temperature_k":293.15,"volatile_potential_kg":0.063711499014801,"volume_m3":0.00015707963267948963},{"ash_mass_kg":0.0,"char_mass_kg":0.0,"dry_wood_mass_kg":0.11435397259066847,"external_area_m2":0.006283185307179586,"moisture_mass_kg":0.06861238355440108,"oxygen_factor":1.0,"phase":"WET_WOOD","surface_exposure":1.0,"temperature_k":293.15,"volatile_potential_kg":0.0891960986207214,"volume_m3":0.0002199114857512855},{"ash_mass_kg":0.0,"char_mass_kg":0.0,"dry_wood_mass_kg":0.016336281798666922,"external_area_m2":0.0,"moisture_mass_kg":0.009801769079200153,"oxygen_factor":0.0,"phase":"WET_WOOD","surface_exposure":0.0,"temperature_k":293.15,"volatile_potential_kg":0.012742299802960199,"volume_m3":3.141592653589793e-05},{"ash_mass_kg":0.0,"char_mass_kg":0.0,"dry_wood_mass_kg":0.04900884539600077,"external_area_m2":0.0,"moisture_mass_kg":0.02940530723760046,"oxygen_factor":0.0,"phase":"WET_WOOD","surface_exposure":0.0,"temperature_k":293.15,"volatile_potential_kg":0.038226899408880605,"volume_m3":9.424777960769378e-05},{"ash_mass_kg":0.0,"char_mass_kg":0.0,"dry_wood_mass_kg":0.0816814089933346,"external_area_m2":0.0,"moisture_mass_kg":0.04900884539600076,"oxygen_factor":0.0,"phase":"WET_WOOD","surface_exposure":0.0,"temperature_k":293.15,"volatile_potential_kg":0.063711499014801,"volume_m3":0.00015707963267948963},{"ash_mass_kg":0.0,"char_mass_kg":0.0,"dry_wood_mass_kg":0.11435397259066847,"external_area_m2":0.006283185307179586,"moisture_mass_kg":0.06861238355440108,"oxygen_factor":1.0,"phase":"WET_WOOD","surface_exposure":1.0,"temperature_k":293.15,"volatile_potential_kg":0.0891960986207214,"volume_m3":0.0002199114857512855},{"ash_mass_kg":0.0,"char_mass_kg":0.0,"dry_wood_mass_kg":0.016336281798666922,"external_area_m2":0.0,"moisture_mass_kg":0.009801769079200153,"oxygen_factor":0.0,"phase":"WET_WOOD","surface_exposure":0.0,"temperature_k":293.15,"volatile_potential_kg":0.012742299802960199,"volume_m3":3.141592653589793e-05},{"ash_mass_kg":0.0,"char_mass_kg":0.0,"dry_wood_mass_kg":0.04900884539600077,"external_area_m2":0.0,"moisture_mass_kg":0.02940530723760046,"oxygen_factor":0.0,"phase":"WET_WOOD","surface_exposure":0.0,"temperature_k":293.15,"volatile_potential_kg":0.038226899408880605,"volume_m3":9.424777960769378e-05},{"ash_mass_kg":0.0,"char_mass_kg":0.0,"dry_wood_mass_kg":0.0816814089933346,"external_area_m2":0.0,"moisture_mass_kg":0.04900884539600076,"oxygen_factor":0.0,"phase":"WET_WOOD","surface_exposure":0.0,"temperature_k":293.15,"volatile_potential_kg":0.063711499014801,"volume_m3":0.00015707963267948963},{"ash_mass_kg":0.0,"char_mass_kg":0.0,"dry_wood_mass_kg":0.11435397259066847,"external_area_m2":0.006283185307179586,"moisture_mass_kg":0.06861238355440108,"oxygen_factor":1.0,"phase":"WET_WOOD","surface_exposure":1.0,"temperature_k":293.15,"volatile_potential_kg":0.0891960986207214,"volume_m3":0.0002199114857512855},{"ash_mass_kg":0.0,"char_mass_kg":0.0,"dry_wood_mass_kg":0.016336281798666922,"external_area_m2":0.0,"moisture_mass_kg":0.009801769079200153,"oxygen_factor":0.0,"phase":"WET_WOOD","surface_exposure":0.0,"temperature_k":293.15,"volatile_potential_kg":0.012742299802960199,"volume_m3":3.141592653589793e-05},{"ash_mass_kg":0.0,"char_mass_kg":0.0,"dry_wood_mass_kg":0.04900884539600077,"external_area_m2":0.0,"moisture_mass_kg":0.02940530723760046,"oxygen_factor":0.0,"phase":"WET_WOOD","surface_exposure":0.0,"temperature_k":293.15,"volatile_potential_kg":0.038226899408880605,"volume_m3":9.424777960769378e-05},{"ash_mass_kg":0.0,"char_mass_kg":0.0,"dry_wood_mass_kg":0.0816814089933346,"external_area_m2":0.0,"moisture_mass_kg":0.04900884539600076,"oxygen_factor":0.0,"phase":"WET_WOOD","surface_exposure":0.0,"temperature_k":293.15,"volatile_potential_kg":0.063711499014801,"volume_m3":0.00015707963267948963},{"ash_mass_kg":0.0,"char_mass_kg":0.0,"dry_wood_mass_kg":0.11435397259066847,"external_area_m2":0.006283185307179586,"moisture_mass_kg":0.06861238355440108,"oxygen_factor":1.0,"phase":"WET_WOOD","surface_exposure":1.0,"temperature_k":293.15,"volatile_potential_kg":0.0891960986207214,"volume_m3":0.0002199114857512855},{"ash_mass_kg":0.0,"char_mass_kg":0.0,"dry_wood_mass_kg":0.016336281798666922,"external_area_m2":0.0,"moisture_mass_kg":0.009801769079200153,"oxygen_factor":0.0,"phase":"WET_WOOD","surface_exposure":0.0,"temperature_k":293.15,"volatile_potential_kg":0.012742299802960199,"volume_m3":3.141592653589793e-05},{"ash_mass_kg":0.0,"char_mass_kg":0.0,"dry_wood_mass_kg":0.04900884539600077,"external_area_m2":0.0,"moisture_mass_kg":0.02940530723760046,"oxygen_factor":0.0,"phase":"WET_WOOD","surface_exposure":0.0,"temperature_k":293.15,"volatile_potential_kg":0.038226899408880605,"volume_m3":9.424777960769378e-05},{"ash_mass_kg":0.0,"char_mass_kg":0.0,"dry_wood_mass_kg":0.0816814089933346,"external_area_m2":0.0,"moisture_mass_kg":0.04900884539600076,"oxygen_factor":0.0,"phase":"WET_WOOD","surface_exposure":0.0,"temperature_k":293.15,"volatile_potential_kg":0.063711499014801,"volume_m3":0.00015707963267948963},{"ash_mass_kg":0.0,"char_mass_kg":0.0,"dry_wood_mass_kg":0.11435397259066847,"external_area_m2":0.006283185307179586,"moisture_mass_kg":0.06861238355440108,"oxygen_factor":1.0,"phase":"WET_WOOD","surface_exposure":1.0,"temperature_k":293.15,"volatile_potential_kg":0.0891960986207214,"volume_m3":0.0002199114857512855},{"ash_mass_kg":0.0,"char_mass_kg":0.0,"dry_wood_mass_kg":0.016336281798666922,"external_area_m2":0.0,"moisture_mass_kg":0.009801769079200153,"oxygen_factor":0.0,"phase":"WET_WOOD","surface_exposure":0.0,"temperature_k":293.15,"volatile_potential_kg":0.012742299802960199,"volume_m3":3.141592653589793e-05},{"ash_mass_kg":0.0,"char_mass_kg":0.0,"dry_wood_mass_kg":0.04900884539600077,"external_area_m2":0.0,"moisture_mass_kg":0.02940530723760046,"oxygen_factor":0.0,"phase":"WET_WOOD","surface_exposure":0.0,"temperature_k":293.15,"volatile_potential_kg":0.038226899408880605,"volume_m3":9.424777960769378e-05},{"ash_mass_kg":0.0,"char_mass_kg":0.0,"dry_wood_mass_kg":0.0816814089933346,"external_area_m2":0.0,"moisture_mass_kg":0.04900884539600076,"oxygen_factor":0.0,"phase":"WET_WOOD","surface_exposure":0.0,"temperature_k":293.15,"volatile_potential_kg":0.063711499014801,"volume_m3":0.00015707963267948963},{"ash_mass_kg":0.0,"char_mass_kg":0.0,"dry_wood_mass_kg":0.11435397259066847,"external_area_m2":0.006283185307179586,"moisture_mass_kg":0.06861238355440108,"oxygen_factor":1.0,"phase":"WET_WOOD","surface_exposure":1.0,"temperature_k":293.15,"volatile_potential_kg":0.0891960986207214,"volume_m3":0.0002199114857512855},{"ash_mass_kg":0.0,"char_mass_kg":0.0,"dry_wood_mass_kg":0.016336281798666922,"external_area_m2":0.0,"moisture_mass_kg":0.009801769079200153,"oxygen_factor":0.0,"phase":"WET_WOOD","surface_exposure":0.0,"temperature_k":293.15,"volatile_potential_kg":0.012742299802960199,"volume_m3":3.141592653589793e-05},{"ash_mass_kg":0.0,"char_mass_kg":0.0,"dry_wood_mass_kg":0.04900884539600077,"external_area_m2":0.0,"moisture_mass_kg":0.02940530723760046,"oxygen_factor":0.0,"phase":"WET_WOOD","surface_exposure":0.0,"temperature_k":293.15,"volatile_potential_kg":0.038226899408880605,"volume_m3":9.424777960769378e-05},{"ash_mass_kg":0.0,"char_mass_kg":0.0,"dry_wood_mass_kg":0.0816814089933346,"external_area_m2":0.0,"moisture_mass_kg":0.04900884539600076,"oxygen_factor":0.0,"phase":"WET_WOOD","surface_exposure":0.0,"temperature_k":293.15,"volatile_potential_kg":0.063711499014801,"volume_m3":0.00015707963267948963},{"ash_mass_kg":0.0,"char_mass_kg":0.0,"dry_wood_mass_kg":0.11435397259066847,"external_area_m2":0.006283185307179586,"moisture_mass_kg":0.06861238355440108,"oxygen_factor":1.0,"phase":"WET_WOOD","surface_exposure":1.0,"temperature_k":293.15,"volatile_potential_kg":0.0891960986207214,"volume_m3":0.0002199114857512855},{"ash_mass_kg":0.0,"char_mass_kg":0.0,"dry_wood_mass_kg":0.016336281798666922,"external_area_m2":0.0,"moisture_mass_kg":0.009801769079200153,"oxygen_factor":0.0,"phase":"WET_WOOD","surface_exposure":0.0,"temperature_k":293.15,"volatile_potential_kg":0.012742299802960199,"volume_m3":3.141592653589793e-05},{"ash_mass_kg":0.0,"char_mass_kg":0.0,"dry_wood_mass_kg":0.04900884539600077,"external_area_m2":0.0,"moisture_mass_kg":0.02940530723760046,"oxygen_factor":0.0,"phase":"WET_WOOD","surface_exposure":0.0,"temperature_k":293.15,"volatile_potential_kg":0.038226899408880605,"volume_m3":9.424777960769378e-05},{"ash_mass_kg":0.0,"char_mass_kg":0.0,"dry_wood_mass_kg":0.0816814089933346,"external_area_m2":0.0,"moisture_mass_kg":0.04900884539600076,"oxygen_factor":0.0,"phase":"WET_WOOD","surface_exposure":0.0,"temperature_k":293.15,"volatile_potential_kg":0.063711499014801,"volume_m3":0.00015707963267948963},{"ash_mass_kg":0.0,"char_mass_kg":0.0,"dry_wood_mass_kg":0.11435397259066847,"external_area_m2":0.006283185307179586,"moisture_mass_kg":0.06861238355440108,"oxygen_factor":1.0,"phase":"WET_WOOD","surface_exposure":1.0,"temperature_k":293.15,"volatile_potential_kg":0.0891960986207214,"volume_m3":0.0002199114857512855},{"ash_mass_kg":0.0,"char_mass_kg":0.0,"dry_wood_mass_kg":0.016336281798666922,"external_area_m2":0.0,"moisture_mass_kg":0.009801769079200153,"oxygen_factor":0.0,"phase":"WET_WOOD","surface_exposure":0.0,"temperature_k":293.15,"volatile_potential_kg":0.012742299802960199,"volume_m3":3.141592653589793e-05},{"ash_mass_kg":0.0,"char_mass_kg":0.0,"dry_wood_mass_kg":0.04900884539600077,"external_area_m2":0.0,"moisture_mass_kg":0.02940530723760046,"oxygen_factor":0.0,"phase":"WET_WOOD","surface_exposure":0.0,"temperature_k":293.15,"volatile_potential_kg":0.038226899408880605,"volume_m3":9.424777960769378e-05},{"ash_mass_kg":0.0,"char_mass_kg":0.0,"dry_wood_mass_kg":0.0816814089933346,"external_area_m2":0.0,"moisture_mass_kg":0.04900884539600076,"oxygen_factor":0.0,"phase":"WET_WOOD","surface_exposure":0.0,"temperature_k":293.15,"volatile_potential_kg":0.063711499014801,"volume_m3":0.00015707963267948963},{"ash_mass_kg":0.0,"char_mass_kg":0.0,"dry_wood_mass_kg":0.11435397259066847,"external_area_m2":0.006283185307179586,"moisture_mass_kg":0.06861238355440108,"oxygen_factor":1.0,"phase":"WET_WOOD","surface_exposure":1.0,"temperature_k":293.15,"volatile_potential_kg":0.0891960986207214,"volume_m3":0.0002199114857512855},{"ash_mass_kg":0.0,"char_mass_kg":0.0,"dry_wood_mass_kg":0.016336281798666922,"external_area_m2":0.0,"moisture_mass_kg":0.009801769079200153,"oxygen_factor":0.0,"phase":"WET_WOOD","surface_exposure":0.0,"temperature_k":293.15,"volatile_potential_kg":0.012742299802960199,"volume_m3":3.141592653589793e-05},{"ash_mass_kg":0.0,"char_mass_kg":0.0,"dry_wood_mass_kg":0.04900884539600077,"external_area_m2":0.0,"moisture_mass_kg":0.02940530723760046,"oxygen_factor":0.0,"phase":"WET_WOOD","surface_exposure":0.0,"temperature_k":293.15,"volatile_potential_kg":0.038226899408880605,"volume_m3":9.424777960769378e-05},{"ash_mass_kg":0.0,"char_mass_kg":0.0,"dry_wood_mass_kg":0.0816814089933346,"external_area_m2":0.0,"moisture_mass_kg":0.04900884539600076,"oxygen_factor":0.0,"phase":"WET_WOOD","surface_exposure":0.0,"temperature_k":293.15,"volatile_potential_kg":0.063711499014801,"volume_m3":0.00015707963267948963},{"ash_mass_kg":0.0,"char_mass_kg":0.0,"dry_wood_mass_kg":0.11435397259066847,"external_area_m2":0.006283185307179586,"moisture_mass_kg":0.06861238355440108,"oxygen_factor":1.0,"phase":"WET_WOOD","surface_exposure":1.0,"temperature_k":293.15,"volatile_potential_kg":0.0891960986207214,"volume_m3":0.0002199114857512855},{"ash_mass_kg":0.0,"char_mass_kg":0.0,"dry_wood_mass_kg":0.016336281798666922,"external_area_m2":0.0,"moisture_mass_kg":0.009801769079200153,"oxygen_factor":0.0,"phase":"WET_WOOD","surface_exposure":0.0,"temperature_k":293.15,"volatile_potential_kg":0.012742299802960199,"volume_m3":3.141592653589793e-05},{"ash_mass_kg":0.0,"char_mass_kg":0.0,"dry_wood_mass_kg":0.04900884539600077,"external_area_m2":0.0,"moisture_mass_kg":0.02940530723760046,"oxygen_factor":0.0,"phase":"WET_WOOD","surface_exposure":0.0,"temperature_k":293.15,"volatile_potential_kg":0.038226899408880605,"volume_m3":9.424777960769378e-05},{"ash_mass_kg":0.0,"char_mass_kg":0.0,"dry_wood_mass_kg":0.0816814089933346,"external_area_m2":0.0,"moisture_mass_kg":0.04900884539600076,"oxygen_factor":0.0,"phase":"WET_WOOD","surface_exposure":0.0,"temperature_k":293.15,"volatile_potential_kg":0.063711499014801,"volume_m3":0.00015707963267948963},{"ash_mass_kg":0.0,"char_mass_kg":0.0,"dry_wood_mass_kg":0.11435397259066847,"external_area_m2":0.006283185307179586,"moisture_mass_kg":0.06861238355440108,"oxygen_factor":1.0,"phase":"WET_WOOD","surface_exposure":1.0,"temperature_k":293.15,"volatile_potential_kg":0.0891960986207214,"volume_m3":0.0002199114857512855},{"ash_mass_kg":0.0,"char_mass_kg":0.0,"dry_wood_mass_kg":0.016336281798666922,"external_area_m2":0.0,"moisture_mass_kg":0.009801769079200153,"oxygen_factor":0.0,"phase":"WET_WOOD","surface_exposure":0.0,"temperature_k":293.15,"volatile_potential_kg":0.012742299802960199,"volume_m3":3.141592653589793e-05},{"ash_mass_kg":0.0,"char_mass_kg":0.0,"dry_wood_mass_kg":0.04900884539600077,"external_area_m2":0.0,"moisture_mass_kg":0.02940530723760046,"oxygen_factor":0.0,"phase":"WET_WOOD","surface_exposure":0.0,"temperature_k":293.15,"volatile_potential_kg":0.038226899408880605,"volume_m3":9.424777960769378e-05},{"ash_mass_kg":0.0,"char_mass_kg":0.0,"dry_wood_mass_kg":0.0816814089933346,"external_area_m2":0.0,"moisture_mass_kg":0.04900884539600076,"oxygen_factor":0.0,"phase":"WET_WOOD","surface_exposure":0.0,"temperature_k":293.15,"volatile_potential_kg":0.063711499014801,"volume_m3":0.00015707963267948963},{"ash_mass_kg":0.0,"char_mass_kg":0.0,"dry_wood_mass_kg":0.11435397259066847,"external_area_m2":0.006283185307179586,"moisture_mass_kg":0.06861238355440108,"oxygen_factor":1.0,"phase":"WET_WOOD","surface_exposure":1.0,"temperature_k":293.15,"volatile_potential_kg":0.0891960986207214,"volume_m3":0.0002199114857512855},{"ash_mass_kg":0.0,"char_mass_kg":0.0,"dry_wood_mass_kg":0.016336281798666922,"external_area_m2":0.0,"moisture_mass_kg":0.009801769079200153,"oxygen_factor":0.0,"phase":"WET_WOOD","surface_exposure":0.0,"temperature_k":293.15,"volatile_potential_kg":0.012742299802960199,"volume_m3":3.141592653589793e-05},{"ash_mass_kg":0.0,"char_mass_kg":0.0,"dry_wood_mass_kg":0.04900884539600077,"external_area_m2":0.0,"moisture_mass_kg":0.02940530723760046,"oxygen_factor":0.0,"phase":"WET_WOOD","surface_exposure":0.0,"temperature_k":293.15,"volatile_potential_kg":0.038226899408880605,"volume_m3":9.424777960769378e-05},{"ash_mass_kg":0.0,"char_mass_kg":0.0,"dry_wood_mass_kg":0.0816814089933346,"external_area_m2":0.0,"moisture_mass_kg":0.04900884539600076,"oxygen_factor":0.0,"phase":"WET_WOOD","surface_exposure":0.0,"temperature_k":293.15,"volatile_potential_kg":0.063711499014801,"volume_m3":0.00015707963267948963},{"ash_mass_kg":0.0,"char_mass_kg":0.0,"dry_wood_mass_kg":0.11435397259066847,"external_area_m2":0.006283185307179586,"moisture_mass_kg":0.06861238355440108,"oxygen_factor":1.0,"phase":"WET_WOOD","surface_exposure":1.0,"temperature_k":293.15,"volatile_potential_kg":0.0891960986207214,"volume_m3":0.0002199114857512855},{"ash_mass_kg":0.0,"char_mass_kg":0.0,"dry_wood_mass_kg":0.016336281798666922,"external_area_m2":0.0,"moisture_mass_kg":0.009801769079200153,"oxygen_factor":0.0,"phase":"WET_WOOD","surface_exposure":0.0,"temperature_k":293.15,"volatile_potential_kg":0.012742299802960199,"volume_m3":3.141592653589793e-05},{"ash_mass_kg":0.0,"char_mass_kg":0.0,"dry_wood_mass_kg":0.04900884539600077,"external_area_m2":0.0,"moisture_mass_kg":0.02940530723760046,"oxygen_factor":0.0,"phase":"WET_WOOD","surface_exposure":0.0,"temperature_k":293.15,"volatile_potential_kg":0.038226899408880605,"volume_m3":9.424777960769378e-05},{"ash_mass_kg":0.0,"char_mass_kg":0.0,"dry_wood_mass_kg":0.0816814089933346,"external_area_m2":0.0,"moisture_mass_kg":0.04900884539600076,"oxygen_factor":0.0,"phase":"WET_WOOD","surface_exposure":0.0,"temperature_k":293.15,"volatile_potential_kg":0.063711499014801,"volume_m3":0.00015707963267948963},{"ash_mass_kg":0.0,"char_mass_kg":0.0,"dry_wood_mass_kg":0.11435397259066847,"external_area_m2":0.006283185307179586,"moisture_mass_kg":0.06861238355440108,"oxygen_factor":1.0,"phase":"WET_WOOD","surface_exposure":1.0,"temperature_k":293.15,"volatile_potential_kg":0.0891960986207214,"volume_m3":0.0002199114857512855},{"ash_mass_kg":0.0,"char_mass_kg":0.0,"dry_wood_mass_kg":0.016336281798666922,"external_area_m2":0.0,"moisture_mass_kg":0.009801769079200153,"oxygen_factor":0.0,"phase":"WET_WOOD","surface_exposure":0.0,"temperature_k":293.15,"volatile_potential_kg":0.012742299802960199,"volume_m3":3.141592653589793e-05},{"ash_mass_kg":0.0,"char_mass_kg":0.0,"dry_wood_mass_kg":0.04900884539600077,"external_area_m2":0.0,"moisture_mass_kg":0.02940530723760046,"oxygen_factor":0.0,"phase":"WET_WOOD","surface_exposure":0.0,"temperature_k":293.15,"volatile_potential_kg":0.038226899408880605,"volume_m3":9.424777960769378e-05},{"ash_mass_kg":0.0,"char_mass_kg":0.0,"dry_wood_mass_kg":0.0816814089933346,"external_area_m2":0.0,"moisture_mass_kg":0.04900884539600076,"oxygen_factor":0.0,"phase":"WET_WOOD","surface_exposure":0.0,"temperature_k":293.15,"volatile_potential_kg":0.063711499014801,"volume_m3":0.00015707963267948963},{"ash_mass_kg":0.0,"char_mass_kg":0.0,"dry_wood_mass_kg":0.11435397259066847,"external_area_m2":0.006283185307179586,"moisture_mass_kg":0.06861238355440108,"oxygen_factor":1.0,"phase":"WET_WOOD","surface_exposure":1.0,"temperature_k":293.15,"volatile_potential_kg":0.0891960986207214,"volume_m3":0.0002199114857512855},{"ash_mass_kg":0.0,"char_mass_kg":0.0,"dry_wood_mass_kg":0.016336281798666922,"external_area_m2":0.0,"moisture_mass_kg":0.009801769079200153,"oxygen_factor":0.0,"phase":"WET_WOOD","surface_exposure":0.0,"temperature_k":293.15,"volatile_potential_kg":0.012742299802960199,"volume_m3":3.141592653589793e-05},{"ash_mass_kg":0.0,"char_mass_kg":0.0,"dry_wood_mass_kg":0.04900884539600077,"external_area_m2":0.0,"moisture_mass_kg":0.02940530723760046,"oxygen_factor":0.0,"phase":"WET_WOOD","surface_exposure":0.0,"temperature_k":293.15,"volatile_potential_kg":0.038226899408880605,"volume_m3":9.424777960769378e-05},{"ash_mass_kg":0.0,"char_mass_kg":0.0,"dry_wood_mass_kg":0.0816814089933346,"external_area_m2":0.0,"moisture_mass_kg":0.04900884539600076,"oxygen_factor":0.0,"phase":"WET_WOOD","surface_exposure":0.0,"temperature_k":293.15,"volatile_potential_kg":0.063711499014801,"volume_m3":0.00015707963267948963},{"ash_mass_kg":0.0,"char_mass_kg":0.0,"dry_wood_mass_kg":0.11435397259066847,"external_area_m2":0.006283185307179586,"moisture_mass_kg":0.06861238355440108,"oxygen_factor":1.0,"phase":"WET_WOOD","surface_exposure":1.0,"temperature_k":293.15,"volatile_potential_kg":0.0891960986207214,"volume_m3":0.0002199114857512855},{"ash_mass_kg":0.0,"char_mass_kg":0.0,"dry_wood_mass_kg":0.016336281798666922,"external_area_m2":0.0,"moisture_mass_kg":0.009801769079200153,"oxygen_factor":0.0,"phase":"WET_WOOD","surface_exposure":0.0,"temperature_k":293.15,"volatile_potential_kg":0.012742299802960199,"volume_m3":3.141592653589793e-05},{"ash_mass_kg":0.0,"char_mass_kg":0.0,"dry_wood_mass_kg":0.04900884539600077,"external_area_m2":0.0,"moisture_mass_kg":0.02940530723760046,"oxygen_factor":0.0,"phase":"WET_WOOD","surface_exposure":0.0,"temperature_k":293.15,"volatile_potential_kg":0.038226899408880605,"volume_m3":9.424777960769378e-05},{"ash_mass_kg":0.0,"char_mass_kg":0.0,"dry_wood_mass_kg":0.0816814089933346,"external_area_m2":0.0,"moisture_mass_kg":0.04900884539600076,"oxygen_factor":0.0,"phase":"WET_WOOD","surface_exposure":0.0,"temperature_k":293.15,"volatile_potential_kg":0.063711499014801,"volume_m3":0.00015707963267948963},{"ash_mass_kg":0.0,"char_mass_kg":0.0,"dry_wood_mass_kg":0.11435397259066847,"external_area_m2":0.006283185307179586,"moisture_mass_kg":0.06861238355440108,"oxygen_factor":1.0,"phase":"WET_WOOD","surface_exposure":1.0,"temperature_k":293.15,"volatile_potential_kg":0.0891960986207214,"volume_m3":0.0002199114857512855},{"ash_mass_kg":0.0,"char_mass_kg":0.0,"dry_wood_mass_kg":0.016336281798666922,"external_area_m2":0.0,"moisture_mass_kg":0.009801769079200153,"oxygen_factor":0.0,"phase":"WET_WOOD","surface_exposure":0.0,"temperature_k":293.15,"volatile_potential_kg":0.012742299802960199,"volume_m3":3.141592653589793e-05},{"ash_mass_kg":0.0,"char_mass_kg":0.0,"dry_wood_mass_kg":0.04900884539600077,"external_area_m2":0.0,"moisture_mass_kg":0.02940530723760046,"oxygen_factor":0.0,"phase":"WET_WOOD","surface_exposure":0.0,"temperature_k":293.15,"volatile_potential_kg":0.038226899408880605,"volume_m3":9.424777960769378e-05},{"ash_mass_kg":0.0,"char_mass_kg":0.0,"dry_wood_mass_kg":0.0816814089933346,"external_area_m2":0.0,"moisture_mass_kg":0.04900884539600076,"oxygen_factor":0.0,"phase":"WET_WOOD","surface_exposure":0.0,"temperature_k":293.15,"volatile_potential_kg":0.063711499014801,"volume_m3":0.00015707963267948963},{"ash_mass_kg":0.0,"char_mass_kg":0.0,"dry_wood_mass_kg":0.11435397259066847,"external_area_m2":0.006283185307179586,"moisture_mass_kg":0.06861238355440108,"oxygen_factor":1.0,"phase":"WET_WOOD","surface_exposure":1.0,"temperature_k":293.15,"volatile_potential_kg":0.0891960986207214,"volume_m3":0.0002199114857512855},{"ash_mass_kg":0.0,"char_mass_kg":0.0,"dry_wood_mass_kg":0.016336281798666922,"external_area_m2":0.0,"moisture_mass_kg":0.009801769079200153,"oxygen_factor":0.0,"phase":"WET_WOOD","surface_exposure":0.0,"temperature_k":293.15,"volatile_potential_kg":0.012742299802960199,"volume_m3":3.141592653589793e-05},{"ash_mass_kg":0.0,"char_mass_kg":0.0,"dry_wood_mass_kg":0.04900884539600077,"external_area_m2":0.0,"moisture_mass_kg":0.02940530723760046,"oxygen_factor":0.0,"phase":"WET_WOOD","surface_exposure":0.0,"temperature_k":293.15,"volatile_potential_kg":0.038226899408880605,"volume_m3":9.424777960769378e-05},{"ash_mass_kg":0.0,"char_mass_kg":0.0,"dry_wood_mass_kg":0.0816814089933346,"external_area_m2":0.0,"moisture_mass_kg":0.04900884539600076,"oxygen_factor":0.0,"phase":"WET_WOOD","surface_exposure":0.0,"temperature_k":293.15,"volatile_potential_kg":0.063711499014801,"volume_m3":0.00015707963267948963},{"ash_mass_kg":0.0,"char_mass_kg":0.0,"dry_wood_mass_kg":0.11435397259066847,"external_area_m2":0.006283185307179586,"moisture_mass_kg":0.06861238355440108,"oxygen_factor":1.0,"phase":"WET_WOOD","surface_exposure":1.0,"temperature_k":293.15,"volatile_potential_kg":0.0891960986207214,"volume_m3":0.0002199114857512855},{"ash_mass_kg":0.0,"char_mass_kg":0.0,"dry_wood_mass_kg":0.016336281798666922,"external_area_m2":0.0,"moisture_mass_kg":0.009801769079200153,"oxygen_factor":0.0,"phase":"WET_WOOD","surface_exposure":0.0,"temperature_k":293.15,"volatile_potential_kg":0.012742299802960199,"volume_m3":3.141592653589793e-05},{"ash_mass_kg":0.0,"char_mass_kg":0.0,"dry_wood_mass_kg":0.04900884539600077,"external_area_m2":0.0,"moisture_mass_kg":0.02940530723760046,"oxygen_factor":0.0,"phase":"WET_WOOD","surface_exposure":0.0,"temperature_k":293.15,"volatile_potential_kg":0.038226899408880605,"volume_m3":9.424777960769378e-05},{"ash_mass_kg":0.0,"char_mass_kg":0.0,"dry_wood_mass_kg":0.0816814089933346,"external_area_m2":0.0,"moisture_mass_kg":0.04900884539600076,"oxygen_factor":0.0,"phase":"WET_WOOD","surface_exposure":0.0,"temperature_k":293.15,"volatile_potential_kg":0.063711499014801,"volume_m3":0.00015707963267948963},{"ash_mass_kg":0.0,"char_mass_kg":0.0,"dry_wood_mass_kg":0.11435397259066847,"external_area_m2":0.006283185307179586,"moisture_mass_kg":0.06861238355440108,"oxygen_factor":1.0,"phase":"WET_WOOD","surface_exposure":1.0,"temperature_k":293.15,"volatile_potential_kg":0.0891960986207214,"volume_m3":0.0002199114857512855},{"ash_mass_kg":0.0,"char_mass_kg":0.0,"dry_wood_mass_kg":0.016336281798666922,"external_area_m2":0.0,"moisture_mass_kg":0.009801769079200153,"oxygen_factor":0.0,"phase":"WET_WOOD","surface_exposure":0.0,"temperature_k":293.15,"volatile_potential_kg":0.012742299802960199,"volume_m3":3.141592653589793e-05},{"ash_mass_kg":0.0,"char_mass_kg":0.0,"dry_wood_mass_kg":0.04900884539600077,"external_area_m2":0.0,"moisture_mass_kg":0.02940530723760046,"oxygen_factor":0.0,"phase":"WET_WOOD","surface_exposure":0.0,"temperature_k":293.15,"volatile_potential_kg":0.038226899408880605,"volume_m3":9.424777960769378e-05},{"ash_mass_kg":0.0,"char_mass_kg":0.0,"dry_wood_mass_kg":0.0816814089933346,"external_area_m2":0.0,"moisture_mass_kg":0.04900884539600076,"oxygen_factor":0.0,"phase":"WET_WOOD","surface_exposure":0.0,"temperature_k":293.15,"volatile_potential_kg":0.063711499014801,"volume_m3":0.00015707963267948963},{"ash_mass_kg":0.0,"char_mass_kg":0.0,"dry_wood_mass_kg":0.11435397259066847,"external_area_m2":0.006283185307179586,"moisture_mass_kg":0.06861238355440108,"oxygen_factor":1.0,"phase":"WET_WOOD","surface_exposure":1.0,"temperature_k":293.15,"volatile_potential_kg":0.0891960986207214,"volume_m3":0.0002199114857512855},{"ash_mass_kg":0.0,"char_mass_kg":0.0,"dry_wood_mass_kg":0.016336281798666922,"external_area_m2":0.0,"moisture_mass_kg":0.009801769079200153,"oxygen_factor":0.0,"phase":"WET_WOOD","surface_exposure":0.0,"temperature_k":293.15,"volatile_potential_kg":0.012742299802960199,"volume_m3":3.141592653589793e-05},{"ash_mass_kg":0.0,"char_mass_kg":0.0,"dry_wood_mass_kg":0.04900884539600077,"external_area_m2":0.0,"moisture_mass_kg":0.02940530723760046,"oxygen_factor":0.0,"phase":"WET_WOOD","surface_exposure":0.0,"temperature_k":293.15,"volatile_potential_kg":0.038226899408880605,"volume_m3":9.424777960769378e-05},{"ash_mass_kg":0.0,"char_mass_kg":0.0,"dry_wood_mass_kg":0.0816814089933346,"external_area_m2":0.0,"moisture_mass_kg":0.04900884539600076,"oxygen_factor":0.0,"phase":"WET_WOOD","surface_exposure":0.0,"temperature_k":293.15,"volatile_potential_kg":0.063711499014801,"volume_m3":0.00015707963267948963},{"ash_mass_kg":0.0,"char_mass_kg":0.0,"dry_wood_mass_kg":0.11435397259066847,"external_area_m2":0.006283185307179586,"moisture_mass_kg":0.06861238355440108,"oxygen_factor":1.0,"phase":"WET_WOOD","surface_exposure":1.0,"temperature_k":293.15,"volatile_potential_kg":0.0891960986207214,"volume_m3":0.0002199114857512855},{"ash_mass_kg":0.0,"char_mass_kg":0.0,"dry_wood_mass_kg":0.016336281798666922,"external_area_m2":0.0,"moisture_mass_kg":0.009801769079200153,"oxygen_factor":0.0,"phase":"WET_WOOD","surface_exposure":0.0,"temperature_k":293.15,"volatile_potential_kg":0.012742299802960199,"volume_m3":3.141592653589793e-05},{"ash_mass_kg":0.0,"char_mass_kg":0.0,"dry_wood_mass_kg":0.04900884539600077,"external_area_m2":0.0,"moisture_mass_kg":0.02940530723760046,"oxygen_factor":0.0,"phase":"WET_WOOD","surface_exposure":0.0,"temperature_k":293.15,"volatile_potential_kg":0.038226899408880605,"volume_m3":9.424777960769378e-05},{"ash_mass_kg":0.0,"char_mass_kg":0.0,"dry_wood_mass_kg":0.0816814089933346,"external_area_m2":0.0,"moisture_mass_kg":0.04900884539600076,"oxygen_factor":0.0,"phase":"WET_WOOD","surface_exposure":0.0,"temperature_k":293.15,"volatile_potential_kg":0.063711499014801,"volume_m3":0.00015707963267948963},{"ash_mass_kg":0.0,"char_mass_kg":0.0,"dry_wood_mass_kg":0.11435397259066847,"external_area_m2":0.006283185307179586,"moisture_mass_kg":0.06861238355440108,"oxygen_factor":1.0,"phase":"WET_WOOD","surface_exposure":1.0,"temperature_k":293.15,"volatile_potential_kg":0.0891960986207214,"volume_m3":0.0002199114857512855},{"ash_mass_kg":0.0,"char_mass_kg":0.0,"dry_wood_mass_kg":0.016336281798666922,"external_area_m2":0.0,"moisture_mass_kg":0.009801769079200153,"oxygen_factor":0.0,"phase":"WET_WOOD","surface_exposure":0.0,"temperature_k":293.15,"volatile_potential_kg":0.012742299802960199,"volume_m3":3.141592653589793e-05},{"ash_mass_kg":0.0,"char_mass_kg":0.0,"dry_wood_mass_kg":0.04900884539600077,"external_area_m2":0.0,"moisture_mass_kg":0.02940530723760046,"oxygen_factor":0.0,"phase":"WET_WOOD","surface_exposure":0.0,"temperature_k":293.15,"volatile_potential_kg":0.038226899408880605,"volume_m3":9.424777960769378e-05},{"ash_mass_kg":0.0,"char_mass_kg":0.0,"dry_wood_mass_kg":0.0816814089933346,"external_area_m2":0.0,"moisture_mass_kg":0.04900884539600076,"oxygen_factor":0.0,"phase":"WET_WOOD","surface_exposure":0.0,"temperature_k":293.15,"volatile_potential_kg":0.063711499014801,"volume_m3":0.00015707963267948963},{"ash_mass_kg":0.0,"char_mass_kg":0.0,"dry_wood_mass_kg":0.11435397259066847,"external_area_m2":0.006283185307179586,"moisture_mass_kg":0.06861238355440108,"oxygen_factor":1.0,"phase":"WET_WOOD","surface_exposure":1.0,"temperature_k":293.15,"volatile_potential_kg":0.0891960986207214,"volume_m3":0.0002199114857512855},{"ash_mass_kg":0.0,"char_mass_kg":0.0,"dry_wood_mass_kg":0.016336281798666922,"external_area_m2":0.0,"moisture_mass_kg":0.009801769079200153,"oxygen_factor":0.0,"phase":"WET_WOOD","surface_exposure":0.0,"temperature_k":293.15,"volatile_potential_kg":0.012742299802960199,"volume_m3":3.141592653589793e-05},{"ash_mass_kg":0.0,"char_mass_kg":0.0,"dry_wood_mass_kg":0.04900884539600077,"external_area_m2":0.0,"moisture_mass_kg":0.02940530723760046,"oxygen_factor":0.0,"phase":"WET_WOOD","surface_exposure":0.0,"temperature_k":293.15,"volatile_potential_kg":0.038226899408880605,"volume_m3":9.424777960769378e-05},{"ash_mass_kg":0.0,"char_mass_kg":0.0,"dry_wood_mass_kg":0.0816814089933346,"external_area_m2":0.0,"moisture_mass_kg":0.04900884539600076,"oxygen_factor":0.0,"phase":"WET_WOOD","surface_exposure":0.0,"temperature_k":293.15,"volatile_potential_kg":0.063711499014801,"volume_m3":0.00015707963267948963},{"ash_mass_kg":0.0,"char_mass_kg":0.0,"dry_wood_mass_kg":0.11435397259066847,"external_area_m2":0.006283185307179586,"moisture_mass_kg":0.06861238355440108,"oxygen_factor":1.0,"phase":"WET_WOOD","surface_exposure":1.0,"temperature_k":293.15,"volatile_potential_kg":0.0891960986207214,"volume_m3":0.0002199114857512855},{"ash_mass_kg":0.0,"char_mass_kg":0.0,"dry_wood_mass_kg":0.016336281798666922,"external_area_m2":0.0,"moisture_mass_kg":0.009801769079200153,"oxygen_factor":0.0,"phase":"WET_WOOD","surface_exposure":0.0,"temperature_k":293.15,"volatile_potential_kg":0.012742299802960199,"volume_m3":3.141592653589793e-05},{"ash_mass_kg":0.0,"char_mass_kg":0.0,"dry_wood_mass_kg":0.04900884539600077,"external_area_m2":0.0,"moisture_mass_kg":0.02940530723760046,"oxygen_factor":0.0,"phase":"WET_WOOD","surface_exposure":0.0,"temperature_k":293.15,"volatile_potential_kg":0.038226899408880605,"volume_m3":9.424777960769378e-05},{"ash_mass_kg":0.0,"char_mass_kg":0.0,"dry_wood_mass_kg":0.0816814089933346,"external_area_m2":0.0,"moisture_mass_kg":0.04900884539600076,"oxygen_factor":0.0,"phase":"WET_WOOD","surface_exposure":0.0,"temperature_k":293.15,"volatile_potential_kg":0.063711499014801,"volume_m3":0.00015707963267948963},{"ash_mass_kg":0.0,"char_mass_kg":0.0,"dry_wood_mass_kg":0.11435397259066847,"external_area_m2":0.006283185307179586,"moisture_mass_kg":0.06861238355440108,"oxygen_factor":1.0,"phase":"WET_WOOD","surface_exposure":1.0,"temperature_k":293.15,"volatile_potential_kg":0.0891960986207214,"volume_m3":0.0002199114857512855},{"ash_mass_kg":0.0,"char_mass_kg":0.0,"dry_wood_mass_kg":0.016336281798666922,"external_area_m2":0.0,"moisture_mass_kg":0.009801769079200153,"oxygen_factor":0.0,"phase":"WET_WOOD","surface_exposure":0.0,"temperature_k":293.15,"volatile_potential_kg":0.012742299802960199,"volume_m3":3.141592653589793e-05},{"ash_mass_kg":0.0,"char_mass_kg":0.0,"dry_wood_mass_kg":0.04900884539600077,"external_area_m2":0.0,"moisture_mass_kg":0.02940530723760046,"oxygen_factor":0.0,"phase":"WET_WOOD","surface_exposure":0.0,"temperature_k":293.15,"volatile_potential_kg":0.038226899408880605,"volume_m3":9.424777960769378e-05},{"ash_mass_kg":0.0,"char_mass_kg":0.0,"dry_wood_mass_kg":0.0816814089933346,"external_area_m2":0.0,"moisture_mass_kg":0.04900884539600076,"oxygen_factor":0.0,"phase":"WET_WOOD","surface_exposure":0.0,"temperature_k":293.15,"volatile_potential_kg":0.063711499014801,"volume_m3":0.00015707963267948963},{"ash_mass_kg":0.0,"char_mass_kg":0.0,"dry_wood_mass_kg":0.11435397259066847,"external_area_m2":0.006283185307179586,"moisture_mass_kg":0.06861238355440108,"oxygen_factor":1.0,"phase":"WET_WOOD","surface_exposure":1.0,"temperature_k":293.15,"volatile_potential_kg":0.0891960986207214,"volume_m3":0.0002199114857512855},{"ash_mass_kg":0.0,"char_mass_kg":0.0,"dry_wood_mass_kg":0.016336281798666922,"external_area_m2":0.0,"moisture_mass_kg":0.009801769079200153,"oxygen_factor":0.0,"phase":"WET_WOOD","surface_exposure":0.0,"temperature_k":293.15,"volatile_potential_kg":0.012742299802960199,"volume_m3":3.141592653589793e-05},{"ash_mass_kg":0.0,"char_mass_kg":0.0,"dry_wood_mass_kg":0.04900884539600077,"external_area_m2":0.0,"moisture_mass_kg":0.02940530723760046,"oxygen_factor":0.0,"phase":"WET_WOOD","surface_exposure":0.0,"temperature_k":293.15,"volatile_potential_kg":0.038226899408880605,"volume_m3":9.424777960769378e-05},{"ash_mass_kg":0.0,"char_mass_kg":0.0,"dry_wood_mass_kg":0.0816814089933346,"external_area_m2":0.0,"moisture_mass_kg":0.04900884539600076,"oxygen_factor":0.0,"phase":"WET_WOOD","surface_exposure":0.0,"temperature_k":293.15,"volatile_potential_kg":0.063711499014801,"volume_m3":0.00015707963267948963},{"ash_mass_kg":0.0,"char_mass_kg":0.0,"dry_wood_mass_kg":0.11435397259066847,"external_area_m2":0.006283185307179586,"moisture_mass_kg":0.06861238355440108,"oxygen_factor":1.0,"phase":"WET_WOOD","surface_exposure":1.0,"temperature_k":293.15,"volatile_potential_kg":0.0891960986207214,"volume_m3":0.0002199114857512855},{"ash_mass_kg":0.0,"char_mass_kg":0.0,"dry_wood_mass_kg":0.016336281798666922,"external_area_m2":0.0,"moisture_mass_kg":0.009801769079200153,"oxygen_factor":0.0,"phase":"WET_WOOD","surface_exposure":0.0,"temperature_k":293.15,"volatile_potential_kg":0.012742299802960199,"volume_m3":3.141592653589793e-05},{"ash_mass_kg":0.0,"char_mass_kg":0.0,"dry_wood_mass_kg":0.04900884539600077,"external_area_m2":0.0,"moisture_mass_kg":0.02940530723760046,"oxygen_factor":0.0,"phase":"WET_WOOD","surface_exposure":0.0,"temperature_k":293.15,"volatile_potential_kg":0.038226899408880605,"volume_m3":9.424777960769378e-05},{"ash_mass_kg":0.0,"char_mass_kg":0.0,"dry_wood_mass_kg":0.0816814089933346,"external_area_m2":0.0,"moisture_mass_kg":0.04900884539600076,"oxygen_factor":0.0,"phase":"WET_WOOD","surface_exposure":0.0,"temperature_k":293.15,"volatile_potential_kg":0.063711499014801,"volume_m3":0.00015707963267948963},{"ash_mass_kg":0.0,"char_mass_kg":0.0,"dry_wood_mass_kg":0.11435397259066847,"external_area_m2":0.006283185307179586,"moisture_mass_kg":0.06861238355440108,"oxygen_factor":1.0,"phase":"WET_WOOD","surface_exposure":1.0,"temperature_k":293.15,"volatile_potential_kg":0.0891960986207214,"volume_m3":0.0002199114857512855},{"ash_mass_kg":0.0,"char_mass_kg":0.0,"dry_wood_mass_kg":0.016336281798666922,"external_area_m2":0.0,"moisture_mass_kg":0.009801769079200153,"oxygen_factor":0.0,"phase":"WET_WOOD","surface_exposure":0.0,"temperature_k":293.15,"volatile_potential_kg":0.012742299802960199,"volume_m3":3.141592653589793e-05},{"ash_mass_kg":0.0,"char_mass_kg":0.0,"dry_wood_mass_kg":0.04900884539600077,"external_area_m2":0.0,"moisture_mass_kg":0.02940530723760046,"oxygen_factor":0.0,"phase":"WET_WOOD","surface_exposure":0.0,"temperature_k":293.15,"volatile_potential_kg":0.038226899408880605,"volume_m3":9.424777960769378e-05},{"ash_mass_kg":0.0,"char_mass_kg":0.0,"dry_wood_mass_kg":0.0816814089933346,"external_area_m2":0.0,"moisture_mass_kg":0.04900884539600076,"oxygen_factor":0.0,"phase":"WET_WOOD","surface_exposure":0.0,"temperature_k":293.15,"volatile_potential_kg":0.063711499014801,"volume_m3":0.00015707963267948963},{"ash_mass_kg":0.0,"char_mass_kg":0.0,"dry_wood_mass_kg":0.11435397259066847,"external_area_m2":0.006283185307179586,"moisture_mass_kg":0.06861238355440108,"oxygen_factor":1.0,"phase":"WET_WOOD","surface_exposure":1.0,"temperature_k":293.15,"volatile_potential_kg":0.0891960986207214,"volume_m3":0.0002199114857512855},{"ash_mass_kg":0.0,"char_mass_kg":0.0,"dry_wood_mass_kg":0.016336281798666922,"external_area_m2":0.0,"moisture_mass_kg":0.009801769079200153,"oxygen_factor":0.0,"phase":"WET_WOOD","surface_exposure":0.0,"temperature_k":293.15,"volatile_potential_kg":0.012742299802960199,"volume_m3":3.141592653589793e-05},{"ash_mass_kg":0.0,"char_mass_kg":0.0,"dry_wood_mass_kg":0.04900884539600077,"external_area_m2":0.0,"moisture_mass_kg":0.02940530723760046,"oxygen_factor":0.0,"phase":"WET_WOOD","surface_exposure":0.0,"temperature_k":293.15,"volatile_potential_kg":0.038226899408880605,"volume_m3":9.424777960769378e-05},{"ash_mass_kg":0.0,"char_mass_kg":0.0,"dry_wood_mass_kg":0.0816814089933346,"external_area_m2":0.0,"moisture_mass_kg":0.04900884539600076,"oxygen_factor":0.0,"phase":"WET_WOOD","surface_exposure":0.0,"temperature_k":293.15,"volatile_potential_kg":0.063711499014801,"volume_m3":0.00015707963267948963},{"ash_mass_kg":0.0,"char_mass_kg":0.0,"dry_wood_mass_kg":0.11435397259066847,"external_area_m2":0.006283185307179586,"moisture_mass_kg":0.06861238355440108,"oxygen_factor":1.0,"phase":"WET_WOOD","surface_exposure":1.0,"temperature_k":293.15,"volatile_potential_kg":0.0891960986207214,"volume_m3":0.0002199114857512855},{"ash_mass_kg":0.0,"char_mass_kg":0.0,"dry_wood_mass_kg":0.016336281798666922,"external_area_m2":0.0,"moisture_mass_kg":0.009801769079200153,"oxygen_factor":0.0,"phase":"WET_WOOD","surface_exposure":0.0,"temperature_k":293.15,"volatile_potential_kg":0.012742299802960199,"volume_m3":3.141592653589793e-05},{"ash_mass_kg":0.0,"char_mass_kg":0.0,"dry_wood_mass_kg":0.04900884539600077,"external_area_m2":0.0,"moisture_mass_kg":0.02940530723760046,"oxygen_factor":0.0,"phase":"WET_WOOD","surface_exposure":0.0,"temperature_k":293.15,"volatile_potential_kg":0.038226899408880605,"volume_m3":9.424777960769378e-05},{"ash_mass_kg":0.0,"char_mass_kg":0.0,"dry_wood_mass_kg":0.0816814089933346,"external_area_m2":0.0,"moisture_mass_kg":0.04900884539600076,"oxygen_factor":0.0,"phase":"WET_WOOD","surface_exposure":0.0,"temperature_k":293.15,"volatile_potential_kg":0.063711499014801,"volume_m3":0.00015707963267948963},{"ash_mass_kg":0.0,"char_mass_kg":0.0,"dry_wood_mass_kg":0.11435397259066847,"external_area_m2":0.006283185307179586,"moisture_mass_kg":0.06861238355440108,"oxygen_factor":1.0,"phase":"WET_WOOD","surface_exposure":1.0,"temperature_k":293.15,"volatile_potential_kg":0.0891960986207214,"volume_m3":0.0002199114857512855},{"ash_mass_kg":0.0,"char_mass_kg":0.0,"dry_wood_mass_kg":0.016336281798666922,"external_area_m2":0.0,"moisture_mass_kg":0.009801769079200153,"oxygen_factor":0.0,"phase":"WET_WOOD","surface_exposure":0.0,"temperature_k":293.15,"volatile_potential_kg":0.012742299802960199,"volume_m3":3.141592653589793e-05},{"ash_mass_kg":0.0,"char_mass_kg":0.0,"dry_wood_mass_kg":0.04900884539600077,"external_area_m2":0.0,"moisture_mass_kg":0.02940530723760046,"oxygen_factor":0.0,"phase":"WET_WOOD","surface_exposure":0.0,"temperature_k":293.15,"volatile_potential_kg":0.038226899408880605,"volume_m3":9.424777960769378e-05},{"ash_mass_kg":0.0,"char_mass_kg":0.0,"dry_wood_mass_kg":0.0816814089933346,"external_area_m2":0.0,"moisture_mass_kg":0.04900884539600076,"oxygen_factor":0.0,"phase":"WET_WOOD","surface_exposure":0.0,"temperature_k":293.15,"volatile_potential_kg":0.063711499014801,"volume_m3":0.00015707963267948963},{"ash_mass_kg":0.0,"char_mass_kg":0.0,"dry_wood_mass_kg":0.11435397259066847,"external_area_m2":0.006283185307179586,"moisture_mass_kg":0.06861238355440108,"oxygen_factor":1.0,"phase":"WET_WOOD","surface_exposure":1.0,"temperature_k":293.15,"volatile_potential_kg":0.0891960986207214,"volume_m3":0.0002199114857512855},{"ash_mass_kg":0.0,"char_mass_kg":0.0,"dry_wood_mass_kg":0.016336281798666922,"external_area_m2":0.0,"moisture_mass_kg":0.009801769079200153,"oxygen_factor":0.0,"phase":"WET_WOOD","surface_exposure":0.0,"temperature_k":293.15,"volatile_potential_kg":0.012742299802960199,"volume_m3":3.141592653589793e-05},{"ash_mass_kg":0.0,"char_mass_kg":0.0,"dry_wood_mass_kg":0.04900884539600077,"external_area_m2":0.0,"moisture_mass_kg":0.02940530723760046,"oxygen_factor":0.0,"phase":"WET_WOOD","surface_exposure":0.0,"temperature_k":293.15,"volatile_potential_kg":0.038226899408880605,"volume_m3":9.424777960769378e-05},{"ash_mass_kg":0.0,"char_mass_kg":0.0,"dry_wood_mass_kg":0.0816814089933346,"external_area_m2":0.0,"moisture_mass_kg":0.04900884539600076,"oxygen_factor":0.0,"phase":"WET_WOOD","surface_exposure":0.0,"temperature_k":293.15,"volatile_potential_kg":0.063711499014801,"volume_m3":0.00015707963267948963},{"ash_mass_kg":0.0,"char_mass_kg":0.0,"dry_wood_mass_kg":0.11435397259066847,"external_area_m2":0.006283185307179586,"moisture_mass_kg":0.06861238355440108,"oxygen_factor":1.0,"phase":"WET_WOOD","surface_exposure":1.0,"temperature_k":293.15,"volatile_potential_kg":0.0891960986207214,"volume_m3":0.0002199114857512855},{"ash_mass_kg":0.0,"char_mass_kg":0.0,"dry_wood_mass_kg":0.016336281798666922,"external_area_m2":0.0,"moisture_mass_kg":0.009801769079200153,"oxygen_factor":0.0,"phase":"WET_WOOD","surface_exposure":0.0,"temperature_k":293.15,"volatile_potential_kg":0.012742299802960199,"volume_m3":3.141592653589793e-05},{"ash_mass_kg":0.0,"char_mass_kg":0.0,"dry_wood_mass_kg":0.04900884539600077,"external_area_m2":0.0,"moisture_mass_kg":0.02940530723760046,"oxygen_factor":0.0,"phase":"WET_WOOD","surface_exposure":0.0,"temperature_k":293.15,"volatile_potential_kg":0.038226899408880605,"volume_m3":9.424777960769378e-05},{"ash_mass_kg":0.0,"char_mass_kg":0.0,"dry_wood_mass_kg":0.0816814089933346,"external_area_m2":0.0,"moisture_mass_kg":0.04900884539600076,"oxygen_factor":0.0,"phase":"WET_WOOD","surface_exposure":0.0,"temperature_k":293.15,"volatile_potential_kg":0.063711499014801,"volume_m3":0.00015707963267948963},{"ash_mass_kg":0.0,"char_mass_kg":0.0,"dry_wood_mass_kg":0.11435397259066847,"external_area_m2":0.006283185307179586,"moisture_mass_kg":0.06861238355440108,"oxygen_factor":1.0,"phase":"WET_WOOD","surface_exposure":1.0,"temperature_k":293.15,"volatile_potential_kg":0.0891960986207214,"volume_m3":0.0002199114857512855},{"ash_mass_kg":0.0,"char_mass_kg":0.0,"dry_wood_mass_kg":0.016336281798666922,"external_area_m2":0.0,"moisture_mass_kg":0.009801769079200153,"oxygen_factor":0.0,"phase":"WET_WOOD","surface_exposure":0.0,"temperature_k":293.15,"volatile_potential_kg":0.012742299802960199,"volume_m3":3.141592653589793e-05},{"ash_mass_kg":0.0,"char_mass_kg":0.0,"dry_wood_mass_kg":0.04900884539600077,"external_area_m2":0.0,"moisture_mass_kg":0.02940530723760046,"oxygen_factor":0.0,"phase":"WET_WOOD","surface_exposure":0.0,"temperature_k":293.15,"volatile_potential_kg":0.038226899408880605,"volume_m3":9.424777960769378e-05},{"ash_mass_kg":0.0,"char_mass_kg":0.0,"dry_wood_mass_kg":0.0816814089933346,"external_area_m2":0.0,"moisture_mass_kg":0.04900884539600076,"oxygen_factor":0.0,"phase":"WET_WOOD","surface_exposure":0.0,"temperature_k":293.15,"volatile_potential_kg":0.063711499014801,"volume_m3":0.00015707963267948963},{"ash_mass_kg":0.0,"char_mass_kg":0.0,"dry_wood_mass_kg":0.11435397259066847,"external_area_m2":0.006283185307179586,"moisture_mass_kg":0.06861238355440108,"oxygen_factor":1.0,"phase":"WET_WOOD","surface_exposure":1.0,"temperature_k":293.15,"volatile_potential_kg":0.0891960986207214,"volume_m3":0.0002199114857512855},{"ash_mass_kg":0.0,"char_mass_kg":0.0,"dry_wood_mass_kg":0.016336281798666922,"external_area_m2":0.0,"moisture_mass_kg":0.009801769079200153,"oxygen_factor":0.0,"phase":"WET_WOOD","surface_exposure":0.0,"temperature_k":293.15,"volatile_potential_kg":0.012742299802960199,"volume_m3":3.141592653589793e-05},{"ash_mass_kg":0.0,"char_mass_kg":0.0,"dry_wood_mass_kg":0.04900884539600077,"external_area_m2":0.0,"moisture_mass_kg":0.02940530723760046,"oxygen_factor":0.0,"phase":"WET_WOOD","surface_exposure":0.0,"temperature_k":293.15,"volatile_potential_kg":0.038226899408880605,"volume_m3":9.424777960769378e-05},{"ash_mass_kg":0.0,"char_mass_kg":0.0,"dry_wood_mass_kg":0.0816814089933346,"external_area_m2":0.0,"moisture_mass_kg":0.04900884539600076,"oxygen_factor":0.0,"phase":"WET_WOOD","surface_exposure":0.0,"temperature_k":293.15,"volatile_potential_kg":0.063711499014801,"volume_m3":0.00015707963267948963},{"ash_mass_kg":0.0,"char_mass_kg":0.0,"dry_wood_mass_kg":0.11435397259066847,"external_area_m2":0.006283185307179586,"moisture_mass_kg":0.06861238355440108,"oxygen_factor":1.0,"phase":"WET_WOOD","surface_exposure":1.0,"temperature_k":293.15,"volatile_potential_kg":0.0891960986207214,"volume_m3":0.0002199114857512855},{"ash_mass_kg":0.0,"char_mass_kg":0.0,"dry_wood_mass_kg":0.016336281798666922,"external_area_m2":0.0,"moisture_mass_kg":0.009801769079200153,"oxygen_factor":0.0,"phase":"WET_WOOD","surface_exposure":0.0,"temperature_k":293.15,"volatile_potential_kg":0.012742299802960199,"volume_m3":3.141592653589793e-05},{"ash_mass_kg":0.0,"char_mass_kg":0.0,"dry_wood_mass_kg":0.04900884539600077,"external_area_m2":0.0,"moisture_mass_kg":0.02940530723760046,"oxygen_factor":0.0,"phase":"WET_WOOD","surface_exposure":0.0,"temperature_k":293.15,"volatile_potential_kg":0.038226899408880605,"volume_m3":9.424777960769378e-05},{"ash_mass_kg":0.0,"char_mass_kg":0.0,"dry_wood_mass_kg":0.0816814089933346,"external_area_m2":0.0,"moisture_mass_kg":0.04900884539600076,"oxygen_factor":0.0,"phase":"WET_WOOD","surface_exposure":0.0,"temperature_k":293.15,"volatile_potential_kg":0.063711499014801,"volume_m3":0.00015707963267948963},{"ash_mass_kg":0.0,"char_mass_kg":0.0,"dry_wood_mass_kg":0.11435397259066847,"external_area_m2":0.006283185307179586,"moisture_mass_kg":0.06861238355440108,"oxygen_factor":1.0,"phase":"WET_WOOD","surface_exposure":1.0,"temperature_k":293.15,"volatile_potential_kg":0.0891960986207214,"volume_m3":0.0002199114857512855},{"ash_mass_kg":0.0,"char_mass_kg":0.0,"dry_wood_mass_kg":0.016336281798666922,"external_area_m2":0.0,"moisture_mass_kg":0.009801769079200153,"oxygen_factor":0.0,"phase":"WET_WOOD","surface_exposure":0.0,"temperature_k":293.15,"volatile_potential_kg":0.012742299802960199,"volume_m3":3.141592653589793e-05},{"ash_mass_kg":0.0,"char_mass_kg":0.0,"dry_wood_mass_kg":0.04900884539600077,"external_area_m2":0.0,"moisture_mass_kg":0.02940530723760046,"oxygen_factor":0.0,"phase":"WET_WOOD","surface_exposure":0.0,"temperature_k":293.15,"volatile_potential_kg":0.038226899408880605,"volume_m3":9.424777960769378e-05},{"ash_mass_kg":0.0,"char_mass_kg":0.0,"dry_wood_mass_kg":0.0816814089933346,"external_area_m2":0.0,"moisture_mass_kg":0.04900884539600076,"oxygen_factor":0.0,"phase":"WET_WOOD","surface_exposure":0.0,"temperature_k":293.15,"volatile_potential_kg":0.063711499014801,"volume_m3":0.00015707963267948963},{"ash_mass_kg":0.0,"char_mass_kg":0.0,"dry_wood_mass_kg":0.11435397259066847,"external_area_m2":0.006283185307179586,"moisture_mass_kg":0.06861238355440108,"oxygen_factor":1.0,"phase":"WET_WOOD","surface_exposure":1.0,"temperature_k":293.15,"volatile_potential_kg":0.0891960986207214,"volume_m3":0.0002199114857512855},{"ash_mass_kg":0.0,"char_mass_kg":0.0,"dry_wood_mass_kg":0.016336281798666922,"external_area_m2":0.0,"moisture_mass_kg":0.009801769079200153,"oxygen_factor":0.0,"phase":"WET_WOOD","surface_exposure":0.0,"temperature_k":293.15,"volatile_potential_kg":0.012742299802960199,"volume_m3":3.141592653589793e-05},{"ash_mass_kg":0.0,"char_mass_kg":0.0,"dry_wood_mass_kg":0.04900884539600077,"external_area_m2":0.0,"moisture_mass_kg":0.02940530723760046,"oxygen_factor":0.0,"phase":"WET_WOOD","surface_exposure":0.0,"temperature_k":293.15,"volatile_potential_kg":0.038226899408880605,"volume_m3":9.424777960769378e-05},{"ash_mass_kg":0.0,"char_mass_kg":0.0,"dry_wood_mass_kg":0.0816814089933346,"external_area_m2":0.0,"moisture_mass_kg":0.04900884539600076,"oxygen_factor":0.0,"phase":"WET_WOOD","surface_exposure":0.0,"temperature_k":293.15,"volatile_potential_kg":0.063711499014801,"volume_m3":0.00015707963267948963},{"ash_mass_kg":0.0,"char_mass_kg":0.0,"dry_wood_mass_kg":0.11435397259066847,"external_area_m2":0.006283185307179586,"moisture_mass_kg":0.06861238355440108,"oxygen_factor":1.0,"phase":"WET_WOOD","surface_exposure":1.0,"temperature_k":293.15,"volatile_potential_kg":0.0891960986207214,"volume_m3":0.0002199114857512855},{"ash_mass_kg":0.0,"char_mass_kg":0.0,"dry_wood_mass_kg":0.016336281798666922,"external_area_m2":0.0,"moisture_mass_kg":0.009801769079200153,"oxygen_factor":0.0,"phase":"WET_WOOD","surface_exposure":0.0,"temperature_k":293.15,"volatile_potential_kg":0.012742299802960199,"volume_m3":3.141592653589793e-05},{"ash_mass_kg":0.0,"char_mass_kg":0.0,"dry_wood_mass_kg":0.04900884539600077,"external_area_m2":0.0,"moisture_mass_kg":0.02940530723760046,"oxygen_factor":0.0,"phase":"WET_WOOD","surface_exposure":0.0,"temperature_k":293.15,"volatile_potential_kg":0.038226899408880605,"volume_m3":9.424777960769378e-05},{"ash_mass_kg":0.0,"char_mass_kg":0.0,"dry_wood_mass_kg":0.0816814089933346,"external_area_m2":0.0,"moisture_mass_kg":0.04900884539600076,"oxygen_factor":0.0,"phase":"WET_WOOD","surface_exposure":0.0,"temperature_k":293.15,"volatile_potential_kg":0.063711499014801,"volume_m3":0.00015707963267948963},{"ash_mass_kg":0.0,"char_mass_kg":0.0,"dry_wood_mass_kg":0.11435397259066847,"external_area_m2":0.006283185307179586,"moisture_mass_kg":0.06861238355440108,"oxygen_factor":1.0,"phase":"WET_WOOD","surface_exposure":1.0,"temperature_k":293.15,"volatile_potential_kg":0.0891960986207214,"volume_m3":0.0002199114857512855},{"ash_mass_kg":0.0,"char_mass_kg":0.0,"dry_wood_mass_kg":0.016336281798666922,"external_area_m2":0.0,"moisture_mass_kg":0.009801769079200153,"oxygen_factor":0.0,"phase":"WET_WOOD","surface_exposure":0.0,"temperature_k":293.15,"volatile_potential_kg":0.012742299802960199,"volume_m3":3.141592653589793e-05},{"ash_mass_kg":0.0,"char_mass_kg":0.0,"dry_wood_mass_kg":0.04900884539600077,"external_area_m2":0.0,"moisture_mass_kg":0.02940530723760046,"oxygen_factor":0.0,"phase":"WET_WOOD","surface_exposure":0.0,"temperature_k":293.15,"volatile_potential_kg":0.038226899408880605,"volume_m3":9.424777960769378e-05},{"ash_mass_kg":0.0,"char_mass_kg":0.0,"dry_wood_mass_kg":0.0816814089933346,"external_area_m2":0.0,"moisture_mass_kg":0.04900884539600076,"oxygen_factor":0.0,"phase":"WET_WOOD","surface_exposure":0.0,"temperature_k":293.15,"volatile_potential_kg":0.063711499014801,"volume_m3":0.00015707963267948963},{"ash_mass_kg":0.0,"char_mass_kg":0.0,"dry_wood_mass_kg":0.11435397259066847,"external_area_m2":0.006283185307179586,"moisture_mass_kg":0.06861238355440108,"oxygen_factor":1.0,"phase":"WET_WOOD","surface_exposure":1.0,"temperature_k":293.15,"volatile_potential_kg":0.0891960986207214,"volume_m3":0.0002199114857512855},{"ash_mass_kg":0.0,"char_mass_kg":0.0,"dry_wood_mass_kg":0.016336281798666922,"external_area_m2":0.0,"moisture_mass_kg":0.009801769079200153,"oxygen_factor":0.0,"phase":"WET_WOOD","surface_exposure":0.0,"temperature_k":293.15,"volatile_potential_kg":0.012742299802960199,"volume_m3":3.141592653589793e-05},{"ash_mass_kg":0.0,"char_mass_kg":0.0,"dry_wood_mass_kg":0.04900884539600077,"external_area_m2":0.0,"moisture_mass_kg":0.02940530723760046,"oxygen_factor":0.0,"phase":"WET_WOOD","surface_exposure":0.0,"temperature_k":293.15,"volatile_potential_kg":0.038226899408880605,"volume_m3":9.424777960769378e-05},{"ash_mass_kg":0.0,"char_mass_kg":0.0,"dry_wood_mass_kg":0.0816814089933346,"external_area_m2":0.0,"moisture_mass_kg":0.04900884539600076,"oxygen_factor":0.0,"phase":"WET_WOOD","surface_exposure":0.0,"temperature_k":293.15,"volatile_potential_kg":0.063711499014801,"volume_m3":0.00015707963267948963},{"ash_mass_kg":0.0,"char_mass_kg":0.0,"dry_wood_mass_kg":0.11435397259066847,"external_area_m2":0.006283185307179586,"moisture_mass_kg":0.06861238355440108,"oxygen_factor":1.0,"phase":"WET_WOOD","surface_exposure":1.0,"temperature_k":293.15,"volatile_potential_kg":0.0891960986207214,"volume_m3":0.0002199114857512855},{"ash_mass_kg":0.0,"char_mass_kg":0.0,"dry_wood_mass_kg":0.016336281798666922,"external_area_m2":0.0,"moisture_mass_kg":0.009801769079200153,"oxygen_factor":0.0,"phase":"WET_WOOD","surface_exposure":0.0,"temperature_k":293.15,"volatile_potential_kg":0.012742299802960199,"volume_m3":3.141592653589793e-05},{"ash_mass_kg":0.0,"char_mass_kg":0.0,"dry_wood_mass_kg":0.04900884539600077,"external_area_m2":0.0,"moisture_mass_kg":0.02940530723760046,"oxygen_factor":0.0,"phase":"WET_WOOD","surface_exposure":0.0,"temperature_k":293.15,"volatile_potential_kg":0.038226899408880605,"volume_m3":9.424777960769378e-05},{"ash_mass_kg":0.0,"char_mass_kg":0.0,"dry_wood_mass_kg":0.0816814089933346,"external_area_m2":0.0,"moisture_mass_kg":0.04900884539600076,"oxygen_factor":0.0,"phase":"WET_WOOD","surface_exposure":0.0,"temperature_k":293.15,"volatile_potential_kg":0.063711499014801,"volume_m3":0.00015707963267948963},{"ash_mass_kg":0.0,"char_mass_kg":0.0,"dry_wood_mass_kg":0.11435397259066847,"external_area_m2":0.006283185307179586,"moisture_mass_kg":0.06861238355440108,"oxygen_factor":1.0,"phase":"WET_WOOD","surface_exposure":1.0,"temperature_k":293.15,"volatile_potential_kg":0.0891960986207214,"volume_m3":0.0002199114857512855},{"ash_mass_kg":0.0,"char_mass_kg":0.0,"dry_wood_mass_kg":0.016336281798666922,"external_area_m2":0.0,"moisture_mass_kg":0.009801769079200153,"oxygen_factor":0.0,"phase":"WET_WOOD","surface_exposure":0.0,"temperature_k":293.15,"volatile_potential_kg":0.012742299802960199,"volume_m3":3.141592653589793e-05},{"ash_mass_kg":0.0,"char_mass_kg":0.0,"dry_wood_mass_kg":0.04900884539600077,"external_area_m2":0.0,"moisture_mass_kg":0.02940530723760046,"oxygen_factor":0.0,"phase":"WET_WOOD","surface_exposure":0.0,"temperature_k":293.15,"volatile_potential_kg":0.038226899408880605,"volume_m3":9.424777960769378e-05},{"ash_mass_kg":0.0,"char_mass_kg":0.0,"dry_wood_mass_kg":0.0816814089933346,"external_area_m2":0.0,"moisture_mass_kg":0.04900884539600076,"oxygen_factor":0.0,"phase":"WET_WOOD","surface_exposure":0.0,"temperature_k":293.15,"volatile_potential_kg":0.063711499014801,"volume_m3":0.00015707963267948963},{"ash_mass_kg":0.0,"char_mass_kg":0.0,"dry_wood_mass_kg":0.11435397259066847,"external_area_m2":0.006283185307179586,"moisture_mass_kg":0.06861238355440108,"oxygen_factor":1.0,"phase":"WET_WOOD","surface_exposure":1.0,"temperature_k":293.15,"volatile_potential_kg":0.0891960986207214,"volume_m3":0.0002199114857512855},{"ash_mass_kg":0.0,"char_mass_kg":0.0,"dry_wood_mass_kg":0.016336281798666922,"external_area_m2":0.0,"moisture_mass_kg":0.009801769079200153,"oxygen_factor":0.0,"phase":"WET_WOOD","surface_exposure":0.0,"temperature_k":293.15,"volatile_potential_kg":0.012742299802960199,"volume_m3":3.141592653589793e-05},{"ash_mass_kg":0.0,"char_mass_kg":0.0,"dry_wood_mass_kg":0.04900884539600077,"external_area_m2":0.0,"moisture_mass_kg":0.02940530723760046,"oxygen_factor":0.0,"phase":"WET_WOOD","surface_exposure":0.0,"temperature_k":293.15,"volatile_potential_kg":0.038226899408880605,"volume_m3":9.424777960769378e-05},{"ash_mass_kg":0.0,"char_mass_kg":0.0,"dry_wood_mass_kg":0.0816814089933346,"external_area_m2":0.0,"moisture_mass_kg":0.04900884539600076,"oxygen_factor":0.0,"phase":"WET_WOOD","surface_exposure":0.0,"temperature_k":293.15,"volatile_potential_kg":0.063711499014801,"volume_m3":0.00015707963267948963},{"ash_mass_kg":0.0,"char_mass_kg":0.0,"dry_wood_mass_kg":0.11435397259066847,"external_area_m2":0.006283185307179586,"moisture_mass_kg":0.06861238355440108,"oxygen_factor":1.0,"phase":"WET_WOOD","surface_exposure":1.0,"temperature_k":293.15,"volatile_potential_kg":0.0891960986207214,"volume_m3":0.0002199114857512855},{"ash_mass_kg":0.0,"char_mass_kg":0.0,"dry_wood_mass_kg":0.016336281798666922,"external_area_m2":0.0,"moisture_mass_kg":0.009801769079200153,"oxygen_factor":0.0,"phase":"WET_WOOD","surface_exposure":0.0,"temperature_k":293.15,"volatile_potential_kg":0.012742299802960199,"volume_m3":3.141592653589793e-05},{"ash_mass_kg":0.0,"char_mass_kg":0.0,"dry_wood_mass_kg":0.04900884539600077,"external_area_m2":0.0,"moisture_mass_kg":0.02940530723760046,"oxygen_factor":0.0,"phase":"WET_WOOD","surface_exposure":0.0,"temperature_k":293.15,"volatile_potential_kg":0.038226899408880605,"volume_m3":9.424777960769378e-05},{"ash_mass_kg":0.0,"char_mass_kg":0.0,"dry_wood_mass_kg":0.0816814089933346,"external_area_m2":0.0,"moisture_mass_kg":0.04900884539600076,"oxygen_factor":0.0,"phase":"WET_WOOD","surface_exposure":0.0,"temperature_k":293.15,"volatile_potential_kg":0.063711499014801,"volume_m3":0.00015707963267948963},{"ash_mass_kg":0.0,"char_mass_kg":0.0,"dry_wood_mass_kg":0.11435397259066847,"external_area_m2":0.006283185307179586,"moisture_mass_kg":0.06861238355440108,"oxygen_factor":1.0,"phase":"WET_WOOD","surface_exposure":1.0,"temperature_k":293.15,"volatile_potential_kg":0.0891960986207214,"volume_m3":0.0002199114857512855},{"ash_mass_kg":0.0,"char_mass_kg":0.0,"dry_wood_mass_kg":0.016336281798666922,"external_area_m2":0.0,"moisture_mass_kg":0.009801769079200153,"oxygen_factor":0.0,"phase":"WET_WOOD","surface_exposure":0.0,"temperature_k":293.15,"volatile_potential_kg":0.012742299802960199,"volume_m3":3.141592653589793e-05},{"ash_mass_kg":0.0,"char_mass_kg":0.0,"dry_wood_mass_kg":0.04900884539600077,"external_area_m2":0.0,"moisture_mass_kg":0.02940530723760046,"oxygen_factor":0.0,"phase":"WET_WOOD","surface_exposure":0.0,"temperature_k":293.15,"volatile_potential_kg":0.038226899408880605,"volume_m3":9.424777960769378e-05},{"ash_mass_kg":0.0,"char_mass_kg":0.0,"dry_wood_mass_kg":0.0816814089933346,"external_area_m2":0.0,"moisture_mass_kg":0.04900884539600076,"oxygen_factor":0.0,"phase":"WET_WOOD","surface_exposure":0.0,"temperature_k":293.15,"volatile_potential_kg":0.063711499014801,"volume_m3":0.00015707963267948963},{"ash_mass_kg":0.0,"char_mass_kg":0.0,"dry_wood_mass_kg":0.11435397259066847,"external_area_m2":0.006283185307179586,"moisture_mass_kg":0.06861238355440108,"oxygen_factor":1.0,"phase":"WET_WOOD","surface_exposure":1.0,"temperature_k":293.15,"volatile_potential_kg":0.0891960986207214,"volume_m3":0.0002199114857512855},{"ash_mass_kg":0.0,"char_mass_kg":0.0,"dry_wood_mass_kg":0.016336281798666922,"external_area_m2":0.0,"moisture_mass_kg":0.009801769079200153,"oxygen_factor":0.0,"phase":"WET_WOOD","surface_exposure":0.0,"temperature_k":293.15,"volatile_potential_kg":0.012742299802960199,"volume_m3":3.141592653589793e-05},{"ash_mass_kg":0.0,"char_mass_kg":0.0,"dry_wood_mass_kg":0.04900884539600077,"external_area_m2":0.0,"moisture_mass_kg":0.02940530723760046,"oxygen_factor":0.0,"phase":"WET_WOOD","surface_exposure":0.0,"temperature_k":293.15,"volatile_potential_kg":0.038226899408880605,"volume_m3":9.424777960769378e-05},{"ash_mass_kg":0.0,"char_mass_kg":0.0,"dry_wood_mass_kg":0.0816814089933346,"external_area_m2":0.0,"moisture_mass_kg":0.04900884539600076,"oxygen_factor":0.0,"phase":"WET_WOOD","surface_exposure":0.0,"temperature_k":293.15,"volatile_potential_kg":0.063711499014801,"volume_m3":0.00015707963267948963},{"ash_mass_kg":0.0,"char_mass_kg":0.0,"dry_wood_mass_kg":0.11435397259066847,"external_area_m2":0.006283185307179586,"moisture_mass_kg":0.06861238355440108,"oxygen_factor":1.0,"phase":"WET_WOOD","surface_exposure":1.0,"temperature_k":293.15,"volatile_potential_kg":0.0891960986207214,"volume_m3":0.0002199114857512855},{"ash_mass_kg":0.0,"char_mass_kg":0.0,"dry_wood_mass_kg":0.016336281798666922,"external_area_m2":0.0,"moisture_mass_kg":0.009801769079200153,"oxygen_factor":0.0,"phase":"WET_WOOD","surface_exposure":0.0,"temperature_k":293.15,"volatile_potential_kg":0.012742299802960199,"volume_m3":3.141592653589793e-05},{"ash_mass_kg":0.0,"char_mass_kg":0.0,"dry_wood_mass_kg":0.04900884539600077,"external_area_m2":0.0,"moisture_mass_kg":0.02940530723760046,"oxygen_factor":0.0,"phase":"WET_WOOD","surface_exposure":0.0,"temperature_k":293.15,"volatile_potential_kg":0.038226899408880605,"volume_m3":9.424777960769378e-05},{"ash_mass_kg":0.0,"char_mass_kg":0.0,"dry_wood_mass_kg":0.0816814089933346,"external_area_m2":0.0,"moisture_mass_kg":0.04900884539600076,"oxygen_factor":0.0,"phase":"WET_WOOD","surface_exposure":0.0,"temperature_k":293.15,"volatile_potential_kg":0.063711499014801,"volume_m3":0.00015707963267948963},{"ash_mass_kg":0.0,"char_mass_kg":0.0,"dry_wood_mass_kg":0.11435397259066847,"external_area_m2":0.006283185307179586,"moisture_mass_kg":0.06861238355440108,"oxygen_factor":1.0,"phase":"WET_WOOD","surface_exposure":1.0,"temperature_k":293.15,"volatile_potential_kg":0.0891960986207214,"volume_m3":0.0002199114857512855},{"ash_mass_kg":0.0,"char_mass_kg":0.0,"dry_wood_mass_kg":0.016336281798666922,"external_area_m2":0.0,"moisture_mass_kg":0.009801769079200153,"oxygen_factor":0.0,"phase":"WET_WOOD","surface_exposure":0.0,"temperature_k":293.15,"volatile_potential_kg":0.012742299802960199,"volume_m3":3.141592653589793e-05},{"ash_mass_kg":0.0,"char_mass_kg":0.0,"dry_wood_mass_kg":0.04900884539600077,"external_area_m2":0.0,"moisture_mass_kg":0.02940530723760046,"oxygen_factor":0.0,"phase":"WET_WOOD","surface_exposure":0.0,"temperature_k":293.15,"volatile_potential_kg":0.038226899408880605,"volume_m3":9.424777960769378e-05},{"ash_mass_kg":0.0,"char_mass_kg":0.0,"dry_wood_mass_kg":0.0816814089933346,"external_area_m2":0.0,"moisture_mass_kg":0.04900884539600076,"oxygen_factor":0.0,"phase":"WET_WOOD","surface_exposure":0.0,"temperature_k":293.15,"volatile_potential_kg":0.063711499014801,"volume_m3":0.00015707963267948963},{"ash_mass_kg":0.0,"char_mass_kg":0.0,"dry_wood_mass_kg":0.11435397259066847,"external_area_m2":0.006283185307179586,"moisture_mass_kg":0.06861238355440108,"oxygen_factor":1.0,"phase":"WET_WOOD","surface_exposure":1.0,"temperature_k":293.15,"volatile_potential_kg":0.0891960986207214,"volume_m3":0.0002199114857512855},{"ash_mass_kg":0.0,"char_mass_kg":0.0,"dry_wood_mass_kg":0.016336281798666922,"external_area_m2":0.0,"moisture_mass_kg":0.009801769079200153,"oxygen_factor":0.0,"phase":"WET_WOOD","surface_exposure":0.0,"temperature_k":293.15,"volatile_potential_kg":0.012742299802960199,"volume_m3":3.141592653589793e-05},{"ash_mass_kg":0.0,"char_mass_kg":0.0,"dry_wood_mass_kg":0.04900884539600077,"external_area_m2":0.0,"moisture_mass_kg":0.02940530723760046,"oxygen_factor":0.0,"phase":"WET_WOOD","surface_exposure":0.0,"temperature_k":293.15,"volatile_potential_kg":0.038226899408880605,"volume_m3":9.424777960769378e-05},{"ash_mass_kg":0.0,"char_mass_kg":0.0,"dry_wood_mass_kg":0.0816814089933346,"external_area_m2":0.0,"moisture_mass_kg":0.04900884539600076,"oxygen_factor":0.0,"phase":"WET_WOOD","surface_exposure":0.0,"temperature_k":293.15,"volatile_potential_kg":0.063711499014801,"volume_m3":0.00015707963267948963},{"ash_mass_kg":0.0,"char_mass_kg":0.0,"dry_wood_mass_kg":0.11435397259066847,"external_area_m2":0.006283185307179586,"moisture_mass_kg":0.06861238355440108,"oxygen_factor":1.0,"phase":"WET_WOOD","surface_exposure":1.0,"temperature_k":293.15,"volatile_potential_kg":0.0891960986207214,"volume_m3":0.0002199114857512855},{"ash_mass_kg":0.0,"char_mass_kg":0.0,"dry_wood_mass_kg":0.016336281798666922,"external_area_m2":0.0,"moisture_mass_kg":0.009801769079200153,"oxygen_factor":0.0,"phase":"WET_WOOD","surface_exposure":0.0,"temperature_k":293.15,"volatile_potential_kg":0.012742299802960199,"volume_m3":3.141592653589793e-05},{"ash_mass_kg":0.0,"char_mass_kg":0.0,"dry_wood_mass_kg":0.04900884539600077,"external_area_m2":0.0,"moisture_mass_kg":0.02940530723760046,"oxygen_factor":0.0,"phase":"WET_WOOD","surface_exposure":0.0,"temperature_k":293.15,"volatile_potential_kg":0.038226899408880605,"volume_m3":9.424777960769378e-05},{"ash_mass_kg":0.0,"char_mass_kg":0.0,"dry_wood_mass_kg":0.0816814089933346,"external_area_m2":0.0,"moisture_mass_kg":0.04900884539600076,"oxygen_factor":0.0,"phase":"WET_WOOD","surface_exposure":0.0,"temperature_k":293.15,"volatile_potential_kg":0.063711499014801,"volume_m3":0.00015707963267948963},{"ash_mass_kg":0.0,"char_mass_kg":0.0,"dry_wood_mass_kg":0.11435397259066847,"external_area_m2":0.006283185307179586,"moisture_mass_kg":0.06861238355440108,"oxygen_factor":1.0,"phase":"WET_WOOD","surface_exposure":1.0,"temperature_k":293.15,"volatile_potential_kg":0.0891960986207214,"volume_m3":0.0002199114857512855},{"ash_mass_kg":0.0,"char_mass_kg":0.0,"dry_wood_mass_kg":0.016336281798666922,"external_area_m2":0.0,"moisture_mass_kg":0.009801769079200153,"oxygen_factor":0.0,"phase":"WET_WOOD","surface_exposure":0.0,"temperature_k":293.15,"volatile_potential_kg":0.012742299802960199,"volume_m3":3.141592653589793e-05},{"ash_mass_kg":0.0,"char_mass_kg":0.0,"dry_wood_mass_kg":0.04900884539600077,"external_area_m2":0.0,"moisture_mass_kg":0.02940530723760046,"oxygen_factor":0.0,"phase":"WET_WOOD","surface_exposure":0.0,"temperature_k":293.15,"volatile_potential_kg":0.038226899408880605,"volume_m3":9.424777960769378e-05},{"ash_mass_kg":0.0,"char_mass_kg":0.0,"dry_wood_mass_kg":0.0816814089933346,"external_area_m2":0.0,"moisture_mass_kg":0.04900884539600076,"oxygen_factor":0.0,"phase":"WET_WOOD","surface_exposure":0.0,"temperature_k":293.15,"volatile_potential_kg":0.063711499014801,"volume_m3":0.00015707963267948963},{"ash_mass_kg":0.0,"char_mass_kg":0.0,"dry_wood_mass_kg":0.11435397259066847,"external_area_m2":0.006283185307179586,"moisture_mass_kg":0.06861238355440108,"oxygen_factor":1.0,"phase":"WET_WOOD","surface_exposure":1.0,"temperature_k":293.15,"volatile_potential_kg":0.0891960986207214,"volume_m3":0.0002199114857512855},{"ash_mass_kg":0.0,"char_mass_kg":0.0,"dry_wood_mass_kg":0.016336281798666922,"external_area_m2":0.0,"moisture_mass_kg":0.009801769079200153,"oxygen_factor":0.0,"phase":"WET_WOOD","surface_exposure":0.0,"temperature_k":293.15,"volatile_potential_kg":0.012742299802960199,"volume_m3":3.141592653589793e-05},{"ash_mass_kg":0.0,"char_mass_kg":0.0,"dry_wood_mass_kg":0.04900884539600077,"external_area_m2":0.0,"moisture_mass_kg":0.02940530723760046,"oxygen_factor":0.0,"phase":"WET_WOOD","surface_exposure":0.0,"temperature_k":293.15,"volatile_potential_kg":0.038226899408880605,"volume_m3":9.424777960769378e-05},{"ash_mass_kg":0.0,"char_mass_kg":0.0,"dry_wood_mass_kg":0.0816814089933346,"external_area_m2":0.0,"moisture_mass_kg":0.04900884539600076,"oxygen_factor":0.0,"phase":"WET_WOOD","surface_exposure":0.0,"temperature_k":293.15,"volatile_potential_kg":0.063711499014801,"volume_m3":0.00015707963267948963},{"ash_mass_kg":0.0,"char_mass_kg":0.0,"dry_wood_mass_kg":0.11435397259066847,"external_area_m2":0.006283185307179586,"moisture_mass_kg":0.06861238355440108,"oxygen_factor":1.0,"phase":"WET_WOOD","surface_exposure":1.0,"temperature_k":293.15,"volatile_potential_kg":0.0891960986207214,"volume_m3":0.0002199114857512855},{"ash_mass_kg":0.0,"char_mass_kg":0.0,"dry_wood_mass_kg":0.016336281798666922,"external_area_m2":0.0,"moisture_mass_kg":0.009801769079200153,"oxygen_factor":0.0,"phase":"WET_WOOD","surface_exposure":0.0,"temperature_k":293.15,"volatile_potential_kg":0.012742299802960199,"volume_m3":3.141592653589793e-05},{"ash_mass_kg":0.0,"char_mass_kg":0.0,"dry_wood_mass_kg":0.04900884539600077,"external_area_m2":0.0,"moisture_mass_kg":0.02940530723760046,"oxygen_factor":0.0,"phase":"WET_WOOD","surface_exposure":0.0,"temperature_k":293.15,"volatile_potential_kg":0.038226899408880605,"volume_m3":9.424777960769378e-05},{"ash_mass_kg":0.0,"char_mass_kg":0.0,"dry_wood_mass_kg":0.0816814089933346,"external_area_m2":0.0,"moisture_mass_kg":0.04900884539600076,"oxygen_factor":0.0,"phase":"WET_WOOD","surface_exposure":0.0,"temperature_k":293.15,"volatile_potential_kg":0.063711499014801,"volume_m3":0.00015707963267948963},{"ash_mass_kg":0.0,"char_mass_kg":0.0,"dry_wood_mass_kg":0.11435397259066847,"external_area_m2":0.006283185307179586,"moisture_mass_kg":0.06861238355440108,"oxygen_factor":1.0,"phase":"WET_WOOD","surface_exposure":1.0,"temperature_k":293.15,"volatile_potential_kg":0.0891960986207214,"volume_m3":0.0002199114857512855},{"ash_mass_kg":0.0,"char_mass_kg":0.0,"dry_wood_mass_kg":0.016336281798666922,"external_area_m2":0.0,"moisture_mass_kg":0.009801769079200153,"oxygen_factor":0.0,"phase":"WET_WOOD","surface_exposure":0.0,"temperature_k":293.15,"volatile_potential_kg":0.012742299802960199,"volume_m3":3.141592653589793e-05},{"ash_mass_kg":0.0,"char_mass_kg":0.0,"dry_wood_mass_kg":0.04900884539600077,"external_area_m2":0.0,"moisture_mass_kg":0.02940530723760046,"oxygen_factor":0.0,"phase":"WET_WOOD","surface_exposure":0.0,"temperature_k":293.15,"volatile_potential_kg":0.038226899408880605,"volume_m3":9.424777960769378e-05},{"ash_mass_kg":0.0,"char_mass_kg":0.0,"dry_wood_mass_kg":0.0816814089933346,"external_area_m2":0.0,"moisture_mass_kg":0.04900884539600076,"oxygen_factor":0.0,"phase":"WET_WOOD","surface_exposure":0.0,"temperature_k":293.15,"volatile_potential_kg":0.063711499014801,"volume_m3":0.00015707963267948963},{"ash_mass_kg":0.0,"char_mass_kg":0.0,"dry_wood_mass_kg":0.11435397259066847,"external_area_m2":0.006283185307179586,"moisture_mass_kg":0.06861238355440108,"oxygen_factor":1.0,"phase":"WET_WOOD","surface_exposure":1.0,"temperature_k":293.15,"volatile_potential_kg":0.0891960986207214,"volume_m3":0.0002199114857512855},{"ash_mass_kg":0.0,"char_mass_kg":0.0,"dry_wood_mass_kg":0.016336281798666922,"external_area_m2":0.0,"moisture_mass_kg":0.009801769079200153,"oxygen_factor":0.0,"phase":"WET_WOOD","surface_exposure":0.0,"temperature_k":293.15,"volatile_potential_kg":0.012742299802960199,"volume_m3":3.141592653589793e-05},{"ash_mass_kg":0.0,"char_mass_kg":0.0,"dry_wood_mass_kg":0.04900884539600077,"external_area_m2":0.0,"moisture_mass_kg":0.02940530723760046,"oxygen_factor":0.0,"phase":"WET_WOOD","surface_exposure":0.0,"temperature_k":293.15,"volatile_potential_kg":0.038226899408880605,"volume_m3":9.424777960769378e-05},{"ash_mass_kg":0.0,"char_mass_kg":0.0,"dry_wood_mass_kg":0.0816814089933346,"external_area_m2":0.0,"moisture_mass_kg":0.04900884539600076,"oxygen_factor":0.0,"phase":"WET_WOOD","surface_exposure":0.0,"temperature_k":293.15,"volatile_potential_kg":0.063711499014801,"volume_m3":0.00015707963267948963},{"ash_mass_kg":0.0,"char_mass_kg":0.0,"dry_wood_mass_kg":0.11435397259066847,"external_area_m2":0.006283185307179586,"moisture_mass_kg":0.06861238355440108,"oxygen_factor":1.0,"phase":"WET_WOOD","surface_exposure":1.0,"temperature_k":293.15,"volatile_potential_kg":0.0891960986207214,"volume_m3":0.0002199114857512855},{"ash_mass_kg":0.0,"char_mass_kg":0.0,"dry_wood_mass_kg":0.016336281798666922,"external_area_m2":0.0,"moisture_mass_kg":0.009801769079200153,"oxygen_factor":0.0,"phase":"WET_WOOD","surface_exposure":0.0,"temperature_k":293.15,"volatile_potential_kg":0.012742299802960199,"volume_m3":3.141592653589793e-05},{"ash_mass_kg":0.0,"char_mass_kg":0.0,"dry_wood_mass_kg":0.04900884539600077,"external_area_m2":0.0,"moisture_mass_kg":0.02940530723760046,"oxygen_factor":0.0,"phase":"WET_WOOD","surface_exposure":0.0,"temperature_k":293.15,"volatile_potential_kg":0.038226899408880605,"volume_m3":9.424777960769378e-05},{"ash_mass_kg":0.0,"char_mass_kg":0.0,"dry_wood_mass_kg":0.0816814089933346,"external_area_m2":0.0,"moisture_mass_kg":0.04900884539600076,"oxygen_factor":0.0,"phase":"WET_WOOD","surface_exposure":0.0,"temperature_k":293.15,"volatile_potential_kg":0.063711499014801,"volume_m3":0.00015707963267948963},{"ash_mass_kg":0.0,"char_mass_kg":0.0,"dry_wood_mass_kg":0.11435397259066847,"external_area_m2":0.006283185307179586,"moisture_mass_kg":0.06861238355440108,"oxygen_factor":1.0,"phase":"WET_WOOD","surface_exposure":1.0,"temperature_k":293.15,"volatile_potential_kg":0.0891960986207214,"volume_m3":0.0002199114857512855},{"ash_mass_kg":0.0,"char_mass_kg":0.0,"dry_wood_mass_kg":0.016336281798666922,"external_area_m2":0.0,"moisture_mass_kg":0.009801769079200153,"oxygen_factor":0.0,"phase":"WET_WOOD","surface_exposure":0.0,"temperature_k":293.15,"volatile_potential_kg":0.012742299802960199,"volume_m3":3.141592653589793e-05},{"ash_mass_kg":0.0,"char_mass_kg":0.0,"dry_wood_mass_kg":0.04900884539600077,"external_area_m2":0.0,"moisture_mass_kg":0.02940530723760046,"oxygen_factor":0.0,"phase":"WET_WOOD","surface_exposure":0.0,"temperature_k":293.15,"volatile_potential_kg":0.038226899408880605,"volume_m3":9.424777960769378e-05},{"ash_mass_kg":0.0,"char_mass_kg":0.0,"dry_wood_mass_kg":0.0816814089933346,"external_area_m2":0.0,"moisture_mass_kg":0.04900884539600076,"oxygen_factor":0.0,"phase":"WET_WOOD","surface_exposure":0.0,"temperature_k":293.15,"volatile_potential_kg":0.063711499014801,"volume_m3":0.00015707963267948963},{"ash_mass_kg":0.0,"char_mass_kg":0.0,"dry_wood_mass_kg":0.11435397259066847,"external_area_m2":0.006283185307179586,"moisture_mass_kg":0.06861238355440108,"oxygen_factor":1.0,"phase":"WET_WOOD","surface_exposure":1.0,"temperature_k":293.15,"volatile_potential_kg":0.0891960986207214,"volume_m3":0.0002199114857512855},{"ash_mass_kg":0.0,"char_mass_kg":0.0,"dry_wood_mass_kg":0.016336281798666922,"external_area_m2":0.0,"moisture_mass_kg":0.009801769079200153,"oxygen_factor":0.0,"phase":"WET_WOOD","surface_exposure":0.0,"temperature_k":293.15,"volatile_potential_kg":0.012742299802960199,"volume_m3":3.141592653589793e-05},{"ash_mass_kg":0.0,"char_mass_kg":0.0,"dry_wood_mass_kg":0.04900884539600077,"external_area_m2":0.0,"moisture_mass_kg":0.02940530723760046,"oxygen_factor":0.0,"phase":"WET_WOOD","surface_exposure":0.0,"temperature_k":293.15,"volatile_potential_kg":0.038226899408880605,"volume_m3":9.424777960769378e-05},{"ash_mass_kg":0.0,"char_mass_kg":0.0,"dry_wood_mass_kg":0.0816814089933346,"external_area_m2":0.0,"moisture_mass_kg":0.04900884539600076,"oxygen_factor":0.0,"phase":"WET_WOOD","surface_exposure":0.0,"temperature_k":293.15,"volatile_potential_kg":0.063711499014801,"volume_m3":0.00015707963267948963},{"ash_mass_kg":0.0,"char_mass_kg":0.0,"dry_wood_mass_kg":0.11435397259066847,"external_area_m2":0.006283185307179586,"moisture_mass_kg":0.06861238355440108,"oxygen_factor":1.0,"phase":"WET_WOOD","surface_exposure":1.0,"temperature_k":293.15,"volatile_potential_kg":0.0891960986207214,"volume_m3":0.0002199114857512855},{"ash_mass_kg":0.0,"char_mass_kg":0.0,"dry_wood_mass_kg":0.016336281798666922,"external_area_m2":0.0,"moisture_mass_kg":0.009801769079200153,"oxygen_factor":0.0,"phase":"WET_WOOD","surface_exposure":0.0,"temperature_k":293.15,"volatile_potential_kg":0.012742299802960199,"volume_m3":3.141592653589793e-05},{"ash_mass_kg":0.0,"char_mass_kg":0.0,"dry_wood_mass_kg":0.04900884539600077,"external_area_m2":0.0,"moisture_mass_kg":0.02940530723760046,"oxygen_factor":0.0,"phase":"WET_WOOD","surface_exposure":0.0,"temperature_k":293.15,"volatile_potential_kg":0.038226899408880605,"volume_m3":9.424777960769378e-05},{"ash_mass_kg":0.0,"char_mass_kg":0.0,"dry_wood_mass_kg":0.0816814089933346,"external_area_m2":0.0,"moisture_mass_kg":0.04900884539600076,"oxygen_factor":0.0,"phase":"WET_WOOD","surface_exposure":0.0,"temperature_k":293.15,"volatile_potential_kg":0.063711499014801,"volume_m3":0.00015707963267948963},{"ash_mass_kg":0.0,"char_mass_kg":0.0,"dry_wood_mass_kg":0.11435397259066847,"external_area_m2":0.006283185307179586,"moisture_mass_kg":0.06861238355440108,"oxygen_factor":1.0,"phase":"WET_WOOD","surface_exposure":1.0,"temperature_k":293.15,"volatile_potential_kg":0.0891960986207214,"volume_m3":0.0002199114857512855},{"ash_mass_kg":0.0,"char_mass_kg":0.0,"dry_wood_mass_kg":0.016336281798666922,"external_area_m2":0.0,"moisture_mass_kg":0.009801769079200153,"oxygen_factor":0.0,"phase":"WET_WOOD","surface_exposure":0.0,"temperature_k":293.15,"volatile_potential_kg":0.012742299802960199,"volume_m3":3.141592653589793e-05},{"ash_mass_kg":0.0,"char_mass_kg":0.0,"dry_wood_mass_kg":0.04900884539600077,"external_area_m2":0.0,"moisture_mass_kg":0.02940530723760046,"oxygen_factor":0.0,"phase":"WET_WOOD","surface_exposure":0.0,"temperature_k":293.15,"volatile_potential_kg":0.038226899408880605,"volume_m3":9.424777960769378e-05},{"ash_mass_kg":0.0,"char_mass_kg":0.0,"dry_wood_mass_kg":0.0816814089933346,"external_area_m2":0.0,"moisture_mass_kg":0.04900884539600076,"oxygen_factor":0.0,"phase":"WET_WOOD","surface_exposure":0.0,"temperature_k":293.15,"volatile_potential_kg":0.063711499014801,"volume_m3":0.00015707963267948963},{"ash_mass_kg":0.0,"char_mass_kg":0.0,"dry_wood_mass_kg":0.11435397259066847,"external_area_m2":0.006283185307179586,"moisture_mass_kg":0.06861238355440108,"oxygen_factor":1.0,"phase":"WET_WOOD","surface_exposure":1.0,"temperature_k":293.15,"volatile_potential_kg":0.0891960986207214,"volume_m3":0.0002199114857512855},{"ash_mass_kg":0.0,"char_mass_kg":0.0,"dry_wood_mass_kg":0.016336281798666922,"external_area_m2":0.0,"moisture_mass_kg":0.009801769079200153,"oxygen_factor":0.0,"phase":"WET_WOOD","surface_exposure":0.0,"temperature_k":293.15,"volatile_potential_kg":0.012742299802960199,"volume_m3":3.141592653589793e-05},{"ash_mass_kg":0.0,"char_mass_kg":0.0,"dry_wood_mass_kg":0.04900884539600077,"external_area_m2":0.0,"moisture_mass_kg":0.02940530723760046,"oxygen_factor":0.0,"phase":"WET_WOOD","surface_exposure":0.0,"temperature_k":293.15,"volatile_potential_kg":0.038226899408880605,"volume_m3":9.424777960769378e-05},{"ash_mass_kg":0.0,"char_mass_kg":0.0,"dry_wood_mass_kg":0.0816814089933346,"external_area_m2":0.0,"moisture_mass_kg":0.04900884539600076,"oxygen_factor":0.0,"phase":"WET_WOOD","surface_exposure":0.0,"temperature_k":293.15,"volatile_potential_kg":0.063711499014801,"volume_m3":0.00015707963267948963},{"ash_mass_kg":0.0,"char_mass_kg":0.0,"dry_wood_mass_kg":0.11435397259066847,"external_area_m2":0.006283185307179586,"moisture_mass_kg":0.06861238355440108,"oxygen_factor":1.0,"phase":"WET_WOOD","surface_exposure":1.0,"temperature_k":293.15,"volatile_potential_kg":0.0891960986207214,"volume_m3":0.0002199114857512855},{"ash_mass_kg":0.0,"char_mass_kg":0.0,"dry_wood_mass_kg":0.016336281798666922,"external_area_m2":0.0,"moisture_mass_kg":0.009801769079200153,"oxygen_factor":0.0,"phase":"WET_WOOD","surface_exposure":0.0,"temperature_k":293.15,"volatile_potential_kg":0.012742299802960199,"volume_m3":3.141592653589793e-05},{"ash_mass_kg":0.0,"char_mass_kg":0.0,"dry_wood_mass_kg":0.04900884539600077,"external_area_m2":0.0,"moisture_mass_kg":0.02940530723760046,"oxygen_factor":0.0,"phase":"WET_WOOD","surface_exposure":0.0,"temperature_k":293.15,"volatile_potential_kg":0.038226899408880605,"volume_m3":9.424777960769378e-05},{"ash_mass_kg":0.0,"char_mass_kg":0.0,"dry_wood_mass_kg":0.0816814089933346,"external_area_m2":0.0,"moisture_mass_kg":0.04900884539600076,"oxygen_factor":0.0,"phase":"WET_WOOD","surface_exposure":0.0,"temperature_k":293.15,"volatile_potential_kg":0.063711499014801,"volume_m3":0.00015707963267948963},{"ash_mass_kg":0.0,"char_mass_kg":0.0,"dry_wood_mass_kg":0.11435397259066847,"external_area_m2":0.006283185307179586,"moisture_mass_kg":0.06861238355440108,"oxygen_factor":1.0,"phase":"WET_WOOD","surface_exposure":1.0,"temperature_k":293.15,"volatile_potential_kg":0.0891960986207214,"volume_m3":0.0002199114857512855},{"ash_mass_kg":0.0,"char_mass_kg":0.0,"dry_wood_mass_kg":0.016336281798666922,"external_area_m2":0.0,"moisture_mass_kg":0.009801769079200153,"oxygen_factor":0.0,"phase":"WET_WOOD","surface_exposure":0.0,"temperature_k":293.15,"volatile_potential_kg":0.012742299802960199,"volume_m3":3.141592653589793e-05},{"ash_mass_kg":0.0,"char_mass_kg":0.0,"dry_wood_mass_kg":0.04900884539600077,"external_area_m2":0.0,"moisture_mass_kg":0.02940530723760046,"oxygen_factor":0.0,"phase":"WET_WOOD","surface_exposure":0.0,"temperature_k":293.15,"volatile_potential_kg":0.038226899408880605,"volume_m3":9.424777960769378e-05},{"ash_mass_kg":0.0,"char_mass_kg":0.0,"dry_wood_mass_kg":0.0816814089933346,"external_area_m2":0.0,"moisture_mass_kg":0.04900884539600076,"oxygen_factor":0.0,"phase":"WET_WOOD","surface_exposure":0.0,"temperature_k":293.15,"volatile_potential_kg":0.063711499014801,"volume_m3":0.00015707963267948963},{"ash_mass_kg":0.0,"char_mass_kg":0.0,"dry_wood_mass_kg":0.11435397259066847,"external_area_m2":0.006283185307179586,"moisture_mass_kg":0.06861238355440108,"oxygen_factor":1.0,"phase":"WET_WOOD","surface_exposure":1.0,"temperature_k":293.15,"volatile_potential_kg":0.0891960986207214,"volume_m3":0.0002199114857512855},{"ash_mass_kg":0.0,"char_mass_kg":0.0,"dry_wood_mass_kg":0.016336281798666922,"external_area_m2":0.0,"moisture_mass_kg":0.009801769079200153,"oxygen_factor":0.0,"phase":"WET_WOOD","surface_exposure":0.0,"temperature_k":293.15,"volatile_potential_kg":0.012742299802960199,"volume_m3":3.141592653589793e-05},{"ash_mass_kg":0.0,"char_mass_kg":0.0,"dry_wood_mass_kg":0.04900884539600077,"external_area_m2":0.0,"moisture_mass_kg":0.02940530723760046,"oxygen_factor":0.0,"phase":"WET_WOOD","surface_exposure":0.0,"temperature_k":293.15,"volatile_potential_kg":0.038226899408880605,"volume_m3":9.424777960769378e-05},{"ash_mass_kg":0.0,"char_mass_kg":0.0,"dry_wood_mass_kg":0.0816814089933346,"external_area_m2":0.0,"moisture_mass_kg":0.04900884539600076,"oxygen_factor":0.0,"phase":"WET_WOOD","surface_exposure":0.0,"temperature_k":293.15,"volatile_potential_kg":0.063711499014801,"volume_m3":0.00015707963267948963},{"ash_mass_kg":0.0,"char_mass_kg":0.0,"dry_wood_mass_kg":0.11435397259066847,"external_area_m2":0.006283185307179586,"moisture_mass_kg":0.06861238355440108,"oxygen_factor":1.0,"phase":"WET_WOOD","surface_exposure":1.0,"temperature_k":293.15,"volatile_potential_kg":0.0891960986207214,"volume_m3":0.0002199114857512855},{"ash_mass_kg":0.0,"char_mass_kg":0.0,"dry_wood_mass_kg":0.016336281798666922,"external_area_m2":0.0,"moisture_mass_kg":0.009801769079200153,"oxygen_factor":0.0,"phase":"WET_WOOD","surface_exposure":0.0,"temperature_k":293.15,"volatile_potential_kg":0.012742299802960199,"volume_m3":3.141592653589793e-05},{"ash_mass_kg":0.0,"char_mass_kg":0.0,"dry_wood_mass_kg":0.04900884539600077,"external_area_m2":0.0,"moisture_mass_kg":0.02940530723760046,"oxygen_factor":0.0,"phase":"WET_WOOD","surface_exposure":0.0,"temperature_k":293.15,"volatile_potential_kg":0.038226899408880605,"volume_m3":9.424777960769378e-05},{"ash_mass_kg":0.0,"char_mass_kg":0.0,"dry_wood_mass_kg":0.0816814089933346,"external_area_m2":0.0,"moisture_mass_kg":0.04900884539600076,"oxygen_factor":0.0,"phase":"WET_WOOD","surface_exposure":0.0,"temperature_k":293.15,"volatile_potential_kg":0.063711499014801,"volume_m3":0.00015707963267948963},{"ash_mass_kg":0.0,"char_mass_kg":0.0,"dry_wood_mass_kg":0.11435397259066847,"external_area_m2":0.006283185307179586,"moisture_mass_kg":0.06861238355440108,"oxygen_factor":1.0,"phase":"WET_WOOD","surface_exposure":1.0,"temperature_k":293.15,"volatile_potential_kg":0.0891960986207214,"volume_m3":0.0002199114857512855},{"ash_mass_kg":0.0,"char_mass_kg":0.0,"dry_wood_mass_kg":0.016336281798666922,"external_area_m2":0.0,"moisture_mass_kg":0.009801769079200153,"oxygen_factor":0.0,"phase":"WET_WOOD","surface_exposure":0.0,"temperature_k":293.15,"volatile_potential_kg":0.012742299802960199,"volume_m3":3.141592653589793e-05},{"ash_mass_kg":0.0,"char_mass_kg":0.0,"dry_wood_mass_kg":0.04900884539600077,"external_area_m2":0.0,"moisture_mass_kg":0.02940530723760046,"oxygen_factor":0.0,"phase":"WET_WOOD","surface_exposure":0.0,"temperature_k":293.15,"volatile_potential_kg":0.038226899408880605,"volume_m3":9.424777960769378e-05},{"ash_mass_kg":0.0,"char_mass_kg":0.0,"dry_wood_mass_kg":0.0816814089933346,"external_area_m2":0.0,"moisture_mass_kg":0.04900884539600076,"oxygen_factor":0.0,"phase":"WET_WOOD","surface_exposure":0.0,"temperature_k":293.15,"volatile_potential_kg":0.063711499014801,"volume_m3":0.00015707963267948963},{"ash_mass_kg":0.0,"char_mass_kg":0.0,"dry_wood_mass_kg":0.11435397259066847,"external_area_m2":0.006283185307179586,"moisture_mass_kg":0.06861238355440108,"oxygen_factor":1.0,"phase":"WET_WOOD","surface_exposure":1.0,"temperature_k":293.15,"volatile_potential_kg":0.0891960986207214,"volume_m3":0.0002199114857512855},{"ash_mass_kg":0.0,"char_mass_kg":0.0,"dry_wood_mass_kg":0.016336281798666922,"external_area_m2":0.0,"moisture_mass_kg":0.009801769079200153,"oxygen_factor":0.0,"phase":"WET_WOOD","surface_exposure":0.0,"temperature_k":293.15,"volatile_potential_kg":0.012742299802960199,"volume_m3":3.141592653589793e-05},{"ash_mass_kg":0.0,"char_mass_kg":0.0,"dry_wood_mass_kg":0.04900884539600077,"external_area_m2":0.0,"moisture_mass_kg":0.02940530723760046,"oxygen_factor":0.0,"phase":"WET_WOOD","surface_exposure":0.0,"temperature_k":293.15,"volatile_potential_kg":0.038226899408880605,"volume_m3":9.424777960769378e-05},{"ash_mass_kg":0.0,"char_mass_kg":0.0,"dry_wood_mass_kg":0.0816814089933346,"external_area_m2":0.0,"moisture_mass_kg":0.04900884539600076,"oxygen_factor":0.0,"phase":"WET_WOOD","surface_exposure":0.0,"temperature_k":293.15,"volatile_potential_kg":0.063711499014801,"volume_m3":0.00015707963267948963},{"ash_mass_kg":0.0,"char_mass_kg":0.0,"dry_wood_mass_kg":0.11435397259066847,"external_area_m2":0.006283185307179586,"moisture_mass_kg":0.06861238355440108,"oxygen_factor":1.0,"phase":"WET_WOOD","surface_exposure":1.0,"temperature_k":293.15,"volatile_potential_kg":0.0891960986207214,"volume_m3":0.0002199114857512855},{"ash_mass_kg":0.0,"char_mass_kg":0.0,"dry_wood_mass_kg":0.016336281798666922,"external_area_m2":0.0,"moisture_mass_kg":0.009801769079200153,"oxygen_factor":0.0,"phase":"WET_WOOD","surface_exposure":0.0,"temperature_k":293.15,"volatile_potential_kg":0.012742299802960199,"volume_m3":3.141592653589793e-05},{"ash_mass_kg":0.0,"char_mass_kg":0.0,"dry_wood_mass_kg":0.04900884539600077,"external_area_m2":0.0,"moisture_mass_kg":0.02940530723760046,"oxygen_factor":0.0,"phase":"WET_WOOD","surface_exposure":0.0,"temperature_k":293.15,"volatile_potential_kg":0.038226899408880605,"volume_m3":9.424777960769378e-05},{"ash_mass_kg":0.0,"char_mass_kg":0.0,"dry_wood_mass_kg":0.0816814089933346,"external_area_m2":0.0,"moisture_mass_kg":0.04900884539600076,"oxygen_factor":0.0,"phase":"WET_WOOD","surface_exposure":0.0,"temperature_k":293.15,"volatile_potential_kg":0.063711499014801,"volume_m3":0.00015707963267948963},{"ash_mass_kg":0.0,"char_mass_kg":0.0,"dry_wood_mass_kg":0.11435397259066847,"external_area_m2":0.006283185307179586,"moisture_mass_kg":0.06861238355440108,"oxygen_factor":1.0,"phase":"WET_WOOD","surface_exposure":1.0,"temperature_k":293.15,"volatile_potential_kg":0.0891960986207214,"volume_m3":0.0002199114857512855},{"ash_mass_kg":0.0,"char_mass_kg":0.0,"dry_wood_mass_kg":0.016336281798666922,"external_area_m2":0.0,"moisture_mass_kg":0.009801769079200153,"oxygen_factor":0.0,"phase":"WET_WOOD","surface_exposure":0.0,"temperature_k":293.15,"volatile_potential_kg":0.012742299802960199,"volume_m3":3.141592653589793e-05},{"ash_mass_kg":0.0,"char_mass_kg":0.0,"dry_wood_mass_kg":0.04900884539600077,"external_area_m2":0.0,"moisture_mass_kg":0.02940530723760046,"oxygen_factor":0.0,"phase":"WET_WOOD","surface_exposure":0.0,"temperature_k":293.15,"volatile_potential_kg":0.038226899408880605,"volume_m3":9.424777960769378e-05},{"ash_mass_kg":0.0,"char_mass_kg":0.0,"dry_wood_mass_kg":0.0816814089933346,"external_area_m2":0.0,"moisture_mass_kg":0.04900884539600076,"oxygen_factor":0.0,"phase":"WET_WOOD","surface_exposure":0.0,"temperature_k":293.15,"volatile_potential_kg":0.063711499014801,"volume_m3":0.00015707963267948963},{"ash_mass_kg":0.0,"char_mass_kg":0.0,"dry_wood_mass_kg":0.11435397259066847,"external_area_m2":0.006283185307179586,"moisture_mass_kg":0.06861238355440108,"oxygen_factor":1.0,"phase":"WET_WOOD","surface_exposure":1.0,"temperature_k":293.15,"volatile_potential_kg":0.0891960986207214,"volume_m3":0.0002199114857512855},{"ash_mass_kg":0.0,"char_mass_kg":0.0,"dry_wood_mass_kg":0.016336281798666922,"external_area_m2":0.0,"moisture_mass_kg":0.009801769079200153,"oxygen_factor":0.0,"phase":"WET_WOOD","surface_exposure":0.0,"temperature_k":293.15,"volatile_potential_kg":0.012742299802960199,"volume_m3":3.141592653589793e-05},{"ash_mass_kg":0.0,"char_mass_kg":0.0,"dry_wood_mass_kg":0.04900884539600077,"external_area_m2":0.0,"moisture_mass_kg":0.02940530723760046,"oxygen_factor":0.0,"phase":"WET_WOOD","surface_exposure":0.0,"temperature_k":293.15,"volatile_potential_kg":0.038226899408880605,"volume_m3":9.424777960769378e-05},{"ash_mass_kg":0.0,"char_mass_kg":0.0,"dry_wood_mass_kg":0.0816814089933346,"external_area_m2":0.0,"moisture_mass_kg":0.04900884539600076,"oxygen_factor":0.0,"phase":"WET_WOOD","surface_exposure":0.0,"temperature_k":293.15,"volatile_potential_kg":0.063711499014801,"volume_m3":0.00015707963267948963},{"ash_mass_kg":0.0,"char_mass_kg":0.0,"dry_wood_mass_kg":0.11435397259066847,"external_area_m2":0.006283185307179586,"moisture_mass_kg":0.06861238355440108,"oxygen_factor":1.0,"phase":"WET_WOOD","surface_exposure":1.0,"temperature_k":293.15,"volatile_potential_kg":0.0891960986207214,"volume_m3":0.0002199114857512855},{"ash_mass_kg":0.0,"char_mass_kg":0.0,"dry_wood_mass_kg":0.016336281798666922,"external_area_m2":0.0,"moisture_mass_kg":0.009801769079200153,"oxygen_factor":0.0,"phase":"WET_WOOD","surface_exposure":0.0,"temperature_k":293.15,"volatile_potential_kg":0.012742299802960199,"volume_m3":3.141592653589793e-05},{"ash_mass_kg":0.0,"char_mass_kg":0.0,"dry_wood_mass_kg":0.04900884539600077,"external_area_m2":0.0,"moisture_mass_kg":0.02940530723760046,"oxygen_factor":0.0,"phase":"WET_WOOD","surface_exposure":0.0,"temperature_k":293.15,"volatile_potential_kg":0.038226899408880605,"volume_m3":9.424777960769378e-05},{"ash_mass_kg":0.0,"char_mass_kg":0.0,"dry_wood_mass_kg":0.0816814089933346,"external_area_m2":0.0,"moisture_mass_kg":0.04900884539600076,"oxygen_factor":0.0,"phase":"WET_WOOD","surface_exposure":0.0,"temperature_k":293.15,"volatile_potential_kg":0.063711499014801,"volume_m3":0.00015707963267948963},{"ash_mass_kg":0.0,"char_mass_kg":0.0,"dry_wood_mass_kg":0.11435397259066847,"external_area_m2":0.006283185307179586,"moisture_mass_kg":0.06861238355440108,"oxygen_factor":1.0,"phase":"WET_WOOD","surface_exposure":1.0,"temperature_k":293.15,"volatile_potential_kg":0.0891960986207214,"volume_m3":0.0002199114857512855},{"ash_mass_kg":0.0,"char_mass_kg":0.0,"dry_wood_mass_kg":0.016336281798666922,"external_area_m2":0.0,"moisture_mass_kg":0.009801769079200153,"oxygen_factor":0.0,"phase":"WET_WOOD","surface_exposure":0.0,"temperature_k":293.15,"volatile_potential_kg":0.012742299802960199,"volume_m3":3.141592653589793e-05},{"ash_mass_kg":0.0,"char_mass_kg":0.0,"dry_wood_mass_kg":0.04900884539600077,"external_area_m2":0.0,"moisture_mass_kg":0.02940530723760046,"oxygen_factor":0.0,"phase":"WET_WOOD","surface_exposure":0.0,"temperature_k":293.15,"volatile_potential_kg":0.038226899408880605,"volume_m3":9.424777960769378e-05},{"ash_mass_kg":0.0,"char_mass_kg":0.0,"dry_wood_mass_kg":0.0816814089933346,"external_area_m2":0.0,"moisture_mass_kg":0.04900884539600076,"oxygen_factor":0.0,"phase":"WET_WOOD","surface_exposure":0.0,"temperature_k":293.15,"volatile_potential_kg":0.063711499014801,"volume_m3":0.00015707963267948963},{"ash_mass_kg":0.0,"char_mass_kg":0.0,"dry_wood_mass_kg":0.11435397259066847,"external_area_m2":0.006283185307179586,"moisture_mass_kg":0.06861238355440108,"oxygen_factor":1.0,"phase":"WET_WOOD","surface_exposure":1.0,"temperature_k":293.15,"volatile_potential_kg":0.0891960986207214,"volume_m3":0.0002199114857512855},{"ash_mass_kg":0.0,"char_mass_kg":0.0,"dry_wood_mass_kg":0.016336281798666922,"external_area_m2":0.0,"moisture_mass_kg":0.009801769079200153,"oxygen_factor":0.0,"phase":"WET_WOOD","surface_exposure":0.0,"temperature_k":293.15,"volatile_potential_kg":0.012742299802960199,"volume_m3":3.141592653589793e-05},{"ash_mass_kg":0.0,"char_mass_kg":0.0,"dry_wood_mass_kg":0.04900884539600077,"external_area_m2":0.0,"moisture_mass_kg":0.02940530723760046,"oxygen_factor":0.0,"phase":"WET_WOOD","surface_exposure":0.0,"temperature_k":293.15,"volatile_potential_kg":0.038226899408880605,"volume_m3":9.424777960769378e-05},{"ash_mass_kg":0.0,"char_mass_kg":0.0,"dry_wood_mass_kg":0.0816814089933346,"external_area_m2":0.0,"moisture_mass_kg":0.04900884539600076,"oxygen_factor":0.0,"phase":"WET_WOOD","surface_exposure":0.0,"temperature_k":293.15,"volatile_potential_kg":0.063711499014801,"volume_m3":0.00015707963267948963},{"ash_mass_kg":0.0,"char_mass_kg":0.0,"dry_wood_mass_kg":0.11435397259066847,"external_area_m2":0.006283185307179586,"moisture_mass_kg":0.06861238355440108,"oxygen_factor":1.0,"phase":"WET_WOOD","surface_exposure":1.0,"temperature_k":293.15,"volatile_potential_kg":0.0891960986207214,"volume_m3":0.0002199114857512855},{"ash_mass_kg":0.0,"char_mass_kg":0.0,"dry_wood_mass_kg":0.016336281798666922,"external_area_m2":0.0,"moisture_mass_kg":0.009801769079200153,"oxygen_factor":0.0,"phase":"WET_WOOD","surface_exposure":0.0,"temperature_k":293.15,"volatile_potential_kg":0.012742299802960199,"volume_m3":3.141592653589793e-05},{"ash_mass_kg":0.0,"char_mass_kg":0.0,"dry_wood_mass_kg":0.04900884539600077,"external_area_m2":0.0,"moisture_mass_kg":0.02940530723760046,"oxygen_factor":0.0,"phase":"WET_WOOD","surface_exposure":0.0,"temperature_k":293.15,"volatile_potential_kg":0.038226899408880605,"volume_m3":9.424777960769378e-05},{"ash_mass_kg":0.0,"char_mass_kg":0.0,"dry_wood_mass_kg":0.0816814089933346,"external_area_m2":0.0,"moisture_mass_kg":0.04900884539600076,"oxygen_factor":0.0,"phase":"WET_WOOD","surface_exposure":0.0,"temperature_k":293.15,"volatile_potential_kg":0.063711499014801,"volume_m3":0.00015707963267948963},{"ash_mass_kg":0.0,"char_mass_kg":0.0,"dry_wood_mass_kg":0.11435397259066847,"external_area_m2":0.006283185307179586,"moisture_mass_kg":0.06861238355440108,"oxygen_factor":1.0,"phase":"WET_WOOD","surface_exposure":1.0,"temperature_k":293.15,"volatile_potential_kg":0.0891960986207214,"volume_m3":0.0002199114857512855},{"ash_mass_kg":0.0,"char_mass_kg":0.0,"dry_wood_mass_kg":0.016336281798666922,"external_area_m2":0.0,"moisture_mass_kg":0.009801769079200153,"oxygen_factor":0.0,"phase":"WET_WOOD","surface_exposure":0.0,"temperature_k":293.15,"volatile_potential_kg":0.012742299802960199,"volume_m3":3.141592653589793e-05},{"ash_mass_kg":0.0,"char_mass_kg":0.0,"dry_wood_mass_kg":0.04900884539600077,"external_area_m2":0.0,"moisture_mass_kg":0.02940530723760046,"oxygen_factor":0.0,"phase":"WET_WOOD","surface_exposure":0.0,"temperature_k":293.15,"volatile_potential_kg":0.038226899408880605,"volume_m3":9.424777960769378e-05},{"ash_mass_kg":0.0,"char_mass_kg":0.0,"dry_wood_mass_kg":0.0816814089933346,"external_area_m2":0.0,"moisture_mass_kg":0.04900884539600076,"oxygen_factor":0.0,"phase":"WET_WOOD","surface_exposure":0.0,"temperature_k":293.15,"volatile_potential_kg":0.063711499014801,"volume_m3":0.00015707963267948963},{"ash_mass_kg":0.0,"char_mass_kg":0.0,"dry_wood_mass_kg":0.11435397259066847,"external_area_m2":0.006283185307179586,"moisture_mass_kg":0.06861238355440108,"oxygen_factor":1.0,"phase":"WET_WOOD","surface_exposure":1.0,"temperature_k":293.15,"volatile_potential_kg":0.0891960986207214,"volume_m3":0.0002199114857512855},{"ash_mass_kg":0.0,"char_mass_kg":0.0,"dry_wood_mass_kg":0.016336281798666922,"external_area_m2":0.0,"moisture_mass_kg":0.009801769079200153,"oxygen_factor":0.0,"phase":"WET_WOOD","surface_exposure":0.0,"temperature_k":293.15,"volatile_potential_kg":0.012742299802960199,"volume_m3":3.141592653589793e-05},{"ash_mass_kg":0.0,"char_mass_kg":0.0,"dry_wood_mass_kg":0.04900884539600077,"external_area_m2":0.0,"moisture_mass_kg":0.02940530723760046,"oxygen_factor":0.0,"phase":"WET_WOOD","surface_exposure":0.0,"temperature_k":293.15,"volatile_potential_kg":0.038226899408880605,"volume_m3":9.424777960769378e-05},{"ash_mass_kg":0.0,"char_mass_kg":0.0,"dry_wood_mass_kg":0.0816814089933346,"external_area_m2":0.0,"moisture_mass_kg":0.04900884539600076,"oxygen_factor":0.0,"phase":"WET_WOOD","surface_exposure":0.0,"temperature_k":293.15,"volatile_potential_kg":0.063711499014801,"volume_m3":0.00015707963267948963},{"ash_mass_kg":0.0,"char_mass_kg":0.0,"dry_wood_mass_kg":0.11435397259066847,"external_area_m2":0.006283185307179586,"moisture_mass_kg":0.06861238355440108,"oxygen_factor":1.0,"phase":"WET_WOOD","surface_exposure":1.0,"temperature_k":293.15,"volatile_potential_kg":0.0891960986207214,"volume_m3":0.0002199114857512855},{"ash_mass_kg":0.0,"char_mass_kg":0.0,"dry_wood_mass_kg":0.016336281798666922,"external_area_m2":0.0,"moisture_mass_kg":0.009801769079200153,"oxygen_factor":0.0,"phase":"WET_WOOD","surface_exposure":0.0,"temperature_k":293.15,"volatile_potential_kg":0.012742299802960199,"volume_m3":3.141592653589793e-05},{"ash_mass_kg":0.0,"char_mass_kg":0.0,"dry_wood_mass_kg":0.04900884539600077,"external_area_m2":0.0,"moisture_mass_kg":0.02940530723760046,"oxygen_factor":0.0,"phase":"WET_WOOD","surface_exposure":0.0,"temperature_k":293.15,"volatile_potential_kg":0.038226899408880605,"volume_m3":9.424777960769378e-05},{"ash_mass_kg":0.0,"char_mass_kg":0.0,"dry_wood_mass_kg":0.0816814089933346,"external_area_m2":0.0,"moisture_mass_kg":0.04900884539600076,"oxygen_factor":0.0,"phase":"WET_WOOD","surface_exposure":0.0,"temperature_k":293.15,"volatile_potential_kg":0.063711499014801,"volume_m3":0.00015707963267948963},{"ash_mass_kg":0.0,"char_mass_kg":0.0,"dry_wood_mass_kg":0.11435397259066847,"external_area_m2":0.006283185307179586,"moisture_mass_kg":0.06861238355440108,"oxygen_factor":1.0,"phase":"WET_WOOD","surface_exposure":1.0,"temperature_k":293.15,"volatile_potential_kg":0.0891960986207214,"volume_m3":0.0002199114857512855},{"ash_mass_kg":0.0,"char_mass_kg":0.0,"dry_wood_mass_kg":0.016336281798666922,"external_area_m2":0.0,"moisture_mass_kg":0.009801769079200153,"oxygen_factor":0.0,"phase":"WET_WOOD","surface_exposure":0.0,"temperature_k":293.15,"volatile_potential_kg":0.012742299802960199,"volume_m3":3.141592653589793e-05},{"ash_mass_kg":0.0,"char_mass_kg":0.0,"dry_wood_mass_kg":0.04900884539600077,"external_area_m2":0.0,"moisture_mass_kg":0.02940530723760046,"oxygen_factor":0.0,"phase":"WET_WOOD","surface_exposure":0.0,"temperature_k":293.15,"volatile_potential_kg":0.038226899408880605,"volume_m3":9.424777960769378e-05},{"ash_mass_kg":0.0,"char_mass_kg":0.0,"dry_wood_mass_kg":0.0816814089933346,"external_area_m2":0.0,"moisture_mass_kg":0.04900884539600076,"oxygen_factor":0.0,"phase":"WET_WOOD","surface_exposure":0.0,"temperature_k":293.15,"volatile_potential_kg":0.063711499014801,"volume_m3":0.00015707963267948963},{"ash_mass_kg":0.0,"char_mass_kg":0.0,"dry_wood_mass_kg":0.11435397259066847,"external_area_m2":0.006283185307179586,"moisture_mass_kg":0.06861238355440108,"oxygen_factor":1.0,"phase":"WET_WOOD","surface_exposure":1.0,"temperature_k":293.15,"volatile_potential_kg":0.0891960986207214,"volume_m3":0.0002199114857512855},{"ash_mass_kg":0.0,"char_mass_kg":0.0,"dry_wood_mass_kg":0.016336281798666922,"external_area_m2":0.0,"moisture_mass_kg":0.009801769079200153,"oxygen_factor":0.0,"phase":"WET_WOOD","surface_exposure":0.0,"temperature_k":293.15,"volatile_potential_kg":0.012742299802960199,"volume_m3":3.141592653589793e-05},{"ash_mass_kg":0.0,"char_mass_kg":0.0,"dry_wood_mass_kg":0.04900884539600077,"external_area_m2":0.0,"moisture_mass_kg":0.02940530723760046,"oxygen_factor":0.0,"phase":"WET_WOOD","surface_exposure":0.0,"temperature_k":293.15,"volatile_potential_kg":0.038226899408880605,"volume_m3":9.424777960769378e-05},{"ash_mass_kg":0.0,"char_mass_kg":0.0,"dry_wood_mass_kg":0.0816814089933346,"external_area_m2":0.0,"moisture_mass_kg":0.04900884539600076,"oxygen_factor":0.0,"phase":"WET_WOOD","surface_exposure":0.0,"temperature_k":293.15,"volatile_potential_kg":0.063711499014801,"volume_m3":0.00015707963267948963},{"ash_mass_kg":0.0,"char_mass_kg":0.0,"dry_wood_mass_kg":0.11435397259066847,"external_area_m2":0.006283185307179586,"moisture_mass_kg":0.06861238355440108,"oxygen_factor":1.0,"phase":"WET_WOOD","surface_exposure":1.0,"temperature_k":293.15,"volatile_potential_kg":0.0891960986207214,"volume_m3":0.0002199114857512855},{"ash_mass_kg":0.0,"char_mass_kg":0.0,"dry_wood_mass_kg":0.016336281798666922,"external_area_m2":0.0,"moisture_mass_kg":0.009801769079200153,"oxygen_factor":0.0,"phase":"WET_WOOD","surface_exposure":0.0,"temperature_k":293.15,"volatile_potential_kg":0.012742299802960199,"volume_m3":3.141592653589793e-05},{"ash_mass_kg":0.0,"char_mass_kg":0.0,"dry_wood_mass_kg":0.04900884539600077,"external_area_m2":0.0,"moisture_mass_kg":0.02940530723760046,"oxygen_factor":0.0,"phase":"WET_WOOD","surface_exposure":0.0,"temperature_k":293.15,"volatile_potential_kg":0.038226899408880605,"volume_m3":9.424777960769378e-05},{"ash_mass_kg":0.0,"char_mass_kg":0.0,"dry_wood_mass_kg":0.0816814089933346,"external_area_m2":0.0,"moisture_mass_kg":0.04900884539600076,"oxygen_factor":0.0,"phase":"WET_WOOD","surface_exposure":0.0,"temperature_k":293.15,"volatile_potential_kg":0.063711499014801,"volume_m3":0.00015707963267948963},{"ash_mass_kg":0.0,"char_mass_kg":0.0,"dry_wood_mass_kg":0.11435397259066847,"external_area_m2":0.006283185307179586,"moisture_mass_kg":0.06861238355440108,"oxygen_factor":1.0,"phase":"WET_WOOD","surface_exposure":1.0,"temperature_k":293.15,"volatile_potential_kg":0.0891960986207214,"volume_m3":0.0002199114857512855},{"ash_mass_kg":0.0,"char_mass_kg":0.0,"dry_wood_mass_kg":0.016336281798666922,"external_area_m2":0.0,"moisture_mass_kg":0.009801769079200153,"oxygen_factor":0.0,"phase":"WET_WOOD","surface_exposure":0.0,"temperature_k":293.15,"volatile_potential_kg":0.012742299802960199,"volume_m3":3.141592653589793e-05},{"ash_mass_kg":0.0,"char_mass_kg":0.0,"dry_wood_mass_kg":0.04900884539600077,"external_area_m2":0.0,"moisture_mass_kg":0.02940530723760046,"oxygen_factor":0.0,"phase":"WET_WOOD","surface_exposure":0.0,"temperature_k":293.15,"volatile_potential_kg":0.038226899408880605,"volume_m3":9.424777960769378e-05},{"ash_mass_kg":0.0,"char_mass_kg":0.0,"dry_wood_mass_kg":0.0816814089933346,"external_area_m2":0.0,"moisture_mass_kg":0.04900884539600076,"oxygen_factor":0.0,"phase":"WET_WOOD","surface_exposure":0.0,"temperature_k":293.15,"volatile_potential_kg":0.063711499014801,"volume_m3":0.00015707963267948963},{"ash_mass_kg":0.0,"char_mass_kg":0.0,"dry_wood_mass_kg":0.11435397259066847,"external_area_m2":0.006283185307179586,"moisture_mass_kg":0.06861238355440108,"oxygen_factor":1.0,"phase":"WET_WOOD","surface_exposure":1.0,"temperature_k":293.15,"volatile_potential_kg":0.0891960986207214,"volume_m3":0.0002199114857512855},{"ash_mass_kg":0.0,"char_mass_kg":0.0,"dry_wood_mass_kg":0.016336281798666922,"external_area_m2":0.0,"moisture_mass_kg":0.009801769079200153,"oxygen_factor":0.0,"phase":"WET_WOOD","surface_exposure":0.0,"temperature_k":293.15,"volatile_potential_kg":0.012742299802960199,"volume_m3":3.141592653589793e-05},{"ash_mass_kg":0.0,"char_mass_kg":0.0,"dry_wood_mass_kg":0.04900884539600077,"external_area_m2":0.0,"moisture_mass_kg":0.02940530723760046,"oxygen_factor":0.0,"phase":"WET_WOOD","surface_exposure":0.0,"temperature_k":293.15,"volatile_potential_kg":0.038226899408880605,"volume_m3":9.424777960769378e-05},{"ash_mass_kg":0.0,"char_mass_kg":0.0,"dry_wood_mass_kg":0.0816814089933346,"external_area_m2":0.0,"moisture_mass_kg":0.04900884539600076,"oxygen_factor":0.0,"phase":"WET_WOOD","surface_exposure":0.0,"temperature_k":293.15,"volatile_potential_kg":0.063711499014801,"volume_m3":0.00015707963267948963},{"ash_mass_kg":0.0,"char_mass_kg":0.0,"dry_wood_mass_kg":0.11435397259066847,"external_area_m2":0.006283185307179586,"moisture_mass_kg":0.06861238355440108,"oxygen_factor":1.0,"phase":"WET_WOOD","surface_exposure":1.0,"temperature_k":293.15,"volatile_potential_kg":0.0891960986207214,"volume_m3":0.0002199114857512855},{"ash_mass_kg":0.0,"char_mass_kg":0.0,"dry_wood_mass_kg":0.016336281798666922,"external_area_m2":0.0,"moisture_mass_kg":0.009801769079200153,"oxygen_factor":0.0,"phase":"WET_WOOD","surface_exposure":0.0,"temperature_k":293.15,"volatile_potential_kg":0.012742299802960199,"volume_m3":3.141592653589793e-05},{"ash_mass_kg":0.0,"char_mass_kg":0.0,"dry_wood_mass_kg":0.04900884539600077,"external_area_m2":0.0,"moisture_mass_kg":0.02940530723760046,"oxygen_factor":0.0,"phase":"WET_WOOD","surface_exposure":0.0,"temperature_k":293.15,"volatile_potential_kg":0.038226899408880605,"volume_m3":9.424777960769378e-05},{"ash_mass_kg":0.0,"char_mass_kg":0.0,"dry_wood_mass_kg":0.0816814089933346,"external_area_m2":0.0,"moisture_mass_kg":0.04900884539600076,"oxygen_factor":0.0,"phase":"WET_WOOD","surface_exposure":0.0,"temperature_k":293.15,"volatile_potential_kg":0.063711499014801,"volume_m3":0.00015707963267948963},{"ash_mass_kg":0.0,"char_mass_kg":0.0,"dry_wood_mass_kg":0.11435397259066847,"external_area_m2":0.006283185307179586,"moisture_mass_kg":0.06861238355440108,"oxygen_factor":1.0,"phase":"WET_WOOD","surface_exposure":1.0,"temperature_k":293.15,"volatile_potential_kg":0.0891960986207214,"volume_m3":0.0002199114857512855},{"ash_mass_kg":0.0,"char_mass_kg":0.0,"dry_wood_mass_kg":0.016336281798666922,"external_area_m2":0.0,"moisture_mass_kg":0.009801769079200153,"oxygen_factor":0.0,"phase":"WET_WOOD","surface_exposure":0.0,"temperature_k":293.15,"volatile_potential_kg":0.012742299802960199,"volume_m3":3.141592653589793e-05},{"ash_mass_kg":0.0,"char_mass_kg":0.0,"dry_wood_mass_kg":0.04900884539600077,"external_area_m2":0.0,"moisture_mass_kg":0.02940530723760046,"oxygen_factor":0.0,"phase":"WET_WOOD","surface_exposure":0.0,"temperature_k":293.15,"volatile_potential_kg":0.038226899408880605,"volume_m3":9.424777960769378e-05},{"ash_mass_kg":0.0,"char_mass_kg":0.0,"dry_wood_mass_kg":0.0816814089933346,"external_area_m2":0.0,"moisture_mass_kg":0.04900884539600076,"oxygen_factor":0.0,"phase":"WET_WOOD","surface_exposure":0.0,"temperature_k":293.15,"volatile_potential_kg":0.063711499014801,"volume_m3":0.00015707963267948963},{"ash_mass_kg":0.0,"char_mass_kg":0.0,"dry_wood_mass_kg":0.11435397259066847,"external_area_m2":0.006283185307179586,"moisture_mass_kg":0.06861238355440108,"oxygen_factor":1.0,"phase":"WET_WOOD","surface_exposure":1.0,"temperature_k":293.15,"volatile_potential_kg":0.0891960986207214,"volume_m3":0.0002199114857512855},{"ash_mass_kg":0.0,"char_mass_kg":0.0,"dry_wood_mass_kg":0.016336281798666922,"external_area_m2":0.0,"moisture_mass_kg":0.009801769079200153,"oxygen_factor":0.0,"phase":"WET_WOOD","surface_exposure":0.0,"temperature_k":293.15,"volatile_potential_kg":0.012742299802960199,"volume_m3":3.141592653589793e-05},{"ash_mass_kg":0.0,"char_mass_kg":0.0,"dry_wood_mass_kg":0.04900884539600077,"external_area_m2":0.0,"moisture_mass_kg":0.02940530723760046,"oxygen_factor":0.0,"phase":"WET_WOOD","surface_exposure":0.0,"temperature_k":293.15,"volatile_potential_kg":0.038226899408880605,"volume_m3":9.424777960769378e-05},{"ash_mass_kg":0.0,"char_mass_kg":0.0,"dry_wood_mass_kg":0.0816814089933346,"external_area_m2":0.0,"moisture_mass_kg":0.04900884539600076,"oxygen_factor":0.0,"phase":"WET_WOOD","surface_exposure":0.0,"temperature_k":293.15,"volatile_potential_kg":0.063711499014801,"volume_m3":0.00015707963267948963},{"ash_mass_kg":0.0,"char_mass_kg":0.0,"dry_wood_mass_kg":0.11435397259066847,"external_area_m2":0.006283185307179586,"moisture_mass_kg":0.06861238355440108,"oxygen_factor":1.0,"phase":"WET_WOOD","surface_exposure":1.0,"temperature_k":293.15,"volatile_potential_kg":0.0891960986207214,"volume_m3":0.0002199114857512855},{"ash_mass_kg":0.0,"char_mass_kg":0.0,"dry_wood_mass_kg":0.016336281798666922,"external_area_m2":0.0,"moisture_mass_kg":0.009801769079200153,"oxygen_factor":0.0,"phase":"WET_WOOD","surface_exposure":0.0,"temperature_k":293.15,"volatile_potential_kg":0.012742299802960199,"volume_m3":3.141592653589793e-05},{"ash_mass_kg":0.0,"char_mass_kg":0.0,"dry_wood_mass_kg":0.04900884539600077,"external_area_m2":0.0,"moisture_mass_kg":0.02940530723760046,"oxygen_factor":0.0,"phase":"WET_WOOD","surface_exposure":0.0,"temperature_k":293.15,"volatile_potential_kg":0.038226899408880605,"volume_m3":9.424777960769378e-05},{"ash_mass_kg":0.0,"char_mass_kg":0.0,"dry_wood_mass_kg":0.0816814089933346,"external_area_m2":0.0,"moisture_mass_kg":0.04900884539600076,"oxygen_factor":0.0,"phase":"WET_WOOD","surface_exposure":0.0,"temperature_k":293.15,"volatile_potential_kg":0.063711499014801,"volume_m3":0.00015707963267948963},{"ash_mass_kg":0.0,"char_mass_kg":0.0,"dry_wood_mass_kg":0.11435397259066847,"external_area_m2":0.006283185307179586,"moisture_mass_kg":0.06861238355440108,"oxygen_factor":1.0,"phase":"WET_WOOD","surface_exposure":1.0,"temperature_k":293.15,"volatile_potential_kg":0.0891960986207214,"volume_m3":0.0002199114857512855},{"ash_mass_kg":0.0,"char_mass_kg":0.0,"dry_wood_mass_kg":0.016336281798666922,"external_area_m2":0.0,"moisture_mass_kg":0.009801769079200153,"oxygen_factor":0.0,"phase":"WET_WOOD","surface_exposure":0.0,"temperature_k":293.15,"volatile_potential_kg":0.012742299802960199,"volume_m3":3.141592653589793e-05},{"ash_mass_kg":0.0,"char_mass_kg":0.0,"dry_wood_mass_kg":0.04900884539600077,"external_area_m2":0.0,"moisture_mass_kg":0.02940530723760046,"oxygen_factor":0.0,"phase":"WET_WOOD","surface_exposure":0.0,"temperature_k":293.15,"volatile_potential_kg":0.038226899408880605,"volume_m3":9.424777960769378e-05},{"ash_mass_kg":0.0,"char_mass_kg":0.0,"dry_wood_mass_kg":0.0816814089933346,"external_area_m2":0.0,"moisture_mass_kg":0.04900884539600076,"oxygen_factor":0.0,"phase":"WET_WOOD","surface_exposure":0.0,"temperature_k":293.15,"volatile_potential_kg":0.063711499014801,"volume_m3":0.00015707963267948963},{"ash_mass_kg":0.0,"char_mass_kg":0.0,"dry_wood_mass_kg":0.11435397259066847,"external_area_m2":0.006283185307179586,"moisture_mass_kg":0.06861238355440108,"oxygen_factor":1.0,"phase":"WET_WOOD","surface_exposure":1.0,"temperature_k":293.15,"volatile_potential_kg":0.0891960986207214,"volume_m3":0.0002199114857512855},{"ash_mass_kg":0.0,"char_mass_kg":0.0,"dry_wood_mass_kg":0.016336281798666922,"external_area_m2":0.0,"moisture_mass_kg":0.009801769079200153,"oxygen_factor":0.0,"phase":"WET_WOOD","surface_exposure":0.0,"temperature_k":293.15,"volatile_potential_kg":0.012742299802960199,"volume_m3":3.141592653589793e-05},{"ash_mass_kg":0.0,"char_mass_kg":0.0,"dry_wood_mass_kg":0.04900884539600077,"external_area_m2":0.0,"moisture_mass_kg":0.02940530723760046,"oxygen_factor":0.0,"phase":"WET_WOOD","surface_exposure":0.0,"temperature_k":293.15,"volatile_potential_kg":0.038226899408880605,"volume_m3":9.424777960769378e-05},{"ash_mass_kg":0.0,"char_mass_kg":0.0,"dry_wood_mass_kg":0.0816814089933346,"external_area_m2":0.0,"moisture_mass_kg":0.04900884539600076,"oxygen_factor":0.0,"phase":"WET_WOOD","surface_exposure":0.0,"temperature_k":293.15,"volatile_potential_kg":0.063711499014801,"volume_m3":0.00015707963267948963},{"ash_mass_kg":0.0,"char_mass_kg":0.0,"dry_wood_mass_kg":0.11435397259066847,"external_area_m2":0.006283185307179586,"moisture_mass_kg":0.06861238355440108,"oxygen_factor":1.0,"phase":"WET_WOOD","surface_exposure":1.0,"temperature_k":293.15,"volatile_potential_kg":0.0891960986207214,"volume_m3":0.0002199114857512855},{"ash_mass_kg":0.0,"char_mass_kg":0.0,"dry_wood_mass_kg":0.016336281798666922,"external_area_m2":0.0,"moisture_mass_kg":0.009801769079200153,"oxygen_factor":0.0,"phase":"WET_WOOD","surface_exposure":0.0,"temperature_k":293.15,"volatile_potential_kg":0.012742299802960199,"volume_m3":3.141592653589793e-05},{"ash_mass_kg":0.0,"char_mass_kg":0.0,"dry_wood_mass_kg":0.04900884539600077,"external_area_m2":0.0,"moisture_mass_kg":0.02940530723760046,"oxygen_factor":0.0,"phase":"WET_WOOD","surface_exposure":0.0,"temperature_k":293.15,"volatile_potential_kg":0.038226899408880605,"volume_m3":9.424777960769378e-05},{"ash_mass_kg":0.0,"char_mass_kg":0.0,"dry_wood_mass_kg":0.0816814089933346,"external_area_m2":0.0,"moisture_mass_kg":0.04900884539600076,"oxygen_factor":0.0,"phase":"WET_WOOD","surface_exposure":0.0,"temperature_k":293.15,"volatile_potential_kg":0.063711499014801,"volume_m3":0.00015707963267948963},{"ash_mass_kg":0.0,"char_mass_kg":0.0,"dry_wood_mass_kg":0.11435397259066847,"external_area_m2":0.006283185307179586,"moisture_mass_kg":0.06861238355440108,"oxygen_factor":1.0,"phase":"WET_WOOD","surface_exposure":1.0,"temperature_k":293.15,"volatile_potential_kg":0.0891960986207214,"volume_m3":0.0002199114857512855},{"ash_mass_kg":0.0,"char_mass_kg":0.0,"dry_wood_mass_kg":0.016336281798666922,"external_area_m2":0.0,"moisture_mass_kg":0.009801769079200153,"oxygen_factor":0.0,"phase":"WET_WOOD","surface_exposure":0.0,"temperature_k":293.15,"volatile_potential_kg":0.012742299802960199,"volume_m3":3.141592653589793e-05},{"ash_mass_kg":0.0,"char_mass_kg":0.0,"dry_wood_mass_kg":0.04900884539600077,"external_area_m2":0.0,"moisture_mass_kg":0.02940530723760046,"oxygen_factor":0.0,"phase":"WET_WOOD","surface_exposure":0.0,"temperature_k":293.15,"volatile_potential_kg":0.038226899408880605,"volume_m3":9.424777960769378e-05},{"ash_mass_kg":0.0,"char_mass_kg":0.0,"dry_wood_mass_kg":0.0816814089933346,"external_area_m2":0.0,"moisture_mass_kg":0.04900884539600076,"oxygen_factor":0.0,"phase":"WET_WOOD","surface_exposure":0.0,"temperature_k":293.15,"volatile_potential_kg":0.063711499014801,"volume_m3":0.00015707963267948963},{"ash_mass_kg":0.0,"char_mass_kg":0.0,"dry_wood_mass_kg":0.11435397259066847,"external_area_m2":0.006283185307179586,"moisture_mass_kg":0.06861238355440108,"oxygen_factor":1.0,"phase":"WET_WOOD","surface_exposure":1.0,"temperature_k":293.15,"volatile_potential_kg":0.0891960986207214,"volume_m3":0.0002199114857512855},{"ash_mass_kg":0.0,"char_mass_kg":0.0,"dry_wood_mass_kg":0.016336281798666922,"external_area_m2":0.0,"moisture_mass_kg":0.009801769079200153,"oxygen_factor":0.0,"phase":"WET_WOOD","surface_exposure":0.0,"temperature_k":293.15,"volatile_potential_kg":0.012742299802960199,"volume_m3":3.141592653589793e-05},{"ash_mass_kg":0.0,"char_mass_kg":0.0,"dry_wood_mass_kg":0.04900884539600077,"external_area_m2":0.0,"moisture_mass_kg":0.02940530723760046,"oxygen_factor":0.0,"phase":"WET_WOOD","surface_exposure":0.0,"temperature_k":293.15,"volatile_potential_kg":0.038226899408880605,"volume_m3":9.424777960769378e-05},{"ash_mass_kg":0.0,"char_mass_kg":0.0,"dry_wood_mass_kg":0.0816814089933346,"external_area_m2":0.0,"moisture_mass_kg":0.04900884539600076,"oxygen_factor":0.0,"phase":"WET_WOOD","surface_exposure":0.0,"temperature_k":293.15,"volatile_potential_kg":0.063711499014801,"volume_m3":0.00015707963267948963},{"ash_mass_kg":0.0,"char_mass_kg":0.0,"dry_wood_mass_kg":0.11435397259066847,"external_area_m2":0.006283185307179586,"moisture_mass_kg":0.06861238355440108,"oxygen_factor":1.0,"phase":"WET_WOOD","surface_exposure":1.0,"temperature_k":293.15,"volatile_potential_kg":0.0891960986207214,"volume_m3":0.0002199114857512855},{"ash_mass_kg":0.0,"char_mass_kg":0.0,"dry_wood_mass_kg":0.016336281798666922,"external_area_m2":0.0,"moisture_mass_kg":0.009801769079200153,"oxygen_factor":0.0,"phase":"WET_WOOD","surface_exposure":0.0,"temperature_k":293.15,"volatile_potential_kg":0.012742299802960199,"volume_m3":3.141592653589793e-05},{"ash_mass_kg":0.0,"char_mass_kg":0.0,"dry_wood_mass_kg":0.04900884539600077,"external_area_m2":0.0,"moisture_mass_kg":0.02940530723760046,"oxygen_factor":0.0,"phase":"WET_WOOD","surface_exposure":0.0,"temperature_k":293.15,"volatile_potential_kg":0.038226899408880605,"volume_m3":9.424777960769378e-05},{"ash_mass_kg":0.0,"char_mass_kg":0.0,"dry_wood_mass_kg":0.0816814089933346,"external_area_m2":0.0,"moisture_mass_kg":0.04900884539600076,"oxygen_factor":0.0,"phase":"WET_WOOD","surface_exposure":0.0,"temperature_k":293.15,"volatile_potential_kg":0.063711499014801,"volume_m3":0.00015707963267948963},{"ash_mass_kg":0.0,"char_mass_kg":0.0,"dry_wood_mass_kg":0.11435397259066847,"external_area_m2":0.006283185307179586,"moisture_mass_kg":0.06861238355440108,"oxygen_factor":1.0,"phase":"WET_WOOD","surface_exposure":1.0,"temperature_k":293.15,"volatile_potential_kg":0.0891960986207214,"volume_m3":0.0002199114857512855},{"ash_mass_kg":0.0,"char_mass_kg":0.0,"dry_wood_mass_kg":0.016336281798666922,"external_area_m2":0.0,"moisture_mass_kg":0.009801769079200153,"oxygen_factor":0.0,"phase":"WET_WOOD","surface_exposure":0.0,"temperature_k":293.15,"volatile_potential_kg":0.012742299802960199,"volume_m3":3.141592653589793e-05},{"ash_mass_kg":0.0,"char_mass_kg":0.0,"dry_wood_mass_kg":0.04900884539600077,"external_area_m2":0.0,"moisture_mass_kg":0.02940530723760046,"oxygen_factor":0.0,"phase":"WET_WOOD","surface_exposure":0.0,"temperature_k":293.15,"volatile_potential_kg":0.038226899408880605,"volume_m3":9.424777960769378e-05},{"ash_mass_kg":0.0,"char_mass_kg":0.0,"dry_wood_mass_kg":0.0816814089933346,"external_area_m2":0.0,"moisture_mass_kg":0.04900884539600076,"oxygen_factor":0.0,"phase":"WET_WOOD","surface_exposure":0.0,"temperature_k":293.15,"volatile_potential_kg":0.063711499014801,"volume_m3":0.00015707963267948963},{"ash_mass_kg":0.0,"char_mass_kg":0.0,"dry_wood_mass_kg":0.11435397259066847,"external_area_m2":0.006283185307179586,"moisture_mass_kg":0.06861238355440108,"oxygen_factor":1.0,"phase":"WET_WOOD","surface_exposure":1.0,"temperature_k":293.15,"volatile_potential_kg":0.0891960986207214,"volume_m3":0.0002199114857512855},{"ash_mass_kg":0.0,"char_mass_kg":0.0,"dry_wood_mass_kg":0.016336281798666922,"external_area_m2":0.0,"moisture_mass_kg":0.009801769079200153,"oxygen_factor":0.0,"phase":"WET_WOOD","surface_exposure":0.0,"temperature_k":293.15,"volatile_potential_kg":0.012742299802960199,"volume_m3":3.141592653589793e-05},{"ash_mass_kg":0.0,"char_mass_kg":0.0,"dry_wood_mass_kg":0.04900884539600077,"external_area_m2":0.0,"moisture_mass_kg":0.02940530723760046,"oxygen_factor":0.0,"phase":"WET_WOOD","surface_exposure":0.0,"temperature_k":293.15,"volatile_potential_kg":0.038226899408880605,"volume_m3":9.424777960769378e-05},{"ash_mass_kg":0.0,"char_mass_kg":0.0,"dry_wood_mass_kg":0.0816814089933346,"external_area_m2":0.0,"moisture_mass_kg":0.04900884539600076,"oxygen_factor":0.0,"phase":"WET_WOOD","surface_exposure":0.0,"temperature_k":293.15,"volatile_potential_kg":0.063711499014801,"volume_m3":0.00015707963267948963},{"ash_mass_kg":0.0,"char_mass_kg":0.0,"dry_wood_mass_kg":0.11435397259066847,"external_area_m2":0.006283185307179586,"moisture_mass_kg":0.06861238355440108,"oxygen_factor":1.0,"phase":"WET_WOOD","surface_exposure":1.0,"temperature_k":293.15,"volatile_potential_kg":0.0891960986207214,"volume_m3":0.0002199114857512855},{"ash_mass_kg":0.0,"char_mass_kg":0.0,"dry_wood_mass_kg":0.016336281798666922,"external_area_m2":0.0,"moisture_mass_kg":0.009801769079200153,"oxygen_factor":0.0,"phase":"WET_WOOD","surface_exposure":0.0,"temperature_k":293.15,"volatile_potential_kg":0.012742299802960199,"volume_m3":3.141592653589793e-05},{"ash_mass_kg":0.0,"char_mass_kg":0.0,"dry_wood_mass_kg":0.04900884539600077,"external_area_m2":0.0,"moisture_mass_kg":0.02940530723760046,"oxygen_factor":0.0,"phase":"WET_WOOD","surface_exposure":0.0,"temperature_k":293.15,"volatile_potential_kg":0.038226899408880605,"volume_m3":9.424777960769378e-05},{"ash_mass_kg":0.0,"char_mass_kg":0.0,"dry_wood_mass_kg":0.0816814089933346,"external_area_m2":0.0,"moisture_mass_kg":0.04900884539600076,"oxygen_factor":0.0,"phase":"WET_WOOD","surface_exposure":0.0,"temperature_k":293.15,"volatile_potential_kg":0.063711499014801,"volume_m3":0.00015707963267948963},{"ash_mass_kg":0.0,"char_mass_kg":0.0,"dry_wood_mass_kg":0.11435397259066847,"external_area_m2":0.006283185307179586,"moisture_mass_kg":0.06861238355440108,"oxygen_factor":1.0,"phase":"WET_WOOD","surface_exposure":1.0,"temperature_k":293.15,"volatile_potential_kg":0.0891960986207214,"volume_m3":0.0002199114857512855},{"ash_mass_kg":0.0,"char_mass_kg":0.0,"dry_wood_mass_kg":0.016336281798666922,"external_area_m2":0.0,"moisture_mass_kg":0.009801769079200153,"oxygen_factor":0.0,"phase":"WET_WOOD","surface_exposure":0.0,"temperature_k":293.15,"volatile_potential_kg":0.012742299802960199,"volume_m3":3.141592653589793e-05},{"ash_mass_kg":0.0,"char_mass_kg":0.0,"dry_wood_mass_kg":0.04900884539600077,"external_area_m2":0.0,"moisture_mass_kg":0.02940530723760046,"oxygen_factor":0.0,"phase":"WET_WOOD","surface_exposure":0.0,"temperature_k":293.15,"volatile_potential_kg":0.038226899408880605,"volume_m3":9.424777960769378e-05},{"ash_mass_kg":0.0,"char_mass_kg":0.0,"dry_wood_mass_kg":0.0816814089933346,"external_area_m2":0.0,"moisture_mass_kg":0.04900884539600076,"oxygen_factor":0.0,"phase":"WET_WOOD","surface_exposure":0.0,"temperature_k":293.15,"volatile_potential_kg":0.063711499014801,"volume_m3":0.00015707963267948963},{"ash_mass_kg":0.0,"char_mass_kg":0.0,"dry_wood_mass_kg":0.11435397259066847,"external_area_m2":0.006283185307179586,"moisture_mass_kg":0.06861238355440108,"oxygen_factor":1.0,"phase":"WET_WOOD","surface_exposure":1.0,"temperature_k":293.15,"volatile_potential_kg":0.0891960986207214,"volume_m3":0.0002199114857512855},{"ash_mass_kg":0.0,"char_mass_kg":0.0,"dry_wood_mass_kg":0.016336281798666922,"external_area_m2":0.0,"moisture_mass_kg":0.009801769079200153,"oxygen_factor":0.0,"phase":"WET_WOOD","surface_exposure":0.0,"temperature_k":293.15,"volatile_potential_kg":0.012742299802960199,"volume_m3":3.141592653589793e-05},{"ash_mass_kg":0.0,"char_mass_kg":0.0,"dry_wood_mass_kg":0.04900884539600077,"external_area_m2":0.0,"moisture_mass_kg":0.02940530723760046,"oxygen_factor":0.0,"phase":"WET_WOOD","surface_exposure":0.0,"temperature_k":293.15,"volatile_potential_kg":0.038226899408880605,"volume_m3":9.424777960769378e-05},{"ash_mass_kg":0.0,"char_mass_kg":0.0,"dry_wood_mass_kg":0.0816814089933346,"external_area_m2":0.0,"moisture_mass_kg":0.04900884539600076,"oxygen_factor":0.0,"phase":"WET_WOOD","surface_exposure":0.0,"temperature_k":293.15,"volatile_potential_kg":0.063711499014801,"volume_m3":0.00015707963267948963},{"ash_mass_kg":0.0,"char_mass_kg":0.0,"dry_wood_mass_kg":0.11435397259066847,"external_area_m2":0.006283185307179586,"moisture_mass_kg":0.06861238355440108,"oxygen_factor":1.0,"phase":"WET_WOOD","surface_exposure":1.0,"temperature_k":293.15,"volatile_potential_kg":0.0891960986207214,"volume_m3":0.0002199114857512855},{"ash_mass_kg":0.0,"char_mass_kg":0.0,"dry_wood_mass_kg":0.016336281798666922,"external_area_m2":0.0,"moisture_mass_kg":0.009801769079200153,"oxygen_factor":0.0,"phase":"WET_WOOD","surface_exposure":0.0,"temperature_k":293.15,"volatile_potential_kg":0.012742299802960199,"volume_m3":3.141592653589793e-05},{"ash_mass_kg":0.0,"char_mass_kg":0.0,"dry_wood_mass_kg":0.04900884539600077,"external_area_m2":0.0,"moisture_mass_kg":0.02940530723760046,"oxygen_factor":0.0,"phase":"WET_WOOD","surface_exposure":0.0,"temperature_k":293.15,"volatile_potential_kg":0.038226899408880605,"volume_m3":9.424777960769378e-05},{"ash_mass_kg":0.0,"char_mass_kg":0.0,"dry_wood_mass_kg":0.0816814089933346,"external_area_m2":0.0,"moisture_mass_kg":0.04900884539600076,"oxygen_factor":0.0,"phase":"WET_WOOD","surface_exposure":0.0,"temperature_k":293.15,"volatile_potential_kg":0.063711499014801,"volume_m3":0.00015707963267948963},{"ash_mass_kg":0.0,"char_mass_kg":0.0,"dry_wood_mass_kg":0.11435397259066847,"external_area_m2":0.006283185307179586,"moisture_mass_kg":0.06861238355440108,"oxygen_factor":1.0,"phase":"WET_WOOD","surface_exposure":1.0,"temperature_k":293.15,"volatile_potential_kg":0.0891960986207214,"volume_m3":0.0002199114857512855},{"ash_mass_kg":0.0,"char_mass_kg":0.0,"dry_wood_mass_kg":0.016336281798666922,"external_area_m2":0.0,"moisture_mass_kg":0.009801769079200153,"oxygen_factor":0.0,"phase":"WET_WOOD","surface_exposure":0.0,"temperature_k":293.15,"volatile_potential_kg":0.012742299802960199,"volume_m3":3.141592653589793e-05},{"ash_mass_kg":0.0,"char_mass_kg":0.0,"dry_wood_mass_kg":0.04900884539600077,"external_area_m2":0.0,"moisture_mass_kg":0.02940530723760046,"oxygen_factor":0.0,"phase":"WET_WOOD","surface_exposure":0.0,"temperature_k":293.15,"volatile_potential_kg":0.038226899408880605,"volume_m3":9.424777960769378e-05},{"ash_mass_kg":0.0,"char_mass_kg":0.0,"dry_wood_mass_kg":0.0816814089933346,"external_area_m2":0.0,"moisture_mass_kg":0.04900884539600076,"oxygen_factor":0.0,"phase":"WET_WOOD","surface_exposure":0.0,"temperature_k":293.15,"volatile_potential_kg":0.063711499014801,"volume_m3":0.00015707963267948963},{"ash_mass_kg":0.0,"char_mass_kg":0.0,"dry_wood_mass_kg":0.11435397259066847,"external_area_m2":0.006283185307179586,"moisture_mass_kg":0.06861238355440108,"oxygen_factor":1.0,"phase":"WET_WOOD","surface_exposure":1.0,"temperature_k":293.15,"volatile_potential_kg":0.0891960986207214,"volume_m3":0.0002199114857512855},{"ash_mass_kg":0.0,"char_mass_kg":0.0,"dry_wood_mass_kg":0.016336281798666922,"external_area_m2":0.0,"moisture_mass_kg":0.009801769079200153,"oxygen_factor":0.0,"phase":"WET_WOOD","surface_exposure":0.0,"temperature_k":293.15,"volatile_potential_kg":0.012742299802960199,"volume_m3":3.141592653589793e-05},{"ash_mass_kg":0.0,"char_mass_kg":0.0,"dry_wood_mass_kg":0.04900884539600077,"external_area_m2":0.0,"moisture_mass_kg":0.02940530723760046,"oxygen_factor":0.0,"phase":"WET_WOOD","surface_exposure":0.0,"temperature_k":293.15,"volatile_potential_kg":0.038226899408880605,"volume_m3":9.424777960769378e-05},{"ash_mass_kg":0.0,"char_mass_kg":0.0,"dry_wood_mass_kg":0.0816814089933346,"external_area_m2":0.0,"moisture_mass_kg":0.04900884539600076,"oxygen_factor":0.0,"phase":"WET_WOOD","surface_exposure":0.0,"temperature_k":293.15,"volatile_potential_kg":0.063711499014801,"volume_m3":0.00015707963267948963},{"ash_mass_kg":0.0,"char_mass_kg":0.0,"dry_wood_mass_kg":0.11435397259066847,"external_area_m2":0.006283185307179586,"moisture_mass_kg":0.06861238355440108,"oxygen_factor":1.0,"phase":"WET_WOOD","surface_exposure":1.0,"temperature_k":293.15,"volatile_potential_kg":0.0891960986207214,"volume_m3":0.0002199114857512855},{"ash_mass_kg":0.0,"char_mass_kg":0.0,"dry_wood_mass_kg":0.016336281798666922,"external_area_m2":0.0,"moisture_mass_kg":0.009801769079200153,"oxygen_factor":0.0,"phase":"WET_WOOD","surface_exposure":0.0,"temperature_k":293.15,"volatile_potential_kg":0.012742299802960199,"volume_m3":3.141592653589793e-05},{"ash_mass_kg":0.0,"char_mass_kg":0.0,"dry_wood_mass_kg":0.04900884539600077,"external_area_m2":0.0,"moisture_mass_kg":0.02940530723760046,"oxygen_factor":0.0,"phase":"WET_WOOD","surface_exposure":0.0,"temperature_k":293.15,"volatile_potential_kg":0.038226899408880605,"volume_m3":9.424777960769378e-05},{"ash_mass_kg":0.0,"char_mass_kg":0.0,"dry_wood_mass_kg":0.0816814089933346,"external_area_m2":0.0,"moisture_mass_kg":0.04900884539600076,"oxygen_factor":0.0,"phase":"WET_WOOD","surface_exposure":0.0,"temperature_k":293.15,"volatile_potential_kg":0.063711499014801,"volume_m3":0.00015707963267948963},{"ash_mass_kg":0.0,"char_mass_kg":0.0,"dry_wood_mass_kg":0.11435397259066847,"external_area_m2":0.006283185307179586,"moisture_mass_kg":0.06861238355440108,"oxygen_factor":1.0,"phase":"WET_WOOD","surface_exposure":1.0,"temperature_k":293.15,"volatile_potential_kg":0.0891960986207214,"volume_m3":0.0002199114857512855},{"ash_mass_kg":0.0,"char_mass_kg":0.0,"dry_wood_mass_kg":0.016336281798666922,"external_area_m2":0.0,"moisture_mass_kg":0.009801769079200153,"oxygen_factor":0.0,"phase":"WET_WOOD","surface_exposure":0.0,"temperature_k":293.15,"volatile_potential_kg":0.012742299802960199,"volume_m3":3.141592653589793e-05},{"ash_mass_kg":0.0,"char_mass_kg":0.0,"dry_wood_mass_kg":0.04900884539600077,"external_area_m2":0.0,"moisture_mass_kg":0.02940530723760046,"oxygen_factor":0.0,"phase":"WET_WOOD","surface_exposure":0.0,"temperature_k":293.15,"volatile_potential_kg":0.038226899408880605,"volume_m3":9.424777960769378e-05},{"ash_mass_kg":0.0,"char_mass_kg":0.0,"dry_wood_mass_kg":0.0816814089933346,"external_area_m2":0.0,"moisture_mass_kg":0.04900884539600076,"oxygen_factor":0.0,"phase":"WET_WOOD","surface_exposure":0.0,"temperature_k":293.15,"volatile_potential_kg":0.063711499014801,"volume_m3":0.00015707963267948963},{"ash_mass_kg":0.0,"char_mass_kg":0.0,"dry_wood_mass_kg":0.11435397259066847,"external_area_m2":0.006283185307179586,"moisture_mass_kg":0.06861238355440108,"oxygen_factor":1.0,"phase":"WET_WOOD","surface_exposure":1.0,"temperature_k":293.15,"volatile_potential_kg":0.0891960986207214,"volume_m3":0.0002199114857512855},{"ash_mass_kg":0.0,"char_mass_kg":0.0,"dry_wood_mass_kg":0.016336281798666922,"external_area_m2":0.0,"moisture_mass_kg":0.009801769079200153,"oxygen_factor":0.0,"phase":"WET_WOOD","surface_exposure":0.0,"temperature_k":293.15,"volatile_potential_kg":0.012742299802960199,"volume_m3":3.141592653589793e-05},{"ash_mass_kg":0.0,"char_mass_kg":0.0,"dry_wood_mass_kg":0.04900884539600077,"external_area_m2":0.0,"moisture_mass_kg":0.02940530723760046,"oxygen_factor":0.0,"phase":"WET_WOOD","surface_exposure":0.0,"temperature_k":293.15,"volatile_potential_kg":0.038226899408880605,"volume_m3":9.424777960769378e-05},{"ash_mass_kg":0.0,"char_mass_kg":0.0,"dry_wood_mass_kg":0.0816814089933346,"external_area_m2":0.0,"moisture_mass_kg":0.04900884539600076,"oxygen_factor":0.0,"phase":"WET_WOOD","surface_exposure":0.0,"temperature_k":293.15,"volatile_potential_kg":0.063711499014801,"volume_m3":0.00015707963267948963},{"ash_mass_kg":0.0,"char_mass_kg":0.0,"dry_wood_mass_kg":0.11435397259066847,"external_area_m2":0.006283185307179586,"moisture_mass_kg":0.06861238355440108,"oxygen_factor":1.0,"phase":"WET_WOOD","surface_exposure":1.0,"temperature_k":293.15,"volatile_potential_kg":0.0891960986207214,"volume_m3":0.0002199114857512855},{"ash_mass_kg":0.0,"char_mass_kg":0.0,"dry_wood_mass_kg":0.016336281798666922,"external_area_m2":0.0,"moisture_mass_kg":0.009801769079200153,"oxygen_factor":0.0,"phase":"WET_WOOD","surface_exposure":0.0,"temperature_k":293.15,"volatile_potential_kg":0.012742299802960199,"volume_m3":3.141592653589793e-05},{"ash_mass_kg":0.0,"char_mass_kg":0.0,"dry_wood_mass_kg":0.04900884539600077,"external_area_m2":0.0,"moisture_mass_kg":0.02940530723760046,"oxygen_factor":0.0,"phase":"WET_WOOD","surface_exposure":0.0,"temperature_k":293.15,"volatile_potential_kg":0.038226899408880605,"volume_m3":9.424777960769378e-05},{"ash_mass_kg":0.0,"char_mass_kg":0.0,"dry_wood_mass_kg":0.0816814089933346,"external_area_m2":0.0,"moisture_mass_kg":0.04900884539600076,"oxygen_factor":0.0,"phase":"WET_WOOD","surface_exposure":0.0,"temperature_k":293.15,"volatile_potential_kg":0.063711499014801,"volume_m3":0.00015707963267948963},{"ash_mass_kg":0.0,"char_mass_kg":0.0,"dry_wood_mass_kg":0.11435397259066847,"external_area_m2":0.006283185307179586,"moisture_mass_kg":0.06861238355440108,"oxygen_factor":1.0,"phase":"WET_WOOD","surface_exposure":1.0,"temperature_k":293.15,"volatile_potential_kg":0.0891960986207214,"volume_m3":0.0002199114857512855},{"ash_mass_kg":0.0,"char_mass_kg":0.0,"dry_wood_mass_kg":0.016336281798666922,"external_area_m2":0.0,"moisture_mass_kg":0.009801769079200153,"oxygen_factor":0.0,"phase":"WET_WOOD","surface_exposure":0.0,"temperature_k":293.15,"volatile_potential_kg":0.012742299802960199,"volume_m3":3.141592653589793e-05},{"ash_mass_kg":0.0,"char_mass_kg":0.0,"dry_wood_mass_kg":0.04900884539600077,"external_area_m2":0.0,"moisture_mass_kg":0.02940530723760046,"oxygen_factor":0.0,"phase":"WET_WOOD","surface_exposure":0.0,"temperature_k":293.15,"volatile_potential_kg":0.038226899408880605,"volume_m3":9.424777960769378e-05},{"ash_mass_kg":0.0,"char_mass_kg":0.0,"dry_wood_mass_kg":0.0816814089933346,"external_area_m2":0.0,"moisture_mass_kg":0.04900884539600076,"oxygen_factor":0.0,"phase":"WET_WOOD","surface_exposure":0.0,"temperature_k":293.15,"volatile_potential_kg":0.063711499014801,"volume_m3":0.00015707963267948963},{"ash_mass_kg":0.0,"char_mass_kg":0.0,"dry_wood_mass_kg":0.11435397259066847,"external_area_m2":0.006283185307179586,"moisture_mass_kg":0.06861238355440108,"oxygen_factor":1.0,"phase":"WET_WOOD","surface_exposure":1.0,"temperature_k":293.15,"volatile_potential_kg":0.0891960986207214,"volume_m3":0.0002199114857512855},{"ash_mass_kg":0.0,"char_mass_kg":0.0,"dry_wood_mass_kg":0.016336281798666922,"external_area_m2":0.0,"moisture_mass_kg":0.009801769079200153,"oxygen_factor":0.0,"phase":"WET_WOOD","surface_exposure":0.0,"temperature_k":293.15,"volatile_potential_kg":0.012742299802960199,"volume_m3":3.141592653589793e-05},{"ash_mass_kg":0.0,"char_mass_kg":0.0,"dry_wood_mass_kg":0.04900884539600077,"external_area_m2":0.0,"moisture_mass_kg":0.02940530723760046,"oxygen_factor":0.0,"phase":"WET_WOOD","surface_exposure":0.0,"temperature_k":293.15,"volatile_potential_kg":0.038226899408880605,"volume_m3":9.424777960769378e-05},{"ash_mass_kg":0.0,"char_mass_kg":0.0,"dry_wood_mass_kg":0.0816814089933346,"external_area_m2":0.0,"moisture_mass_kg":0.04900884539600076,"oxygen_factor":0.0,"phase":"WET_WOOD","surface_exposure":0.0,"temperature_k":293.15,"volatile_potential_kg":0.063711499014801,"volume_m3":0.00015707963267948963},{"ash_mass_kg":0.0,"char_mass_kg":0.0,"dry_wood_mass_kg":0.11435397259066847,"external_area_m2":0.006283185307179586,"moisture_mass_kg":0.06861238355440108,"oxygen_factor":1.0,"phase":"WET_WOOD","surface_exposure":1.0,"temperature_k":293.15,"volatile_potential_kg":0.0891960986207214,"volume_m3":0.0002199114857512855},{"ash_mass_kg":0.0,"char_mass_kg":0.0,"dry_wood_mass_kg":0.016336281798666922,"external_area_m2":0.0,"moisture_mass_kg":0.009801769079200153,"oxygen_factor":0.0,"phase":"WET_WOOD","surface_exposure":0.0,"temperature_k":293.15,"volatile_potential_kg":0.012742299802960199,"volume_m3":3.141592653589793e-05},{"ash_mass_kg":0.0,"char_mass_kg":0.0,"dry_wood_mass_kg":0.04900884539600077,"external_area_m2":0.0,"moisture_mass_kg":0.02940530723760046,"oxygen_factor":0.0,"phase":"WET_WOOD","surface_exposure":0.0,"temperature_k":293.15,"volatile_potential_kg":0.038226899408880605,"volume_m3":9.424777960769378e-05},{"ash_mass_kg":0.0,"char_mass_kg":0.0,"dry_wood_mass_kg":0.0816814089933346,"external_area_m2":0.0,"moisture_mass_kg":0.04900884539600076,"oxygen_factor":0.0,"phase":"WET_WOOD","surface_exposure":0.0,"temperature_k":293.15,"volatile_potential_kg":0.063711499014801,"volume_m3":0.00015707963267948963},{"ash_mass_kg":0.0,"char_mass_kg":0.0,"dry_wood_mass_kg":0.11435397259066847,"external_area_m2":0.006283185307179586,"moisture_mass_kg":0.06861238355440108,"oxygen_factor":1.0,"phase":"WET_WOOD","surface_exposure":1.0,"temperature_k":293.15,"volatile_potential_kg":0.0891960986207214,"volume_m3":0.0002199114857512855},{"ash_mass_kg":0.0,"char_mass_kg":0.0,"dry_wood_mass_kg":0.016336281798666922,"external_area_m2":0.0,"moisture_mass_kg":0.009801769079200153,"oxygen_factor":0.0,"phase":"WET_WOOD","surface_exposure":0.0,"temperature_k":293.15,"volatile_potential_kg":0.012742299802960199,"volume_m3":3.141592653589793e-05},{"ash_mass_kg":0.0,"char_mass_kg":0.0,"dry_wood_mass_kg":0.04900884539600077,"external_area_m2":0.0,"moisture_mass_kg":0.02940530723760046,"oxygen_factor":0.0,"phase":"WET_WOOD","surface_exposure":0.0,"temperature_k":293.15,"volatile_potential_kg":0.038226899408880605,"volume_m3":9.424777960769378e-05},{"ash_mass_kg":0.0,"char_mass_kg":0.0,"dry_wood_mass_kg":0.0816814089933346,"external_area_m2":0.0,"moisture_mass_kg":0.04900884539600076,"oxygen_factor":0.0,"phase":"WET_WOOD","surface_exposure":0.0,"temperature_k":293.15,"volatile_potential_kg":0.063711499014801,"volume_m3":0.00015707963267948963},{"ash_mass_kg":0.0,"char_mass_kg":0.0,"dry_wood_mass_kg":0.11435397259066847,"external_area_m2":0.006283185307179586,"moisture_mass_kg":0.06861238355440108,"oxygen_factor":1.0,"phase":"WET_WOOD","surface_exposure":1.0,"temperature_k":293.15,"volatile_potential_kg":0.0891960986207214,"volume_m3":0.0002199114857512855},{"ash_mass_kg":0.0,"char_mass_kg":0.0,"dry_wood_mass_kg":0.016336281798666922,"external_area_m2":0.0,"moisture_mass_kg":0.009801769079200153,"oxygen_factor":0.0,"phase":"WET_WOOD","surface_exposure":0.0,"temperature_k":293.15,"volatile_potential_kg":0.012742299802960199,"volume_m3":3.141592653589793e-05},{"ash_mass_kg":0.0,"char_mass_kg":0.0,"dry_wood_mass_kg":0.04900884539600077,"external_area_m2":0.0,"moisture_mass_kg":0.02940530723760046,"oxygen_factor":0.0,"phase":"WET_WOOD","surface_exposure":0.0,"temperature_k":293.15,"volatile_potential_kg":0.038226899408880605,"volume_m3":9.424777960769378e-05},{"ash_mass_kg":0.0,"char_mass_kg":0.0,"dry_wood_mass_kg":0.0816814089933346,"external_area_m2":0.0,"moisture_mass_kg":0.04900884539600076,"oxygen_factor":0.0,"phase":"WET_WOOD","surface_exposure":0.0,"temperature_k":293.15,"volatile_potential_kg":0.063711499014801,"volume_m3":0.00015707963267948963},{"ash_mass_kg":0.0,"char_mass_kg":0.0,"dry_wood_mass_kg":0.11435397259066847,"external_area_m2":0.006283185307179586,"moisture_mass_kg":0.06861238355440108,"oxygen_factor":1.0,"phase":"WET_WOOD","surface_exposure":1.0,"temperature_k":293.15,"volatile_potential_kg":0.0891960986207214,"volume_m3":0.0002199114857512855},{"ash_mass_kg":0.0,"char_mass_kg":0.0,"dry_wood_mass_kg":0.016336281798666922,"external_area_m2":0.0,"moisture_mass_kg":0.009801769079200153,"oxygen_factor":0.0,"phase":"WET_WOOD","surface_exposure":0.0,"temperature_k":293.15,"volatile_potential_kg":0.012742299802960199,"volume_m3":3.141592653589793e-05},{"ash_mass_kg":0.0,"char_mass_kg":0.0,"dry_wood_mass_kg":0.04900884539600077,"external_area_m2":0.0,"moisture_mass_kg":0.02940530723760046,"oxygen_factor":0.0,"phase":"WET_WOOD","surface_exposure":0.0,"temperature_k":293.15,"volatile_potential_kg":0.038226899408880605,"volume_m3":9.424777960769378e-05},{"ash_mass_kg":0.0,"char_mass_kg":0.0,"dry_wood_mass_kg":0.0816814089933346,"external_area_m2":0.0,"moisture_mass_kg":0.04900884539600076,"oxygen_factor":0.0,"phase":"WET_WOOD","surface_exposure":0.0,"temperature_k":293.15,"volatile_potential_kg":0.063711499014801,"volume_m3":0.00015707963267948963},{"ash_mass_kg":0.0,"char_mass_kg":0.0,"dry_wood_mass_kg":0.11435397259066847,"external_area_m2":0.006283185307179586,"moisture_mass_kg":0.06861238355440108,"oxygen_factor":1.0,"phase":"WET_WOOD","surface_exposure":1.0,"temperature_k":293.15,"volatile_potential_kg":0.0891960986207214,"volume_m3":0.0002199114857512855},{"ash_mass_kg":0.0,"char_mass_kg":0.0,"dry_wood_mass_kg":0.016336281798666922,"external_area_m2":0.0,"moisture_mass_kg":0.009801769079200153,"oxygen_factor":0.0,"phase":"WET_WOOD","surface_exposure":0.0,"temperature_k":293.15,"volatile_potential_kg":0.012742299802960199,"volume_m3":3.141592653589793e-05},{"ash_mass_kg":0.0,"char_mass_kg":0.0,"dry_wood_mass_kg":0.04900884539600077,"external_area_m2":0.0,"moisture_mass_kg":0.02940530723760046,"oxygen_factor":0.0,"phase":"WET_WOOD","surface_exposure":0.0,"temperature_k":293.15,"volatile_potential_kg":0.038226899408880605,"volume_m3":9.424777960769378e-05},{"ash_mass_kg":0.0,"char_mass_kg":0.0,"dry_wood_mass_kg":0.0816814089933346,"external_area_m2":0.0,"moisture_mass_kg":0.04900884539600076,"oxygen_factor":0.0,"phase":"WET_WOOD","surface_exposure":0.0,"temperature_k":293.15,"volatile_potential_kg":0.063711499014801,"volume_m3":0.00015707963267948963},{"ash_mass_kg":0.0,"char_mass_kg":0.0,"dry_wood_mass_kg":0.11435397259066847,"external_area_m2":0.006283185307179586,"moisture_mass_kg":0.06861238355440108,"oxygen_factor":1.0,"phase":"WET_WOOD","surface_exposure":1.0,"temperature_k":293.15,"volatile_potential_kg":0.0891960986207214,"volume_m3":0.0002199114857512855},{"ash_mass_kg":0.0,"char_mass_kg":0.0,"dry_wood_mass_kg":0.016336281798666922,"external_area_m2":0.0,"moisture_mass_kg":0.009801769079200153,"oxygen_factor":0.0,"phase":"WET_WOOD","surface_exposure":0.0,"temperature_k":293.15,"volatile_potential_kg":0.012742299802960199,"volume_m3":3.141592653589793e-05},{"ash_mass_kg":0.0,"char_mass_kg":0.0,"dry_wood_mass_kg":0.04900884539600077,"external_area_m2":0.0,"moisture_mass_kg":0.02940530723760046,"oxygen_factor":0.0,"phase":"WET_WOOD","surface_exposure":0.0,"temperature_k":293.15,"volatile_potential_kg":0.038226899408880605,"volume_m3":9.424777960769378e-05},{"ash_mass_kg":0.0,"char_mass_kg":0.0,"dry_wood_mass_kg":0.0816814089933346,"external_area_m2":0.0,"moisture_mass_kg":0.04900884539600076,"oxygen_factor":0.0,"phase":"WET_WOOD","surface_exposure":0.0,"temperature_k":293.15,"volatile_potential_kg":0.063711499014801,"volume_m3":0.00015707963267948963},{"ash_mass_kg":0.0,"char_mass_kg":0.0,"dry_wood_mass_kg":0.11435397259066847,"external_area_m2":0.006283185307179586,"moisture_mass_kg":0.06861238355440108,"oxygen_factor":1.0,"phase":"WET_WOOD","surface_exposure":1.0,"temperature_k":293.15,"volatile_potential_kg":0.0891960986207214,"volume_m3":0.0002199114857512855},{"ash_mass_kg":0.0,"char_mass_kg":0.0,"dry_wood_mass_kg":0.016336281798666922,"external_area_m2":0.0,"moisture_mass_kg":0.009801769079200153,"oxygen_factor":0.0,"phase":"WET_WOOD","surface_exposure":0.0,"temperature_k":293.15,"volatile_potential_kg":0.012742299802960199,"volume_m3":3.141592653589793e-05},{"ash_mass_kg":0.0,"char_mass_kg":0.0,"dry_wood_mass_kg":0.04900884539600077,"external_area_m2":0.0,"moisture_mass_kg":0.02940530723760046,"oxygen_factor":0.0,"phase":"WET_WOOD","surface_exposure":0.0,"temperature_k":293.15,"volatile_potential_kg":0.038226899408880605,"volume_m3":9.424777960769378e-05},{"ash_mass_kg":0.0,"char_mass_kg":0.0,"dry_wood_mass_kg":0.0816814089933346,"external_area_m2":0.0,"moisture_mass_kg":0.04900884539600076,"oxygen_factor":0.0,"phase":"WET_WOOD","surface_exposure":0.0,"temperature_k":293.15,"volatile_potential_kg":0.063711499014801,"volume_m3":0.00015707963267948963},{"ash_mass_kg":0.0,"char_mass_kg":0.0,"dry_wood_mass_kg":0.11435397259066847,"external_area_m2":0.006283185307179586,"moisture_mass_kg":0.06861238355440108,"oxygen_factor":1.0,"phase":"WET_WOOD","surface_exposure":1.0,"temperature_k":293.15,"volatile_potential_kg":0.0891960986207214,"volume_m3":0.0002199114857512855},{"ash_mass_kg":0.0,"char_mass_kg":0.0,"dry_wood_mass_kg":0.016336281798666922,"external_area_m2":0.0,"moisture_mass_kg":0.009801769079200153,"oxygen_factor":0.0,"phase":"WET_WOOD","surface_exposure":0.0,"temperature_k":293.15,"volatile_potential_kg":0.012742299802960199,"volume_m3":3.141592653589793e-05},{"ash_mass_kg":0.0,"char_mass_kg":0.0,"dry_wood_mass_kg":0.04900884539600077,"external_area_m2":0.0,"moisture_mass_kg":0.02940530723760046,"oxygen_factor":0.0,"phase":"WET_WOOD","surface_exposure":0.0,"temperature_k":293.15,"volatile_potential_kg":0.038226899408880605,"volume_m3":9.424777960769378e-05},{"ash_mass_kg":0.0,"char_mass_kg":0.0,"dry_wood_mass_kg":0.0816814089933346,"external_area_m2":0.0,"moisture_mass_kg":0.04900884539600076,"oxygen_factor":0.0,"phase":"WET_WOOD","surface_exposure":0.0,"temperature_k":293.15,"volatile_potential_kg":0.063711499014801,"volume_m3":0.00015707963267948963},{"ash_mass_kg":0.0,"char_mass_kg":0.0,"dry_wood_mass_kg":0.11435397259066847,"external_area_m2":0.006283185307179586,"moisture_mass_kg":0.06861238355440108,"oxygen_factor":1.0,"phase":"WET_WOOD","surface_exposure":1.0,"temperature_k":293.15,"volatile_potential_kg":0.0891960986207214,"volume_m3":0.0002199114857512855},{"ash_mass_kg":0.0,"char_mass_kg":0.0,"dry_wood_mass_kg":0.016336281798666922,"external_area_m2":0.0,"moisture_mass_kg":0.009801769079200153,"oxygen_factor":0.0,"phase":"WET_WOOD","surface_exposure":0.0,"temperature_k":293.15,"volatile_potential_kg":0.012742299802960199,"volume_m3":3.141592653589793e-05},{"ash_mass_kg":0.0,"char_mass_kg":0.0,"dry_wood_mass_kg":0.04900884539600077,"external_area_m2":0.0,"moisture_mass_kg":0.02940530723760046,"oxygen_factor":0.0,"phase":"WET_WOOD","surface_exposure":0.0,"temperature_k":293.15,"volatile_potential_kg":0.038226899408880605,"volume_m3":9.424777960769378e-05},{"ash_mass_kg":0.0,"char_mass_kg":0.0,"dry_wood_mass_kg":0.0816814089933346,"external_area_m2":0.0,"moisture_mass_kg":0.04900884539600076,"oxygen_factor":0.0,"phase":"WET_WOOD","surface_exposure":0.0,"temperature_k":293.15,"volatile_potential_kg":0.063711499014801,"volume_m3":0.00015707963267948963},{"ash_mass_kg":0.0,"char_mass_kg":0.0,"dry_wood_mass_kg":0.11435397259066847,"external_area_m2":0.006283185307179586,"moisture_mass_kg":0.06861238355440108,"oxygen_factor":1.0,"phase":"WET_WOOD","surface_exposure":1.0,"temperature_k":293.15,"volatile_potential_kg":0.0891960986207214,"volume_m3":0.0002199114857512855},{"ash_mass_kg":0.0,"char_mass_kg":0.0,"dry_wood_mass_kg":0.016336281798666922,"external_area_m2":0.0,"moisture_mass_kg":0.009801769079200153,"oxygen_factor":0.0,"phase":"WET_WOOD","surface_exposure":0.0,"temperature_k":293.15,"volatile_potential_kg":0.012742299802960199,"volume_m3":3.141592653589793e-05},{"ash_mass_kg":0.0,"char_mass_kg":0.0,"dry_wood_mass_kg":0.04900884539600077,"external_area_m2":0.0,"moisture_mass_kg":0.02940530723760046,"oxygen_factor":0.0,"phase":"WET_WOOD","surface_exposure":0.0,"temperature_k":293.15,"volatile_potential_kg":0.038226899408880605,"volume_m3":9.424777960769378e-05},{"ash_mass_kg":0.0,"char_mass_kg":0.0,"dry_wood_mass_kg":0.0816814089933346,"external_area_m2":0.0,"moisture_mass_kg":0.04900884539600076,"oxygen_factor":0.0,"phase":"WET_WOOD","surface_exposure":0.0,"temperature_k":293.15,"volatile_potential_kg":0.063711499014801,"volume_m3":0.00015707963267948963},{"ash_mass_kg":0.0,"char_mass_kg":0.0,"dry_wood_mass_kg":0.11435397259066847,"external_area_m2":0.006283185307179586,"moisture_mass_kg":0.06861238355440108,"oxygen_factor":1.0,"phase":"WET_WOOD","surface_exposure":1.0,"temperature_k":293.15,"volatile_potential_kg":0.0891960986207214,"volume_m3":0.0002199114857512855},{"ash_mass_kg":0.0,"char_mass_kg":0.0,"dry_wood_mass_kg":0.016336281798666922,"external_area_m2":0.0,"moisture_mass_kg":0.009801769079200153,"oxygen_factor":0.0,"phase":"WET_WOOD","surface_exposure":0.0,"temperature_k":293.15,"volatile_potential_kg":0.012742299802960199,"volume_m3":3.141592653589793e-05},{"ash_mass_kg":0.0,"char_mass_kg":0.0,"dry_wood_mass_kg":0.04900884539600077,"external_area_m2":0.0,"moisture_mass_kg":0.02940530723760046,"oxygen_factor":0.0,"phase":"WET_WOOD","surface_exposure":0.0,"temperature_k":293.15,"volatile_potential_kg":0.038226899408880605,"volume_m3":9.424777960769378e-05},{"ash_mass_kg":0.0,"char_mass_kg":0.0,"dry_wood_mass_kg":0.0816814089933346,"external_area_m2":0.0,"moisture_mass_kg":0.04900884539600076,"oxygen_factor":0.0,"phase":"WET_WOOD","surface_exposure":0.0,"temperature_k":293.15,"volatile_potential_kg":0.063711499014801,"volume_m3":0.00015707963267948963},{"ash_mass_kg":0.0,"char_mass_kg":0.0,"dry_wood_mass_kg":0.11435397259066847,"external_area_m2":0.006283185307179586,"moisture_mass_kg":0.06861238355440108,"oxygen_factor":1.0,"phase":"WET_WOOD","surface_exposure":1.0,"temperature_k":293.15,"volatile_potential_kg":0.0891960986207214,"volume_m3":0.0002199114857512855},{"ash_mass_kg":0.0,"char_mass_kg":0.0,"dry_wood_mass_kg":0.016336281798666922,"external_area_m2":0.0,"moisture_mass_kg":0.009801769079200153,"oxygen_factor":0.0,"phase":"WET_WOOD","surface_exposure":0.0,"temperature_k":293.15,"volatile_potential_kg":0.012742299802960199,"volume_m3":3.141592653589793e-05},{"ash_mass_kg":0.0,"char_mass_kg":0.0,"dry_wood_mass_kg":0.04900884539600077,"external_area_m2":0.0,"moisture_mass_kg":0.02940530723760046,"oxygen_factor":0.0,"phase":"WET_WOOD","surface_exposure":0.0,"temperature_k":293.15,"volatile_potential_kg":0.038226899408880605,"volume_m3":9.424777960769378e-05},{"ash_mass_kg":0.0,"char_mass_kg":0.0,"dry_wood_mass_kg":0.0816814089933346,"external_area_m2":0.0,"moisture_mass_kg":0.04900884539600076,"oxygen_factor":0.0,"phase":"WET_WOOD","surface_exposure":0.0,"temperature_k":293.15,"volatile_potential_kg":0.063711499014801,"volume_m3":0.00015707963267948963},{"ash_mass_kg":0.0,"char_mass_kg":0.0,"dry_wood_mass_kg":0.11435397259066847,"external_area_m2":0.006283185307179586,"moisture_mass_kg":0.06861238355440108,"oxygen_factor":1.0,"phase":"WET_WOOD","surface_exposure":1.0,"temperature_k":293.15,"volatile_potential_kg":0.0891960986207214,"volume_m3":0.0002199114857512855},{"ash_mass_kg":0.0,"char_mass_kg":0.0,"dry_wood_mass_kg":0.016336281798666922,"external_area_m2":0.0,"moisture_mass_kg":0.009801769079200153,"oxygen_factor":0.0,"phase":"WET_WOOD","surface_exposure":0.0,"temperature_k":293.15,"volatile_potential_kg":0.012742299802960199,"volume_m3":3.141592653589793e-05},{"ash_mass_kg":0.0,"char_mass_kg":0.0,"dry_wood_mass_kg":0.04900884539600077,"external_area_m2":0.0,"moisture_mass_kg":0.02940530723760046,"oxygen_factor":0.0,"phase":"WET_WOOD","surface_exposure":0.0,"temperature_k":293.15,"volatile_potential_kg":0.038226899408880605,"volume_m3":9.424777960769378e-05},{"ash_mass_kg":0.0,"char_mass_kg":0.0,"dry_wood_mass_kg":0.0816814089933346,"external_area_m2":0.0,"moisture_mass_kg":0.04900884539600076,"oxygen_factor":0.0,"phase":"WET_WOOD","surface_exposure":0.0,"temperature_k":293.15,"volatile_potential_kg":0.063711499014801,"volume_m3":0.00015707963267948963},{"ash_mass_kg":0.0,"char_mass_kg":0.0,"dry_wood_mass_kg":0.11435397259066847,"external_area_m2":0.006283185307179586,"moisture_mass_kg":0.06861238355440108,"oxygen_factor":1.0,"phase":"WET_WOOD","surface_exposure":1.0,"temperature_k":293.15,"volatile_potential_kg":0.0891960986207214,"volume_m3":0.0002199114857512855},{"ash_mass_kg":0.0,"char_mass_kg":0.0,"dry_wood_mass_kg":0.016336281798666922,"external_area_m2":0.0,"moisture_mass_kg":0.009801769079200153,"oxygen_factor":0.0,"phase":"WET_WOOD","surface_exposure":0.0,"temperature_k":293.15,"volatile_potential_kg":0.012742299802960199,"volume_m3":3.141592653589793e-05},{"ash_mass_kg":0.0,"char_mass_kg":0.0,"dry_wood_mass_kg":0.04900884539600077,"external_area_m2":0.0,"moisture_mass_kg":0.02940530723760046,"oxygen_factor":0.0,"phase":"WET_WOOD","surface_exposure":0.0,"temperature_k":293.15,"volatile_potential_kg":0.038226899408880605,"volume_m3":9.424777960769378e-05},{"ash_mass_kg":0.0,"char_mass_kg":0.0,"dry_wood_mass_kg":0.0816814089933346,"external_area_m2":0.0,"moisture_mass_kg":0.04900884539600076,"oxygen_factor":0.0,"phase":"WET_WOOD","surface_exposure":0.0,"temperature_k":293.15,"volatile_potential_kg":0.063711499014801,"volume_m3":0.00015707963267948963},{"ash_mass_kg":0.0,"char_mass_kg":0.0,"dry_wood_mass_kg":0.11435397259066847,"external_area_m2":0.006283185307179586,"moisture_mass_kg":0.06861238355440108,"oxygen_factor":1.0,"phase":"WET_WOOD","surface_exposure":1.0,"temperature_k":293.15,"volatile_potential_kg":0.0891960986207214,"volume_m3":0.0002199114857512855},{"ash_mass_kg":0.0,"char_mass_kg":0.0,"dry_wood_mass_kg":0.016336281798666922,"external_area_m2":0.0,"moisture_mass_kg":0.009801769079200153,"oxygen_factor":0.0,"phase":"WET_WOOD","surface_exposure":0.0,"temperature_k":293.15,"volatile_potential_kg":0.012742299802960199,"volume_m3":3.141592653589793e-05},{"ash_mass_kg":0.0,"char_mass_kg":0.0,"dry_wood_mass_kg":0.04900884539600077,"external_area_m2":0.0,"moisture_mass_kg":0.02940530723760046,"oxygen_factor":0.0,"phase":"WET_WOOD","surface_exposure":0.0,"temperature_k":293.15,"volatile_potential_kg":0.038226899408880605,"volume_m3":9.424777960769378e-05},{"ash_mass_kg":0.0,"char_mass_kg":0.0,"dry_wood_mass_kg":0.0816814089933346,"external_area_m2":0.0,"moisture_mass_kg":0.04900884539600076,"oxygen_factor":0.0,"phase":"WET_WOOD","surface_exposure":0.0,"temperature_k":293.15,"volatile_potential_kg":0.063711499014801,"volume_m3":0.00015707963267948963},{"ash_mass_kg":0.0,"char_mass_kg":0.0,"dry_wood_mass_kg":0.11435397259066847,"external_area_m2":0.006283185307179586,"moisture_mass_kg":0.06861238355440108,"oxygen_factor":1.0,"phase":"WET_WOOD","surface_exposure":1.0,"temperature_k":293.15,"volatile_potential_kg":0.0891960986207214,"volume_m3":0.0002199114857512855},{"ash_mass_kg":0.0,"char_mass_kg":0.0,"dry_wood_mass_kg":0.016336281798666922,"external_area_m2":0.0,"moisture_mass_kg":0.009801769079200153,"oxygen_factor":0.0,"phase":"WET_WOOD","surface_exposure":0.0,"temperature_k":293.15,"volatile_potential_kg":0.012742299802960199,"volume_m3":3.141592653589793e-05},{"ash_mass_kg":0.0,"char_mass_kg":0.0,"dry_wood_mass_kg":0.04900884539600077,"external_area_m2":0.0,"moisture_mass_kg":0.02940530723760046,"oxygen_factor":0.0,"phase":"WET_WOOD","surface_exposure":0.0,"temperature_k":293.15,"volatile_potential_kg":0.038226899408880605,"volume_m3":9.424777960769378e-05},{"ash_mass_kg":0.0,"char_mass_kg":0.0,"dry_wood_mass_kg":0.0816814089933346,"external_area_m2":0.0,"moisture_mass_kg":0.04900884539600076,"oxygen_factor":0.0,"phase":"WET_WOOD","surface_exposure":0.0,"temperature_k":293.15,"volatile_potential_kg":0.063711499014801,"volume_m3":0.00015707963267948963},{"ash_mass_kg":0.0,"char_mass_kg":0.0,"dry_wood_mass_kg":0.11435397259066847,"external_area_m2":0.006283185307179586,"moisture_mass_kg":0.06861238355440108,"oxygen_factor":1.0,"phase":"WET_WOOD","surface_exposure":1.0,"temperature_k":293.15,"volatile_potential_kg":0.0891960986207214,"volume_m3":0.0002199114857512855},{"ash_mass_kg":0.0,"char_mass_kg":0.0,"dry_wood_mass_kg":0.016336281798666922,"external_area_m2":0.0,"moisture_mass_kg":0.009801769079200153,"oxygen_factor":0.0,"phase":"WET_WOOD","surface_exposure":0.0,"temperature_k":293.15,"volatile_potential_kg":0.012742299802960199,"volume_m3":3.141592653589793e-05},{"ash_mass_kg":0.0,"char_mass_kg":0.0,"dry_wood_mass_kg":0.04900884539600077,"external_area_m2":0.0,"moisture_mass_kg":0.02940530723760046,"oxygen_factor":0.0,"phase":"WET_WOOD","surface_exposure":0.0,"temperature_k":293.15,"volatile_potential_kg":0.038226899408880605,"volume_m3":9.424777960769378e-05},{"ash_mass_kg":0.0,"char_mass_kg":0.0,"dry_wood_mass_kg":0.0816814089933346,"external_area_m2":0.0,"moisture_mass_kg":0.04900884539600076,"oxygen_factor":0.0,"phase":"WET_WOOD","surface_exposure":0.0,"temperature_k":293.15,"volatile_potential_kg":0.063711499014801,"volume_m3":0.00015707963267948963},{"ash_mass_kg":0.0,"char_mass_kg":0.0,"dry_wood_mass_kg":0.11435397259066847,"external_area_m2":0.006283185307179586,"moisture_mass_kg":0.06861238355440108,"oxygen_factor":1.0,"phase":"WET_WOOD","surface_exposure":1.0,"temperature_k":293.15,"volatile_potential_kg":0.0891960986207214,"volume_m3":0.0002199114857512855},{"ash_mass_kg":0.0,"char_mass_kg":0.0,"dry_wood_mass_kg":0.016336281798666922,"external_area_m2":0.0,"moisture_mass_kg":0.009801769079200153,"oxygen_factor":0.0,"phase":"WET_WOOD","surface_exposure":0.0,"temperature_k":293.15,"volatile_potential_kg":0.012742299802960199,"volume_m3":3.141592653589793e-05},{"ash_mass_kg":0.0,"char_mass_kg":0.0,"dry_wood_mass_kg":0.04900884539600077,"external_area_m2":0.0,"moisture_mass_kg":0.02940530723760046,"oxygen_factor":0.0,"phase":"WET_WOOD","surface_exposure":0.0,"temperature_k":293.15,"volatile_potential_kg":0.038226899408880605,"volume_m3":9.424777960769378e-05},{"ash_mass_kg":0.0,"char_mass_kg":0.0,"dry_wood_mass_kg":0.0816814089933346,"external_area_m2":0.0,"moisture_mass_kg":0.04900884539600076,"oxygen_factor":0.0,"phase":"WET_WOOD","surface_exposure":0.0,"temperature_k":293.15,"volatile_potential_kg":0.063711499014801,"volume_m3":0.00015707963267948963},{"ash_mass_kg":0.0,"char_mass_kg":0.0,"dry_wood_mass_kg":0.11435397259066847,"external_area_m2":0.006283185307179586,"moisture_mass_kg":0.06861238355440108,"oxygen_factor":1.0,"phase":"WET_WOOD","surface_exposure":1.0,"temperature_k":293.15,"volatile_potential_kg":0.0891960986207214,"volume_m3":0.0002199114857512855},{"ash_mass_kg":0.0,"char_mass_kg":0.0,"dry_wood_mass_kg":0.016336281798666922,"external_area_m2":0.0,"moisture_mass_kg":0.009801769079200153,"oxygen_factor":0.0,"phase":"WET_WOOD","surface_exposure":0.0,"temperature_k":293.15,"volatile_potential_kg":0.012742299802960199,"volume_m3":3.141592653589793e-05},{"ash_mass_kg":0.0,"char_mass_kg":0.0,"dry_wood_mass_kg":0.04900884539600077,"external_area_m2":0.0,"moisture_mass_kg":0.02940530723760046,"oxygen_factor":0.0,"phase":"WET_WOOD","surface_exposure":0.0,"temperature_k":293.15,"volatile_potential_kg":0.038226899408880605,"volume_m3":9.424777960769378e-05},{"ash_mass_kg":0.0,"char_mass_kg":0.0,"dry_wood_mass_kg":0.0816814089933346,"external_area_m2":0.0,"moisture_mass_kg":0.04900884539600076,"oxygen_factor":0.0,"phase":"WET_WOOD","surface_exposure":0.0,"temperature_k":293.15,"volatile_potential_kg":0.063711499014801,"volume_m3":0.00015707963267948963},{"ash_mass_kg":0.0,"char_mass_kg":0.0,"dry_wood_mass_kg":0.11435397259066847,"external_area_m2":0.006283185307179586,"moisture_mass_kg":0.06861238355440108,"oxygen_factor":1.0,"phase":"WET_WOOD","surface_exposure":1.0,"temperature_k":293.15,"volatile_potential_kg":0.0891960986207214,"volume_m3":0.0002199114857512855},{"ash_mass_kg":0.0,"char_mass_kg":0.0,"dry_wood_mass_kg":0.016336281798666922,"external_area_m2":0.0,"moisture_mass_kg":0.009801769079200153,"oxygen_factor":0.0,"phase":"WET_WOOD","surface_exposure":0.0,"temperature_k":293.15,"volatile_potential_kg":0.012742299802960199,"volume_m3":3.141592653589793e-05},{"ash_mass_kg":0.0,"char_mass_kg":0.0,"dry_wood_mass_kg":0.04900884539600077,"external_area_m2":0.0,"moisture_mass_kg":0.02940530723760046,"oxygen_factor":0.0,"phase":"WET_WOOD","surface_exposure":0.0,"temperature_k":293.15,"volatile_potential_kg":0.038226899408880605,"volume_m3":9.424777960769378e-05},{"ash_mass_kg":0.0,"char_mass_kg":0.0,"dry_wood_mass_kg":0.0816814089933346,"external_area_m2":0.0,"moisture_mass_kg":0.04900884539600076,"oxygen_factor":0.0,"phase":"WET_WOOD","surface_exposure":0.0,"temperature_k":293.15,"volatile_potential_kg":0.063711499014801,"volume_m3":0.00015707963267948963},{"ash_mass_kg":0.0,"char_mass_kg":0.0,"dry_wood_mass_kg":0.11435397259066847,"external_area_m2":0.006283185307179586,"moisture_mass_kg":0.06861238355440108,"oxygen_factor":1.0,"phase":"WET_WOOD","surface_exposure":1.0,"temperature_k":293.15,"volatile_potential_kg":0.0891960986207214,"volume_m3":0.0002199114857512855},{"ash_mass_kg":0.0,"char_mass_kg":0.0,"dry_wood_mass_kg":0.016336281798666922,"external_area_m2":0.0,"moisture_mass_kg":0.009801769079200153,"oxygen_factor":0.0,"phase":"WET_WOOD","surface_exposure":0.0,"temperature_k":293.15,"volatile_potential_kg":0.012742299802960199,"volume_m3":3.141592653589793e-05},{"ash_mass_kg":0.0,"char_mass_kg":0.0,"dry_wood_mass_kg":0.04900884539600077,"external_area_m2":0.0,"moisture_mass_kg":0.02940530723760046,"oxygen_factor":0.0,"phase":"WET_WOOD","surface_exposure":0.0,"temperature_k":293.15,"volatile_potential_kg":0.038226899408880605,"volume_m3":9.424777960769378e-05},{"ash_mass_kg":0.0,"char_mass_kg":0.0,"dry_wood_mass_kg":0.0816814089933346,"external_area_m2":0.0,"moisture_mass_kg":0.04900884539600076,"oxygen_factor":0.0,"phase":"WET_WOOD","surface_exposure":0.0,"temperature_k":293.15,"volatile_potential_kg":0.063711499014801,"volume_m3":0.00015707963267948963},{"ash_mass_kg":0.0,"char_mass_kg":0.0,"dry_wood_mass_kg":0.11435397259066847,"external_area_m2":0.006283185307179586,"moisture_mass_kg":0.06861238355440108,"oxygen_factor":1.0,"phase":"WET_WOOD","surface_exposure":1.0,"temperature_k":293.15,"volatile_potential_kg":0.0891960986207214,"volume_m3":0.0002199114857512855},{"ash_mass_kg":0.0,"char_mass_kg":0.0,"dry_wood_mass_kg":0.016336281798666922,"external_area_m2":0.0,"moisture_mass_kg":0.009801769079200153,"oxygen_factor":0.0,"phase":"WET_WOOD","surface_exposure":0.0,"temperature_k":293.15,"volatile_potential_kg":0.012742299802960199,"volume_m3":3.141592653589793e-05},{"ash_mass_kg":0.0,"char_mass_kg":0.0,"dry_wood_mass_kg":0.04900884539600077,"external_area_m2":0.0,"moisture_mass_kg":0.02940530723760046,"oxygen_factor":0.0,"phase":"WET_WOOD","surface_exposure":0.0,"temperature_k":293.15,"volatile_potential_kg":0.038226899408880605,"volume_m3":9.424777960769378e-05},{"ash_mass_kg":0.0,"char_mass_kg":0.0,"dry_wood_mass_kg":0.0816814089933346,"external_area_m2":0.0,"moisture_mass_kg":0.04900884539600076,"oxygen_factor":0.0,"phase":"WET_WOOD","surface_exposure":0.0,"temperature_k":293.15,"volatile_potential_kg":0.063711499014801,"volume_m3":0.00015707963267948963},{"ash_mass_kg":0.0,"char_mass_kg":0.0,"dry_wood_mass_kg":0.11435397259066847,"external_area_m2":0.006283185307179586,"moisture_mass_kg":0.06861238355440108,"oxygen_factor":1.0,"phase":"WET_WOOD","surface_exposure":1.0,"temperature_k":293.15,"volatile_potential_kg":0.0891960986207214,"volume_m3":0.0002199114857512855},{"ash_mass_kg":0.0,"char_mass_kg":0.0,"dry_wood_mass_kg":0.016336281798666922,"external_area_m2":0.0,"moisture_mass_kg":0.009801769079200153,"oxygen_factor":0.0,"phase":"WET_WOOD","surface_exposure":0.0,"temperature_k":293.15,"volatile_potential_kg":0.012742299802960199,"volume_m3":3.141592653589793e-05},{"ash_mass_kg":0.0,"char_mass_kg":0.0,"dry_wood_mass_kg":0.04900884539600077,"external_area_m2":0.0,"moisture_mass_kg":0.02940530723760046,"oxygen_factor":0.0,"phase":"WET_WOOD","surface_exposure":0.0,"temperature_k":293.15,"volatile_potential_kg":0.038226899408880605,"volume_m3":9.424777960769378e-05},{"ash_mass_kg":0.0,"char_mass_kg":0.0,"dry_wood_mass_kg":0.0816814089933346,"external_area_m2":0.0,"moisture_mass_kg":0.04900884539600076,"oxygen_factor":0.0,"phase":"WET_WOOD","surface_exposure":0.0,"temperature_k":293.15,"volatile_potential_kg":0.063711499014801,"volume_m3":0.00015707963267948963},{"ash_mass_kg":0.0,"char_mass_kg":0.0,"dry_wood_mass_kg":0.11435397259066847,"external_area_m2":0.006283185307179586,"moisture_mass_kg":0.06861238355440108,"oxygen_factor":1.0,"phase":"WET_WOOD","surface_exposure":1.0,"temperature_k":293.15,"volatile_potential_kg":0.0891960986207214,"volume_m3":0.0002199114857512855},{"ash_mass_kg":0.0,"char_mass_kg":0.0,"dry_wood_mass_kg":0.016336281798666922,"external_area_m2":0.0,"moisture_mass_kg":0.009801769079200153,"oxygen_factor":0.0,"phase":"WET_WOOD","surface_exposure":0.0,"temperature_k":293.15,"volatile_potential_kg":0.012742299802960199,"volume_m3":3.141592653589793e-05},{"ash_mass_kg":0.0,"char_mass_kg":0.0,"dry_wood_mass_kg":0.04900884539600077,"external_area_m2":0.0,"moisture_mass_kg":0.02940530723760046,"oxygen_factor":0.0,"phase":"WET_WOOD","surface_exposure":0.0,"temperature_k":293.15,"volatile_potential_kg":0.038226899408880605,"volume_m3":9.424777960769378e-05},{"ash_mass_kg":0.0,"char_mass_kg":0.0,"dry_wood_mass_kg":0.0816814089933346,"external_area_m2":0.0,"moisture_mass_kg":0.04900884539600076,"oxygen_factor":0.0,"phase":"WET_WOOD","surface_exposure":0.0,"temperature_k":293.15,"volatile_potential_kg":0.063711499014801,"volume_m3":0.00015707963267948963},{"ash_mass_kg":0.0,"char_mass_kg":0.0,"dry_wood_mass_kg":0.11435397259066847,"external_area_m2":0.006283185307179586,"moisture_mass_kg":0.06861238355440108,"oxygen_factor":1.0,"phase":"WET_WOOD","surface_exposure":1.0,"temperature_k":293.15,"volatile_potential_kg":0.0891960986207214,"volume_m3":0.0002199114857512855},{"ash_mass_kg":0.0,"char_mass_kg":0.0,"dry_wood_mass_kg":0.016336281798666922,"external_area_m2":0.0,"moisture_mass_kg":0.009801769079200153,"oxygen_factor":0.0,"phase":"WET_WOOD","surface_exposure":0.0,"temperature_k":293.15,"volatile_potential_kg":0.012742299802960199,"volume_m3":3.141592653589793e-05},{"ash_mass_kg":0.0,"char_mass_kg":0.0,"dry_wood_mass_kg":0.04900884539600077,"external_area_m2":0.0,"moisture_mass_kg":0.02940530723760046,"oxygen_factor":0.0,"phase":"WET_WOOD","surface_exposure":0.0,"temperature_k":293.15,"volatile_potential_kg":0.038226899408880605,"volume_m3":9.424777960769378e-05},{"ash_mass_kg":0.0,"char_mass_kg":0.0,"dry_wood_mass_kg":0.0816814089933346,"external_area_m2":0.0,"moisture_mass_kg":0.04900884539600076,"oxygen_factor":0.0,"phase":"WET_WOOD","surface_exposure":0.0,"temperature_k":293.15,"volatile_potential_kg":0.063711499014801,"volume_m3":0.00015707963267948963},{"ash_mass_kg":0.0,"char_mass_kg":0.0,"dry_wood_mass_kg":0.11435397259066847,"external_area_m2":0.006283185307179586,"moisture_mass_kg":0.06861238355440108,"oxygen_factor":1.0,"phase":"WET_WOOD","surface_exposure":1.0,"temperature_k":293.15,"volatile_potential_kg":0.0891960986207214,"volume_m3":0.0002199114857512855},{"ash_mass_kg":0.0,"char_mass_kg":0.0,"dry_wood_mass_kg":0.016336281798666922,"external_area_m2":0.0,"moisture_mass_kg":0.009801769079200153,"oxygen_factor":0.0,"phase":"WET_WOOD","surface_exposure":0.0,"temperature_k":293.15,"volatile_potential_kg":0.012742299802960199,"volume_m3":3.141592653589793e-05},{"ash_mass_kg":0.0,"char_mass_kg":0.0,"dry_wood_mass_kg":0.04900884539600077,"external_area_m2":0.0,"moisture_mass_kg":0.02940530723760046,"oxygen_factor":0.0,"phase":"WET_WOOD","surface_exposure":0.0,"temperature_k":293.15,"volatile_potential_kg":0.038226899408880605,"volume_m3":9.424777960769378e-05},{"ash_mass_kg":0.0,"char_mass_kg":0.0,"dry_wood_mass_kg":0.0816814089933346,"external_area_m2":0.0,"moisture_mass_kg":0.04900884539600076,"oxygen_factor":0.0,"phase":"WET_WOOD","surface_exposure":0.0,"temperature_k":293.15,"volatile_potential_kg":0.063711499014801,"volume_m3":0.00015707963267948963},{"ash_mass_kg":0.0,"char_mass_kg":0.0,"dry_wood_mass_kg":0.11435397259066847,"external_area_m2":0.006283185307179586,"moisture_mass_kg":0.06861238355440108,"oxygen_factor":1.0,"phase":"WET_WOOD","surface_exposure":1.0,"temperature_k":293.15,"volatile_potential_kg":0.0891960986207214,"volume_m3":0.0002199114857512855},{"ash_mass_kg":0.0,"char_mass_kg":0.0,"dry_wood_mass_kg":0.016336281798666922,"external_area_m2":0.0,"moisture_mass_kg":0.009801769079200153,"oxygen_factor":0.0,"phase":"WET_WOOD","surface_exposure":0.0,"temperature_k":293.15,"volatile_potential_kg":0.012742299802960199,"volume_m3":3.141592653589793e-05},{"ash_mass_kg":0.0,"char_mass_kg":0.0,"dry_wood_mass_kg":0.04900884539600077,"external_area_m2":0.0,"moisture_mass_kg":0.02940530723760046,"oxygen_factor":0.0,"phase":"WET_WOOD","surface_exposure":0.0,"temperature_k":293.15,"volatile_potential_kg":0.038226899408880605,"volume_m3":9.424777960769378e-05},{"ash_mass_kg":0.0,"char_mass_kg":0.0,"dry_wood_mass_kg":0.0816814089933346,"external_area_m2":0.0,"moisture_mass_kg":0.04900884539600076,"oxygen_factor":0.0,"phase":"WET_WOOD","surface_exposure":0.0,"temperature_k":293.15,"volatile_potential_kg":0.063711499014801,"volume_m3":0.00015707963267948963},{"ash_mass_kg":0.0,"char_mass_kg":0.0,"dry_wood_mass_kg":0.11435397259066847,"external_area_m2":0.006283185307179586,"moisture_mass_kg":0.06861238355440108,"oxygen_factor":1.0,"phase":"WET_WOOD","surface_exposure":1.0,"temperature_k":293.15,"volatile_potential_kg":0.0891960986207214,"volume_m3":0.0002199114857512855},{"ash_mass_kg":0.0,"char_mass_kg":0.0,"dry_wood_mass_kg":0.016336281798666922,"external_area_m2":0.0,"moisture_mass_kg":0.009801769079200153,"oxygen_factor":0.0,"phase":"WET_WOOD","surface_exposure":0.0,"temperature_k":293.15,"volatile_potential_kg":0.012742299802960199,"volume_m3":3.141592653589793e-05},{"ash_mass_kg":0.0,"char_mass_kg":0.0,"dry_wood_mass_kg":0.04900884539600077,"external_area_m2":0.0,"moisture_mass_kg":0.02940530723760046,"oxygen_factor":0.0,"phase":"WET_WOOD","surface_exposure":0.0,"temperature_k":293.15,"volatile_potential_kg":0.038226899408880605,"volume_m3":9.424777960769378e-05},{"ash_mass_kg":0.0,"char_mass_kg":0.0,"dry_wood_mass_kg":0.0816814089933346,"external_area_m2":0.0,"moisture_mass_kg":0.04900884539600076,"oxygen_factor":0.0,"phase":"WET_WOOD","surface_exposure":0.0,"temperature_k":293.15,"volatile_potential_kg":0.063711499014801,"volume_m3":0.00015707963267948963},{"ash_mass_kg":0.0,"char_mass_kg":0.0,"dry_wood_mass_kg":0.11435397259066847,"external_area_m2":0.006283185307179586,"moisture_mass_kg":0.06861238355440108,"oxygen_factor":1.0,"phase":"WET_WOOD","surface_exposure":1.0,"temperature_k":293.15,"volatile_potential_kg":0.0891960986207214,"volume_m3":0.0002199114857512855},{"ash_mass_kg":0.0,"char_mass_kg":0.0,"dry_wood_mass_kg":0.016336281798666922,"external_area_m2":0.0,"moisture_mass_kg":0.009801769079200153,"oxygen_factor":0.0,"phase":"WET_WOOD","surface_exposure":0.0,"temperature_k":293.15,"volatile_potential_kg":0.012742299802960199,"volume_m3":3.141592653589793e-05},{"ash_mass_kg":0.0,"char_mass_kg":0.0,"dry_wood_mass_kg":0.04900884539600077,"external_area_m2":0.0,"moisture_mass_kg":0.02940530723760046,"oxygen_factor":0.0,"phase":"WET_WOOD","surface_exposure":0.0,"temperature_k":293.15,"volatile_potential_kg":0.038226899408880605,"volume_m3":9.424777960769378e-05},{"ash_mass_kg":0.0,"char_mass_kg":0.0,"dry_wood_mass_kg":0.0816814089933346,"external_area_m2":0.0,"moisture_mass_kg":0.04900884539600076,"oxygen_factor":0.0,"phase":"WET_WOOD","surface_exposure":0.0,"temperature_k":293.15,"volatile_potential_kg":0.063711499014801,"volume_m3":0.00015707963267948963},{"ash_mass_kg":0.0,"char_mass_kg":0.0,"dry_wood_mass_kg":0.11435397259066847,"external_area_m2":0.006283185307179586,"moisture_mass_kg":0.06861238355440108,"oxygen_factor":1.0,"phase":"WET_WOOD","surface_exposure":1.0,"temperature_k":293.15,"volatile_potential_kg":0.0891960986207214,"volume_m3":0.0002199114857512855},{"ash_mass_kg":0.0,"char_mass_kg":0.0,"dry_wood_mass_kg":0.016336281798666922,"external_area_m2":0.0,"moisture_mass_kg":0.009801769079200153,"oxygen_factor":0.0,"phase":"WET_WOOD","surface_exposure":0.0,"temperature_k":293.15,"volatile_potential_kg":0.012742299802960199,"volume_m3":3.141592653589793e-05},{"ash_mass_kg":0.0,"char_mass_kg":0.0,"dry_wood_mass_kg":0.04900884539600077,"external_area_m2":0.0,"moisture_mass_kg":0.02940530723760046,"oxygen_factor":0.0,"phase":"WET_WOOD","surface_exposure":0.0,"temperature_k":293.15,"volatile_potential_kg":0.038226899408880605,"volume_m3":9.424777960769378e-05},{"ash_mass_kg":0.0,"char_mass_kg":0.0,"dry_wood_mass_kg":0.0816814089933346,"external_area_m2":0.0,"moisture_mass_kg":0.04900884539600076,"oxygen_factor":0.0,"phase":"WET_WOOD","surface_exposure":0.0,"temperature_k":293.15,"volatile_potential_kg":0.063711499014801,"volume_m3":0.00015707963267948963},{"ash_mass_kg":0.0,"char_mass_kg":0.0,"dry_wood_mass_kg":0.11435397259066847,"external_area_m2":0.006283185307179586,"moisture_mass_kg":0.06861238355440108,"oxygen_factor":1.0,"phase":"WET_WOOD","surface_exposure":1.0,"temperature_k":293.15,"volatile_potential_kg":0.0891960986207214,"volume_m3":0.0002199114857512855},{"ash_mass_kg":0.0,"char_mass_kg":0.0,"dry_wood_mass_kg":0.016336281798666922,"external_area_m2":0.0,"moisture_mass_kg":0.009801769079200153,"oxygen_factor":0.0,"phase":"WET_WOOD","surface_exposure":0.0,"temperature_k":293.15,"volatile_potential_kg":0.012742299802960199,"volume_m3":3.141592653589793e-05},{"ash_mass_kg":0.0,"char_mass_kg":0.0,"dry_wood_mass_kg":0.04900884539600077,"external_area_m2":0.0,"moisture_mass_kg":0.02940530723760046,"oxygen_factor":0.0,"phase":"WET_WOOD","surface_exposure":0.0,"temperature_k":293.15,"volatile_potential_kg":0.038226899408880605,"volume_m3":9.424777960769378e-05},{"ash_mass_kg":0.0,"char_mass_kg":0.0,"dry_wood_mass_kg":0.0816814089933346,"external_area_m2":0.0,"moisture_mass_kg":0.04900884539600076,"oxygen_factor":0.0,"phase":"WET_WOOD","surface_exposure":0.0,"temperature_k":293.15,"volatile_potential_kg":0.063711499014801,"volume_m3":0.00015707963267948963},{"ash_mass_kg":0.0,"char_mass_kg":0.0,"dry_wood_mass_kg":0.11435397259066847,"external_area_m2":0.006283185307179586,"moisture_mass_kg":0.06861238355440108,"oxygen_factor":1.0,"phase":"WET_WOOD","surface_exposure":1.0,"temperature_k":293.15,"volatile_potential_kg":0.0891960986207214,"volume_m3":0.0002199114857512855},{"ash_mass_kg":0.0,"char_mass_kg":0.0,"dry_wood_mass_kg":0.016336281798666922,"external_area_m2":0.0,"moisture_mass_kg":0.009801769079200153,"oxygen_factor":0.0,"phase":"WET_WOOD","surface_exposure":0.0,"temperature_k":293.15,"volatile_potential_kg":0.012742299802960199,"volume_m3":3.141592653589793e-05},{"ash_mass_kg":0.0,"char_mass_kg":0.0,"dry_wood_mass_kg":0.04900884539600077,"external_area_m2":0.0,"moisture_mass_kg":0.02940530723760046,"oxygen_factor":0.0,"phase":"WET_WOOD","surface_exposure":0.0,"temperature_k":293.15,"volatile_potential_kg":0.038226899408880605,"volume_m3":9.424777960769378e-05},{"ash_mass_kg":0.0,"char_mass_kg":0.0,"dry_wood_mass_kg":0.0816814089933346,"external_area_m2":0.0,"moisture_mass_kg":0.04900884539600076,"oxygen_factor":0.0,"phase":"WET_WOOD","surface_exposure":0.0,"temperature_k":293.15,"volatile_potential_kg":0.063711499014801,"volume_m3":0.00015707963267948963},{"ash_mass_kg":0.0,"char_mass_kg":0.0,"dry_wood_mass_kg":0.11435397259066847,"external_area_m2":0.006283185307179586,"moisture_mass_kg":0.06861238355440108,"oxygen_factor":1.0,"phase":"WET_WOOD","surface_exposure":1.0,"temperature_k":293.15,"volatile_potential_kg":0.0891960986207214,"volume_m3":0.0002199114857512855},{"ash_mass_kg":0.0,"char_mass_kg":0.0,"dry_wood_mass_kg":0.016336281798666922,"external_area_m2":0.0,"moisture_mass_kg":0.009801769079200153,"oxygen_factor":0.0,"phase":"WET_WOOD","surface_exposure":0.0,"temperature_k":293.15,"volatile_potential_kg":0.012742299802960199,"volume_m3":3.141592653589793e-05},{"ash_mass_kg":0.0,"char_mass_kg":0.0,"dry_wood_mass_kg":0.04900884539600077,"external_area_m2":0.0,"moisture_mass_kg":0.02940530723760046,"oxygen_factor":0.0,"phase":"WET_WOOD","surface_exposure":0.0,"temperature_k":293.15,"volatile_potential_kg":0.038226899408880605,"volume_m3":9.424777960769378e-05},{"ash_mass_kg":0.0,"char_mass_kg":0.0,"dry_wood_mass_kg":0.0816814089933346,"external_area_m2":0.0,"moisture_mass_kg":0.04900884539600076,"oxygen_factor":0.0,"phase":"WET_WOOD","surface_exposure":0.0,"temperature_k":293.15,"volatile_potential_kg":0.063711499014801,"volume_m3":0.00015707963267948963},{"ash_mass_kg":0.0,"char_mass_kg":0.0,"dry_wood_mass_kg":0.11435397259066847,"external_area_m2":0.006283185307179586,"moisture_mass_kg":0.06861238355440108,"oxygen_factor":1.0,"phase":"WET_WOOD","surface_exposure":1.0,"temperature_k":293.15,"volatile_potential_kg":0.0891960986207214,"volume_m3":0.0002199114857512855},{"ash_mass_kg":0.0,"char_mass_kg":0.0,"dry_wood_mass_kg":0.016336281798666922,"external_area_m2":0.0,"moisture_mass_kg":0.009801769079200153,"oxygen_factor":0.0,"phase":"WET_WOOD","surface_exposure":0.0,"temperature_k":293.15,"volatile_potential_kg":0.012742299802960199,"volume_m3":3.141592653589793e-05},{"ash_mass_kg":0.0,"char_mass_kg":0.0,"dry_wood_mass_kg":0.04900884539600077,"external_area_m2":0.0,"moisture_mass_kg":0.02940530723760046,"oxygen_factor":0.0,"phase":"WET_WOOD","surface_exposure":0.0,"temperature_k":293.15,"volatile_potential_kg":0.038226899408880605,"volume_m3":9.424777960769378e-05},{"ash_mass_kg":0.0,"char_mass_kg":0.0,"dry_wood_mass_kg":0.0816814089933346,"external_area_m2":0.0,"moisture_mass_kg":0.04900884539600076,"oxygen_factor":0.0,"phase":"WET_WOOD","surface_exposure":0.0,"temperature_k":293.15,"volatile_potential_kg":0.063711499014801,"volume_m3":0.00015707963267948963},{"ash_mass_kg":0.0,"char_mass_kg":0.0,"dry_wood_mass_kg":0.11435397259066847,"external_area_m2":0.006283185307179586,"moisture_mass_kg":0.06861238355440108,"oxygen_factor":1.0,"phase":"WET_WOOD","surface_exposure":1.0,"temperature_k":293.15,"volatile_potential_kg":0.0891960986207214,"volume_m3":0.0002199114857512855},{"ash_mass_kg":0.0,"char_mass_kg":0.0,"dry_wood_mass_kg":0.016336281798666922,"external_area_m2":0.0,"moisture_mass_kg":0.009801769079200153,"oxygen_factor":0.0,"phase":"WET_WOOD","surface_exposure":0.0,"temperature_k":293.15,"volatile_potential_kg":0.012742299802960199,"volume_m3":3.141592653589793e-05},{"ash_mass_kg":0.0,"char_mass_kg":0.0,"dry_wood_mass_kg":0.04900884539600077,"external_area_m2":0.0,"moisture_mass_kg":0.02940530723760046,"oxygen_factor":0.0,"phase":"WET_WOOD","surface_exposure":0.0,"temperature_k":293.15,"volatile_potential_kg":0.038226899408880605,"volume_m3":9.424777960769378e-05},{"ash_mass_kg":0.0,"char_mass_kg":0.0,"dry_wood_mass_kg":0.0816814089933346,"external_area_m2":0.0,"moisture_mass_kg":0.04900884539600076,"oxygen_factor":0.0,"phase":"WET_WOOD","surface_exposure":0.0,"temperature_k":293.15,"volatile_potential_kg":0.063711499014801,"volume_m3":0.00015707963267948963},{"ash_mass_kg":0.0,"char_mass_kg":0.0,"dry_wood_mass_kg":0.11435397259066847,"external_area_m2":0.006283185307179586,"moisture_mass_kg":0.06861238355440108,"oxygen_factor":1.0,"phase":"WET_WOOD","surface_exposure":1.0,"temperature_k":293.15,"volatile_potential_kg":0.0891960986207214,"volume_m3":0.0002199114857512855},{"ash_mass_kg":0.0,"char_mass_kg":0.0,"dry_wood_mass_kg":0.016336281798666922,"external_area_m2":0.0,"moisture_mass_kg":0.009801769079200153,"oxygen_factor":0.0,"phase":"WET_WOOD","surface_exposure":0.0,"temperature_k":293.15,"volatile_potential_kg":0.012742299802960199,"volume_m3":3.141592653589793e-05},{"ash_mass_kg":0.0,"char_mass_kg":0.0,"dry_wood_mass_kg":0.04900884539600077,"external_area_m2":0.0,"moisture_mass_kg":0.02940530723760046,"oxygen_factor":0.0,"phase":"WET_WOOD","surface_exposure":0.0,"temperature_k":293.15,"volatile_potential_kg":0.038226899408880605,"volume_m3":9.424777960769378e-05},{"ash_mass_kg":0.0,"char_mass_kg":0.0,"dry_wood_mass_kg":0.0816814089933346,"external_area_m2":0.0,"moisture_mass_kg":0.04900884539600076,"oxygen_factor":0.0,"phase":"WET_WOOD","surface_exposure":0.0,"temperature_k":293.15,"volatile_potential_kg":0.063711499014801,"volume_m3":0.00015707963267948963},{"ash_mass_kg":0.0,"char_mass_kg":0.0,"dry_wood_mass_kg":0.11435397259066847,"external_area_m2":0.006283185307179586,"moisture_mass_kg":0.06861238355440108,"oxygen_factor":1.0,"phase":"WET_WOOD","surface_exposure":1.0,"temperature_k":293.15,"volatile_potential_kg":0.0891960986207214,"volume_m3":0.0002199114857512855},{"ash_mass_kg":0.0,"char_mass_kg":0.0,"dry_wood_mass_kg":0.016336281798666922,"external_area_m2":0.0,"moisture_mass_kg":0.009801769079200153,"oxygen_factor":0.0,"phase":"WET_WOOD","surface_exposure":0.0,"temperature_k":293.15,"volatile_potential_kg":0.012742299802960199,"volume_m3":3.141592653589793e-05},{"ash_mass_kg":0.0,"char_mass_kg":0.0,"dry_wood_mass_kg":0.04900884539600077,"external_area_m2":0.0,"moisture_mass_kg":0.02940530723760046,"oxygen_factor":0.0,"phase":"WET_WOOD","surface_exposure":0.0,"temperature_k":293.15,"volatile_potential_kg":0.038226899408880605,"volume_m3":9.424777960769378e-05},{"ash_mass_kg":0.0,"char_mass_kg":0.0,"dry_wood_mass_kg":0.0816814089933346,"external_area_m2":0.0,"moisture_mass_kg":0.04900884539600076,"oxygen_factor":0.0,"phase":"WET_WOOD","surface_exposure":0.0,"temperature_k":293.15,"volatile_potential_kg":0.063711499014801,"volume_m3":0.00015707963267948963},{"ash_mass_kg":0.0,"char_mass_kg":0.0,"dry_wood_mass_kg":0.11435397259066847,"external_area_m2":0.006283185307179586,"moisture_mass_kg":0.06861238355440108,"oxygen_factor":1.0,"phase":"WET_WOOD","surface_exposure":1.0,"temperature_k":293.15,"volatile_potential_kg":0.0891960986207214,"volume_m3":0.0002199114857512855},{"ash_mass_kg":0.0,"char_mass_kg":0.0,"dry_wood_mass_kg":0.016336281798666922,"external_area_m2":0.0,"moisture_mass_kg":0.009801769079200153,"oxygen_factor":0.0,"phase":"WET_WOOD","surface_exposure":0.0,"temperature_k":293.15,"volatile_potential_kg":0.012742299802960199,"volume_m3":3.141592653589793e-05},{"ash_mass_kg":0.0,"char_mass_kg":0.0,"dry_wood_mass_kg":0.04900884539600077,"external_area_m2":0.0,"moisture_mass_kg":0.02940530723760046,"oxygen_factor":0.0,"phase":"WET_WOOD","surface_exposure":0.0,"temperature_k":293.15,"volatile_potential_kg":0.038226899408880605,"volume_m3":9.424777960769378e-05},{"ash_mass_kg":0.0,"char_mass_kg":0.0,"dry_wood_mass_kg":0.0816814089933346,"external_area_m2":0.0,"moisture_mass_kg":0.04900884539600076,"oxygen_factor":0.0,"phase":"WET_WOOD","surface_exposure":0.0,"temperature_k":293.15,"volatile_potential_kg":0.063711499014801,"volume_m3":0.00015707963267948963},{"ash_mass_kg":0.0,"char_mass_kg":0.0,"dry_wood_mass_kg":0.11435397259066847,"external_area_m2":0.006283185307179586,"moisture_mass_kg":0.06861238355440108,"oxygen_factor":1.0,"phase":"WET_WOOD","surface_exposure":1.0,"temperature_k":293.15,"volatile_potential_kg":0.0891960986207214,"volume_m3":0.0002199114857512855},{"ash_mass_kg":0.0,"char_mass_kg":0.0,"dry_wood_mass_kg":0.016336281798666922,"external_area_m2":0.0,"moisture_mass_kg":0.009801769079200153,"oxygen_factor":0.0,"phase":"WET_WOOD","surface_exposure":0.0,"temperature_k":293.15,"volatile_potential_kg":0.012742299802960199,"volume_m3":3.141592653589793e-05},{"ash_mass_kg":0.0,"char_mass_kg":0.0,"dry_wood_mass_kg":0.04900884539600077,"external_area_m2":0.0,"moisture_mass_kg":0.02940530723760046,"oxygen_factor":0.0,"phase":"WET_WOOD","surface_exposure":0.0,"temperature_k":293.15,"volatile_potential_kg":0.038226899408880605,"volume_m3":9.424777960769378e-05},{"ash_mass_kg":0.0,"char_mass_kg":0.0,"dry_wood_mass_kg":0.0816814089933346,"external_area_m2":0.0,"moisture_mass_kg":0.04900884539600076,"oxygen_factor":0.0,"phase":"WET_WOOD","surface_exposure":0.0,"temperature_k":293.15,"volatile_potential_kg":0.063711499014801,"volume_m3":0.00015707963267948963},{"ash_mass_kg":0.0,"char_mass_kg":0.0,"dry_wood_mass_kg":0.11435397259066847,"external_area_m2":0.006283185307179586,"moisture_mass_kg":0.06861238355440108,"oxygen_factor":1.0,"phase":"WET_WOOD","surface_exposure":1.0,"temperature_k":293.15,"volatile_potential_kg":0.0891960986207214,"volume_m3":0.0002199114857512855},{"ash_mass_kg":0.0,"char_mass_kg":0.0,"dry_wood_mass_kg":0.016336281798666922,"external_area_m2":0.0,"moisture_mass_kg":0.009801769079200153,"oxygen_factor":0.0,"phase":"WET_WOOD","surface_exposure":0.0,"temperature_k":293.15,"volatile_potential_kg":0.012742299802960199,"volume_m3":3.141592653589793e-05},{"ash_mass_kg":0.0,"char_mass_kg":0.0,"dry_wood_mass_kg":0.04900884539600077,"external_area_m2":0.0,"moisture_mass_kg":0.02940530723760046,"oxygen_factor":0.0,"phase":"WET_WOOD","surface_exposure":0.0,"temperature_k":293.15,"volatile_potential_kg":0.038226899408880605,"volume_m3":9.424777960769378e-05},{"ash_mass_kg":0.0,"char_mass_kg":0.0,"dry_wood_mass_kg":0.0816814089933346,"external_area_m2":0.0,"moisture_mass_kg":0.04900884539600076,"oxygen_factor":0.0,"phase":"WET_WOOD","surface_exposure":0.0,"temperature_k":293.15,"volatile_potential_kg":0.063711499014801,"volume_m3":0.00015707963267948963},{"ash_mass_kg":0.0,"char_mass_kg":0.0,"dry_wood_mass_kg":0.11435397259066847,"external_area_m2":0.006283185307179586,"moisture_mass_kg":0.06861238355440108,"oxygen_factor":1.0,"phase":"WET_WOOD","surface_exposure":1.0,"temperature_k":293.15,"volatile_potential_kg":0.0891960986207214,"volume_m3":0.0002199114857512855},{"ash_mass_kg":0.0,"char_mass_kg":0.0,"dry_wood_mass_kg":0.016336281798666922,"external_area_m2":0.0,"moisture_mass_kg":0.009801769079200153,"oxygen_factor":0.0,"phase":"WET_WOOD","surface_exposure":0.0,"temperature_k":293.15,"volatile_potential_kg":0.012742299802960199,"volume_m3":3.141592653589793e-05},{"ash_mass_kg":0.0,"char_mass_kg":0.0,"dry_wood_mass_kg":0.04900884539600077,"external_area_m2":0.0,"moisture_mass_kg":0.02940530723760046,"oxygen_factor":0.0,"phase":"WET_WOOD","surface_exposure":0.0,"temperature_k":293.15,"volatile_potential_kg":0.038226899408880605,"volume_m3":9.424777960769378e-05},{"ash_mass_kg":0.0,"char_mass_kg":0.0,"dry_wood_mass_kg":0.0816814089933346,"external_area_m2":0.0,"moisture_mass_kg":0.04900884539600076,"oxygen_factor":0.0,"phase":"WET_WOOD","surface_exposure":0.0,"temperature_k":293.15,"volatile_potential_kg":0.063711499014801,"volume_m3":0.00015707963267948963},{"ash_mass_kg":0.0,"char_mass_kg":0.0,"dry_wood_mass_kg":0.11435397259066847,"external_area_m2":0.006283185307179586,"moisture_mass_kg":0.06861238355440108,"oxygen_factor":1.0,"phase":"WET_WOOD","surface_exposure":1.0,"temperature_k":293.15,"volatile_potential_kg":0.0891960986207214,"volume_m3":0.0002199114857512855},{"ash_mass_kg":0.0,"char_mass_kg":0.0,"dry_wood_mass_kg":0.016336281798666922,"external_area_m2":0.0,"moisture_mass_kg":0.009801769079200153,"oxygen_factor":0.0,"phase":"WET_WOOD","surface_exposure":0.0,"temperature_k":293.15,"volatile_potential_kg":0.012742299802960199,"volume_m3":3.141592653589793e-05},{"ash_mass_kg":0.0,"char_mass_kg":0.0,"dry_wood_mass_kg":0.04900884539600077,"external_area_m2":0.0,"moisture_mass_kg":0.02940530723760046,"oxygen_factor":0.0,"phase":"WET_WOOD","surface_exposure":0.0,"temperature_k":293.15,"volatile_potential_kg":0.038226899408880605,"volume_m3":9.424777960769378e-05},{"ash_mass_kg":0.0,"char_mass_kg":0.0,"dry_wood_mass_kg":0.0816814089933346,"external_area_m2":0.0,"moisture_mass_kg":0.04900884539600076,"oxygen_factor":0.0,"phase":"WET_WOOD","surface_exposure":0.0,"temperature_k":293.15,"volatile_potential_kg":0.063711499014801,"volume_m3":0.00015707963267948963},{"ash_mass_kg":0.0,"char_mass_kg":0.0,"dry_wood_mass_kg":0.11435397259066847,"external_area_m2":0.006283185307179586,"moisture_mass_kg":0.06861238355440108,"oxygen_factor":1.0,"phase":"WET_WOOD","surface_exposure":1.0,"temperature_k":293.15,"volatile_potential_kg":0.0891960986207214,"volume_m3":0.0002199114857512855},{"ash_mass_kg":0.0,"char_mass_kg":0.0,"dry_wood_mass_kg":0.016336281798666922,"external_area_m2":0.0,"moisture_mass_kg":0.009801769079200153,"oxygen_factor":0.0,"phase":"WET_WOOD","surface_exposure":0.0,"temperature_k":293.15,"volatile_potential_kg":0.012742299802960199,"volume_m3":3.141592653589793e-05},{"ash_mass_kg":0.0,"char_mass_kg":0.0,"dry_wood_mass_kg":0.04900884539600077,"external_area_m2":0.0,"moisture_mass_kg":0.02940530723760046,"oxygen_factor":0.0,"phase":"WET_WOOD","surface_exposure":0.0,"temperature_k":293.15,"volatile_potential_kg":0.038226899408880605,"volume_m3":9.424777960769378e-05},{"ash_mass_kg":0.0,"char_mass_kg":0.0,"dry_wood_mass_kg":0.0816814089933346,"external_area_m2":0.0,"moisture_mass_kg":0.04900884539600076,"oxygen_factor":0.0,"phase":"WET_WOOD","surface_exposure":0.0,"temperature_k":293.15,"volatile_potential_kg":0.063711499014801,"volume_m3":0.00015707963267948963},{"ash_mass_kg":0.0,"char_mass_kg":0.0,"dry_wood_mass_kg":0.11435397259066847,"external_area_m2":0.006283185307179586,"moisture_mass_kg":0.06861238355440108,"oxygen_factor":1.0,"phase":"WET_WOOD","surface_exposure":1.0,"temperature_k":293.15,"volatile_potential_kg":0.0891960986207214,"volume_m3":0.0002199114857512855},{"ash_mass_kg":0.0,"char_mass_kg":0.0,"dry_wood_mass_kg":0.016336281798666922,"external_area_m2":0.0,"moisture_mass_kg":0.009801769079200153,"oxygen_factor":0.0,"phase":"WET_WOOD","surface_exposure":0.0,"temperature_k":293.15,"volatile_potential_kg":0.012742299802960199,"volume_m3":3.141592653589793e-05},{"ash_mass_kg":0.0,"char_mass_kg":0.0,"dry_wood_mass_kg":0.04900884539600077,"external_area_m2":0.0,"moisture_mass_kg":0.02940530723760046,"oxygen_factor":0.0,"phase":"WET_WOOD","surface_exposure":0.0,"temperature_k":293.15,"volatile_potential_kg":0.038226899408880605,"volume_m3":9.424777960769378e-05},{"ash_mass_kg":0.0,"char_mass_kg":0.0,"dry_wood_mass_kg":0.0816814089933346,"external_area_m2":0.0,"moisture_mass_kg":0.04900884539600076,"oxygen_factor":0.0,"phase":"WET_WOOD","surface_exposure":0.0,"temperature_k":293.15,"volatile_potential_kg":0.063711499014801,"volume_m3":0.00015707963267948963},{"ash_mass_kg":0.0,"char_mass_kg":0.0,"dry_wood_mass_kg":0.11435397259066847,"external_area_m2":0.006283185307179586,"moisture_mass_kg":0.06861238355440108,"oxygen_factor":1.0,"phase":"WET_WOOD","surface_exposure":1.0,"temperature_k":293.15,"volatile_potential_kg":0.0891960986207214,"volume_m3":0.0002199114857512855},{"ash_mass_kg":0.0,"char_mass_kg":0.0,"dry_wood_mass_kg":0.016336281798666922,"external_area_m2":0.0,"moisture_mass_kg":0.009801769079200153,"oxygen_factor":0.0,"phase":"WET_WOOD","surface_exposure":0.0,"temperature_k":293.15,"volatile_potential_kg":0.012742299802960199,"volume_m3":3.141592653589793e-05},{"ash_mass_kg":0.0,"char_mass_kg":0.0,"dry_wood_mass_kg":0.04900884539600077,"external_area_m2":0.0,"moisture_mass_kg":0.02940530723760046,"oxygen_factor":0.0,"phase":"WET_WOOD","surface_exposure":0.0,"temperature_k":293.15,"volatile_potential_kg":0.038226899408880605,"volume_m3":9.424777960769378e-05},{"ash_mass_kg":0.0,"char_mass_kg":0.0,"dry_wood_mass_kg":0.0816814089933346,"external_area_m2":0.0,"moisture_mass_kg":0.04900884539600076,"oxygen_factor":0.0,"phase":"WET_WOOD","surface_exposure":0.0,"temperature_k":293.15,"volatile_potential_kg":0.063711499014801,"volume_m3":0.00015707963267948963},{"ash_mass_kg":0.0,"char_mass_kg":0.0,"dry_wood_mass_kg":0.11435397259066847,"external_area_m2":0.006283185307179586,"moisture_mass_kg":0.06861238355440108,"oxygen_factor":1.0,"phase":"WET_WOOD","surface_exposure":1.0,"temperature_k":293.15,"volatile_potential_kg":0.0891960986207214,"volume_m3":0.0002199114857512855},{"ash_mass_kg":0.0,"char_mass_kg":0.0,"dry_wood_mass_kg":0.016336281798666922,"external_area_m2":0.0,"moisture_mass_kg":0.009801769079200153,"oxygen_factor":0.0,"phase":"WET_WOOD","surface_exposure":0.0,"temperature_k":293.15,"volatile_potential_kg":0.012742299802960199,"volume_m3":3.141592653589793e-05},{"ash_mass_kg":0.0,"char_mass_kg":0.0,"dry_wood_mass_kg":0.04900884539600077,"external_area_m2":0.0,"moisture_mass_kg":0.02940530723760046,"oxygen_factor":0.0,"phase":"WET_WOOD","surface_exposure":0.0,"temperature_k":293.15,"volatile_potential_kg":0.038226899408880605,"volume_m3":9.424777960769378e-05},{"ash_mass_kg":0.0,"char_mass_kg":0.0,"dry_wood_mass_kg":0.0816814089933346,"external_area_m2":0.0,"moisture_mass_kg":0.04900884539600076,"oxygen_factor":0.0,"phase":"WET_WOOD","surface_exposure":0.0,"temperature_k":293.15,"volatile_potential_kg":0.063711499014801,"volume_m3":0.00015707963267948963},{"ash_mass_kg":0.0,"char_mass_kg":0.0,"dry_wood_mass_kg":0.11435397259066847,"external_area_m2":0.006283185307179586,"moisture_mass_kg":0.06861238355440108,"oxygen_factor":1.0,"phase":"WET_WOOD","surface_exposure":1.0,"temperature_k":293.15,"volatile_potential_kg":0.0891960986207214,"volume_m3":0.0002199114857512855},{"ash_mass_kg":0.0,"char_mass_kg":0.0,"dry_wood_mass_kg":0.016336281798666922,"external_area_m2":0.0,"moisture_mass_kg":0.009801769079200153,"oxygen_factor":0.0,"phase":"WET_WOOD","surface_exposure":0.0,"temperature_k":293.15,"volatile_potential_kg":0.012742299802960199,"volume_m3":3.141592653589793e-05},{"ash_mass_kg":0.0,"char_mass_kg":0.0,"dry_wood_mass_kg":0.04900884539600077,"external_area_m2":0.0,"moisture_mass_kg":0.02940530723760046,"oxygen_factor":0.0,"phase":"WET_WOOD","surface_exposure":0.0,"temperature_k":293.15,"volatile_potential_kg":0.038226899408880605,"volume_m3":9.424777960769378e-05},{"ash_mass_kg":0.0,"char_mass_kg":0.0,"dry_wood_mass_kg":0.0816814089933346,"external_area_m2":0.0,"moisture_mass_kg":0.04900884539600076,"oxygen_factor":0.0,"phase":"WET_WOOD","surface_exposure":0.0,"temperature_k":293.15,"volatile_potential_kg":0.063711499014801,"volume_m3":0.00015707963267948963},{"ash_mass_kg":0.0,"char_mass_kg":0.0,"dry_wood_mass_kg":0.11435397259066847,"external_area_m2":0.006283185307179586,"moisture_mass_kg":0.06861238355440108,"oxygen_factor":1.0,"phase":"WET_WOOD","surface_exposure":1.0,"temperature_k":293.15,"volatile_potential_kg":0.0891960986207214,"volume_m3":0.0002199114857512855},{"ash_mass_kg":0.0,"char_mass_kg":0.0,"dry_wood_mass_kg":0.016336281798666922,"external_area_m2":0.0,"moisture_mass_kg":0.009801769079200153,"oxygen_factor":0.0,"phase":"WET_WOOD","surface_exposure":0.0,"temperature_k":293.15,"volatile_potential_kg":0.012742299802960199,"volume_m3":3.141592653589793e-05},{"ash_mass_kg":0.0,"char_mass_kg":0.0,"dry_wood_mass_kg":0.04900884539600077,"external_area_m2":0.0,"moisture_mass_kg":0.02940530723760046,"oxygen_factor":0.0,"phase":"WET_WOOD","surface_exposure":0.0,"temperature_k":293.15,"volatile_potential_kg":0.038226899408880605,"volume_m3":9.424777960769378e-05},{"ash_mass_kg":0.0,"char_mass_kg":0.0,"dry_wood_mass_kg":0.0816814089933346,"external_area_m2":0.0,"moisture_mass_kg":0.04900884539600076,"oxygen_factor":0.0,"phase":"WET_WOOD","surface_exposure":0.0,"temperature_k":293.15,"volatile_potential_kg":0.063711499014801,"volume_m3":0.00015707963267948963},{"ash_mass_kg":0.0,"char_mass_kg":0.0,"dry_wood_mass_kg":0.11435397259066847,"external_area_m2":0.006283185307179586,"moisture_mass_kg":0.06861238355440108,"oxygen_factor":1.0,"phase":"WET_WOOD","surface_exposure":1.0,"temperature_k":293.15,"volatile_potential_kg":0.0891960986207214,"volume_m3":0.0002199114857512855},{"ash_mass_kg":0.0,"char_mass_kg":0.0,"dry_wood_mass_kg":0.016336281798666922,"external_area_m2":0.0,"moisture_mass_kg":0.009801769079200153,"oxygen_factor":0.0,"phase":"WET_WOOD","surface_exposure":0.0,"temperature_k":293.15,"volatile_potential_kg":0.012742299802960199,"volume_m3":3.141592653589793e-05},{"ash_mass_kg":0.0,"char_mass_kg":0.0,"dry_wood_mass_kg":0.04900884539600077,"external_area_m2":0.0,"moisture_mass_kg":0.02940530723760046,"oxygen_factor":0.0,"phase":"WET_WOOD","surface_exposure":0.0,"temperature_k":293.15,"volatile_potential_kg":0.038226899408880605,"volume_m3":9.424777960769378e-05},{"ash_mass_kg":0.0,"char_mass_kg":0.0,"dry_wood_mass_kg":0.0816814089933346,"external_area_m2":0.0,"moisture_mass_kg":0.04900884539600076,"oxygen_factor":0.0,"phase":"WET_WOOD","surface_exposure":0.0,"temperature_k":293.15,"volatile_potential_kg":0.063711499014801,"volume_m3":0.00015707963267948963},{"ash_mass_kg":0.0,"char_mass_kg":0.0,"dry_wood_mass_kg":0.11435397259066847,"external_area_m2":0.006283185307179586,"moisture_mass_kg":0.06861238355440108,"oxygen_factor":1.0,"phase":"WET_WOOD","surface_exposure":1.0,"temperature_k":293.15,"volatile_potential_kg":0.0891960986207214,"volume_m3":0.0002199114857512855},{"ash_mass_kg":0.0,"char_mass_kg":0.0,"dry_wood_mass_kg":0.016336281798666922,"external_area_m2":0.0,"moisture_mass_kg":0.009801769079200153,"oxygen_factor":0.0,"phase":"WET_WOOD","surface_exposure":0.0,"temperature_k":293.15,"volatile_potential_kg":0.012742299802960199,"volume_m3":3.141592653589793e-05},{"ash_mass_kg":0.0,"char_mass_kg":0.0,"dry_wood_mass_kg":0.04900884539600077,"external_area_m2":0.0,"moisture_mass_kg":0.02940530723760046,"oxygen_factor":0.0,"phase":"WET_WOOD","surface_exposure":0.0,"temperature_k":293.15,"volatile_potential_kg":0.038226899408880605,"volume_m3":9.424777960769378e-05},{"ash_mass_kg":0.0,"char_mass_kg":0.0,"dry_wood_mass_kg":0.0816814089933346,"external_area_m2":0.0,"moisture_mass_kg":0.04900884539600076,"oxygen_factor":0.0,"phase":"WET_WOOD","surface_exposure":0.0,"temperature_k":293.15,"volatile_potential_kg":0.063711499014801,"volume_m3":0.00015707963267948963},{"ash_mass_kg":0.0,"char_mass_kg":0.0,"dry_wood_mass_kg":0.11435397259066847,"external_area_m2":0.006283185307179586,"moisture_mass_kg":0.06861238355440108,"oxygen_factor":1.0,"phase":"WET_WOOD","surface_exposure":1.0,"temperature_k":293.15,"volatile_potential_kg":0.0891960986207214,"volume_m3":0.0002199114857512855},{"ash_mass_kg":0.0,"char_mass_kg":0.0,"dry_wood_mass_kg":0.016336281798666922,"external_area_m2":0.0,"moisture_mass_kg":0.009801769079200153,"oxygen_factor":0.0,"phase":"WET_WOOD","surface_exposure":0.0,"temperature_k":293.15,"volatile_potential_kg":0.012742299802960199,"volume_m3":3.141592653589793e-05},{"ash_mass_kg":0.0,"char_mass_kg":0.0,"dry_wood_mass_kg":0.04900884539600077,"external_area_m2":0.0,"moisture_mass_kg":0.02940530723760046,"oxygen_factor":0.0,"phase":"WET_WOOD","surface_exposure":0.0,"temperature_k":293.15,"volatile_potential_kg":0.038226899408880605,"volume_m3":9.424777960769378e-05},{"ash_mass_kg":0.0,"char_mass_kg":0.0,"dry_wood_mass_kg":0.0816814089933346,"external_area_m2":0.0,"moisture_mass_kg":0.04900884539600076,"oxygen_factor":0.0,"phase":"WET_WOOD","surface_exposure":0.0,"temperature_k":293.15,"volatile_potential_kg":0.063711499014801,"volume_m3":0.00015707963267948963},{"ash_mass_kg":0.0,"char_mass_kg":0.0,"dry_wood_mass_kg":0.11435397259066847,"external_area_m2":0.006283185307179586,"moisture_mass_kg":0.06861238355440108,"oxygen_factor":1.0,"phase":"WET_WOOD","surface_exposure":1.0,"temperature_k":293.15,"volatile_potential_kg":0.0891960986207214,"volume_m3":0.0002199114857512855},{"ash_mass_kg":0.0,"char_mass_kg":0.0,"dry_wood_mass_kg":0.016336281798666922,"external_area_m2":0.0,"moisture_mass_kg":0.009801769079200153,"oxygen_factor":0.0,"phase":"WET_WOOD","surface_exposure":0.0,"temperature_k":293.15,"volatile_potential_kg":0.012742299802960199,"volume_m3":3.141592653589793e-05},{"ash_mass_kg":0.0,"char_mass_kg":0.0,"dry_wood_mass_kg":0.04900884539600077,"external_area_m2":0.0,"moisture_mass_kg":0.02940530723760046,"oxygen_factor":0.0,"phase":"WET_WOOD","surface_exposure":0.0,"temperature_k":293.15,"volatile_potential_kg":0.038226899408880605,"volume_m3":9.424777960769378e-05},{"ash_mass_kg":0.0,"char_mass_kg":0.0,"dry_wood_mass_kg":0.0816814089933346,"external_area_m2":0.0,"moisture_mass_kg":0.04900884539600076,"oxygen_factor":0.0,"phase":"WET_WOOD","surface_exposure":0.0,"temperature_k":293.15,"volatile_potential_kg":0.063711499014801,"volume_m3":0.00015707963267948963},{"ash_mass_kg":0.0,"char_mass_kg":0.0,"dry_wood_mass_kg":0.11435397259066847,"external_area_m2":0.006283185307179586,"moisture_mass_kg":0.06861238355440108,"oxygen_factor":1.0,"phase":"WET_WOOD","surface_exposure":1.0,"temperature_k":293.15,"volatile_potential_kg":0.0891960986207214,"volume_m3":0.0002199114857512855},{"ash_mass_kg":0.0,"char_mass_kg":0.0,"dry_wood_mass_kg":0.016336281798666922,"external_area_m2":0.0,"moisture_mass_kg":0.009801769079200153,"oxygen_factor":0.0,"phase":"WET_WOOD","surface_exposure":0.0,"temperature_k":293.15,"volatile_potential_kg":0.012742299802960199,"volume_m3":3.141592653589793e-05},{"ash_mass_kg":0.0,"char_mass_kg":0.0,"dry_wood_mass_kg":0.04900884539600077,"external_area_m2":0.0,"moisture_mass_kg":0.02940530723760046,"oxygen_factor":0.0,"phase":"WET_WOOD","surface_exposure":0.0,"temperature_k":293.15,"volatile_potential_kg":0.038226899408880605,"volume_m3":9.424777960769378e-05},{"ash_mass_kg":0.0,"char_mass_kg":0.0,"dry_wood_mass_kg":0.0816814089933346,"external_area_m2":0.0,"moisture_mass_kg":0.04900884539600076,"oxygen_factor":0.0,"phase":"WET_WOOD","surface_exposure":0.0,"temperature_k":293.15,"volatile_potential_kg":0.063711499014801,"volume_m3":0.00015707963267948963},{"ash_mass_kg":0.0,"char_mass_kg":0.0,"dry_wood_mass_kg":0.11435397259066847,"external_area_m2":0.006283185307179586,"moisture_mass_kg":0.06861238355440108,"oxygen_factor":1.0,"phase":"WET_WOOD","surface_exposure":1.0,"temperature_k":293.15,"volatile_potential_kg":0.0891960986207214,"volume_m3":0.0002199114857512855},{"ash_mass_kg":0.0,"char_mass_kg":0.0,"dry_wood_mass_kg":0.016336281798666922,"external_area_m2":0.0,"moisture_mass_kg":0.009801769079200153,"oxygen_factor":0.0,"phase":"WET_WOOD","surface_exposure":0.0,"temperature_k":293.15,"volatile_potential_kg":0.012742299802960199,"volume_m3":3.141592653589793e-05},{"ash_mass_kg":0.0,"char_mass_kg":0.0,"dry_wood_mass_kg":0.04900884539600077,"external_area_m2":0.0,"moisture_mass_kg":0.02940530723760046,"oxygen_factor":0.0,"phase":"WET_WOOD","surface_exposure":0.0,"temperature_k":293.15,"volatile_potential_kg":0.038226899408880605,"volume_m3":9.424777960769378e-05},{"ash_mass_kg":0.0,"char_mass_kg":0.0,"dry_wood_mass_kg":0.0816814089933346,"external_area_m2":0.0,"moisture_mass_kg":0.04900884539600076,"oxygen_factor":0.0,"phase":"WET_WOOD","surface_exposure":0.0,"temperature_k":293.15,"volatile_potential_kg":0.063711499014801,"volume_m3":0.00015707963267948963},{"ash_mass_kg":0.0,"char_mass_kg":0.0,"dry_wood_mass_kg":0.11435397259066847,"external_area_m2":0.006283185307179586,"moisture_mass_kg":0.06861238355440108,"oxygen_factor":1.0,"phase":"WET_WOOD","surface_exposure":1.0,"temperature_k":293.15,"volatile_potential_kg":0.0891960986207214,"volume_m3":0.0002199114857512855},{"ash_mass_kg":0.0,"char_mass_kg":0.0,"dry_wood_mass_kg":0.016336281798666922,"external_area_m2":0.0,"moisture_mass_kg":0.009801769079200153,"oxygen_factor":0.0,"phase":"WET_WOOD","surface_exposure":0.0,"temperature_k":293.15,"volatile_potential_kg":0.012742299802960199,"volume_m3":3.141592653589793e-05},{"ash_mass_kg":0.0,"char_mass_kg":0.0,"dry_wood_mass_kg":0.04900884539600077,"external_area_m2":0.0,"moisture_mass_kg":0.02940530723760046,"oxygen_factor":0.0,"phase":"WET_WOOD","surface_exposure":0.0,"temperature_k":293.15,"volatile_potential_kg":0.038226899408880605,"volume_m3":9.424777960769378e-05},{"ash_mass_kg":0.0,"char_mass_kg":0.0,"dry_wood_mass_kg":0.0816814089933346,"external_area_m2":0.0,"moisture_mass_kg":0.04900884539600076,"oxygen_factor":0.0,"phase":"WET_WOOD","surface_exposure":0.0,"temperature_k":293.15,"volatile_potential_kg":0.063711499014801,"volume_m3":0.00015707963267948963},{"ash_mass_kg":0.0,"char_mass_kg":0.0,"dry_wood_mass_kg":0.11435397259066847,"external_area_m2":0.006283185307179586,"moisture_mass_kg":0.06861238355440108,"oxygen_factor":1.0,"phase":"WET_WOOD","surface_exposure":1.0,"temperature_k":293.15,"volatile_potential_kg":0.0891960986207214,"volume_m3":0.0002199114857512855},{"ash_mass_kg":0.0,"char_mass_kg":0.0,"dry_wood_mass_kg":0.016336281798666922,"external_area_m2":0.0,"moisture_mass_kg":0.009801769079200153,"oxygen_factor":0.0,"phase":"WET_WOOD","surface_exposure":0.0,"temperature_k":293.15,"volatile_potential_kg":0.012742299802960199,"volume_m3":3.141592653589793e-05},{"ash_mass_kg":0.0,"char_mass_kg":0.0,"dry_wood_mass_kg":0.04900884539600077,"external_area_m2":0.0,"moisture_mass_kg":0.02940530723760046,"oxygen_factor":0.0,"phase":"WET_WOOD","surface_exposure":0.0,"temperature_k":293.15,"volatile_potential_kg":0.038226899408880605,"volume_m3":9.424777960769378e-05},{"ash_mass_kg":0.0,"char_mass_kg":0.0,"dry_wood_mass_kg":0.0816814089933346,"external_area_m2":0.0,"moisture_mass_kg":0.04900884539600076,"oxygen_factor":0.0,"phase":"WET_WOOD","surface_exposure":0.0,"temperature_k":293.15,"volatile_potential_kg":0.063711499014801,"volume_m3":0.00015707963267948963},{"ash_mass_kg":0.0,"char_mass_kg":0.0,"dry_wood_mass_kg":0.11435397259066847,"external_area_m2":0.006283185307179586,"moisture_mass_kg":0.06861238355440108,"oxygen_factor":1.0,"phase":"WET_WOOD","surface_exposure":1.0,"temperature_k":293.15,"volatile_potential_kg":0.0891960986207214,"volume_m3":0.0002199114857512855},{"ash_mass_kg":0.0,"char_mass_kg":0.0,"dry_wood_mass_kg":0.016336281798666922,"external_area_m2":0.0,"moisture_mass_kg":0.009801769079200153,"oxygen_factor":0.0,"phase":"WET_WOOD","surface_exposure":0.0,"temperature_k":293.15,"volatile_potential_kg":0.012742299802960199,"volume_m3":3.141592653589793e-05},{"ash_mass_kg":0.0,"char_mass_kg":0.0,"dry_wood_mass_kg":0.04900884539600077,"external_area_m2":0.0,"moisture_mass_kg":0.02940530723760046,"oxygen_factor":0.0,"phase":"WET_WOOD","surface_exposure":0.0,"temperature_k":293.15,"volatile_potential_kg":0.038226899408880605,"volume_m3":9.424777960769378e-05},{"ash_mass_kg":0.0,"char_mass_kg":0.0,"dry_wood_mass_kg":0.0816814089933346,"external_area_m2":0.0,"moisture_mass_kg":0.04900884539600076,"oxygen_factor":0.0,"phase":"WET_WOOD","surface_exposure":0.0,"temperature_k":293.15,"volatile_potential_kg":0.063711499014801,"volume_m3":0.00015707963267948963},{"ash_mass_kg":0.0,"char_mass_kg":0.0,"dry_wood_mass_kg":0.11435397259066847,"external_area_m2":0.006283185307179586,"moisture_mass_kg":0.06861238355440108,"oxygen_factor":1.0,"phase":"WET_WOOD","surface_exposure":1.0,"temperature_k":293.15,"volatile_potential_kg":0.0891960986207214,"volume_m3":0.0002199114857512855},{"ash_mass_kg":0.0,"char_mass_kg":0.0,"dry_wood_mass_kg":0.016336281798666922,"external_area_m2":0.0,"moisture_mass_kg":0.009801769079200153,"oxygen_factor":0.0,"phase":"WET_WOOD","surface_exposure":0.0,"temperature_k":293.15,"volatile_potential_kg":0.012742299802960199,"volume_m3":3.141592653589793e-05},{"ash_mass_kg":0.0,"char_mass_kg":0.0,"dry_wood_mass_kg":0.04900884539600077,"external_area_m2":0.0,"moisture_mass_kg":0.02940530723760046,"oxygen_factor":0.0,"phase":"WET_WOOD","surface_exposure":0.0,"temperature_k":293.15,"volatile_potential_kg":0.038226899408880605,"volume_m3":9.424777960769378e-05},{"ash_mass_kg":0.0,"char_mass_kg":0.0,"dry_wood_mass_kg":0.0816814089933346,"external_area_m2":0.0,"moisture_mass_kg":0.04900884539600076,"oxygen_factor":0.0,"phase":"WET_WOOD","surface_exposure":0.0,"temperature_k":293.15,"volatile_potential_kg":0.063711499014801,"volume_m3":0.00015707963267948963},{"ash_mass_kg":0.0,"char_mass_kg":0.0,"dry_wood_mass_kg":0.11435397259066847,"external_area_m2":0.006283185307179586,"moisture_mass_kg":0.06861238355440108,"oxygen_factor":1.0,"phase":"WET_WOOD","surface_exposure":1.0,"temperature_k":293.15,"volatile_potential_kg":0.0891960986207214,"volume_m3":0.0002199114857512855},{"ash_mass_kg":0.0,"char_mass_kg":0.0,"dry_wood_mass_kg":0.016336281798666922,"external_area_m2":0.0,"moisture_mass_kg":0.009801769079200153,"oxygen_factor":0.0,"phase":"WET_WOOD","surface_exposure":0.0,"temperature_k":293.15,"volatile_potential_kg":0.012742299802960199,"volume_m3":3.141592653589793e-05},{"ash_mass_kg":0.0,"char_mass_kg":0.0,"dry_wood_mass_kg":0.04900884539600077,"external_area_m2":0.0,"moisture_mass_kg":0.02940530723760046,"oxygen_factor":0.0,"phase":"WET_WOOD","surface_exposure":0.0,"temperature_k":293.15,"volatile_potential_kg":0.038226899408880605,"volume_m3":9.424777960769378e-05},{"ash_mass_kg":0.0,"char_mass_kg":0.0,"dry_wood_mass_kg":0.0816814089933346,"external_area_m2":0.0,"moisture_mass_kg":0.04900884539600076,"oxygen_factor":0.0,"phase":"WET_WOOD","surface_exposure":0.0,"temperature_k":293.15,"volatile_potential_kg":0.063711499014801,"volume_m3":0.00015707963267948963},{"ash_mass_kg":0.0,"char_mass_kg":0.0,"dry_wood_mass_kg":0.11435397259066847,"external_area_m2":0.006283185307179586,"moisture_mass_kg":0.06861238355440108,"oxygen_factor":1.0,"phase":"WET_WOOD","surface_exposure":1.0,"temperature_k":293.15,"volatile_potential_kg":0.0891960986207214,"volume_m3":0.0002199114857512855},{"ash_mass_kg":0.0,"char_mass_kg":0.0,"dry_wood_mass_kg":0.016336281798666922,"external_area_m2":0.0,"moisture_mass_kg":0.009801769079200153,"oxygen_factor":0.0,"phase":"WET_WOOD","surface_exposure":0.0,"temperature_k":293.15,"volatile_potential_kg":0.012742299802960199,"volume_m3":3.141592653589793e-05},{"ash_mass_kg":0.0,"char_mass_kg":0.0,"dry_wood_mass_kg":0.04900884539600077,"external_area_m2":0.0,"moisture_mass_kg":0.02940530723760046,"oxygen_factor":0.0,"phase":"WET_WOOD","surface_exposure":0.0,"temperature_k":293.15,"volatile_potential_kg":0.038226899408880605,"volume_m3":9.424777960769378e-05},{"ash_mass_kg":0.0,"char_mass_kg":0.0,"dry_wood_mass_kg":0.0816814089933346,"external_area_m2":0.0,"moisture_mass_kg":0.04900884539600076,"oxygen_factor":0.0,"phase":"WET_WOOD","surface_exposure":0.0,"temperature_k":293.15,"volatile_potential_kg":0.063711499014801,"volume_m3":0.00015707963267948963},{"ash_mass_kg":0.0,"char_mass_kg":0.0,"dry_wood_mass_kg":0.11435397259066847,"external_area_m2":0.006283185307179586,"moisture_mass_kg":0.06861238355440108,"oxygen_factor":1.0,"phase":"WET_WOOD","surface_exposure":1.0,"temperature_k":293.15,"volatile_potential_kg":0.0891960986207214,"volume_m3":0.0002199114857512855},{"ash_mass_kg":0.0,"char_mass_kg":0.0,"dry_wood_mass_kg":0.016336281798666922,"external_area_m2":0.0,"moisture_mass_kg":0.009801769079200153,"oxygen_factor":0.0,"phase":"WET_WOOD","surface_exposure":0.0,"temperature_k":293.15,"volatile_potential_kg":0.012742299802960199,"volume_m3":3.141592653589793e-05},{"ash_mass_kg":0.0,"char_mass_kg":0.0,"dry_wood_mass_kg":0.04900884539600077,"external_area_m2":0.0,"moisture_mass_kg":0.02940530723760046,"oxygen_factor":0.0,"phase":"WET_WOOD","surface_exposure":0.0,"temperature_k":293.15,"volatile_potential_kg":0.038226899408880605,"volume_m3":9.424777960769378e-05},{"ash_mass_kg":0.0,"char_mass_kg":0.0,"dry_wood_mass_kg":0.0816814089933346,"external_area_m2":0.0,"moisture_mass_kg":0.04900884539600076,"oxygen_factor":0.0,"phase":"WET_WOOD","surface_exposure":0.0,"temperature_k":293.15,"volatile_potential_kg":0.063711499014801,"volume_m3":0.00015707963267948963},{"ash_mass_kg":0.0,"char_mass_kg":0.0,"dry_wood_mass_kg":0.11435397259066847,"external_area_m2":0.006283185307179586,"moisture_mass_kg":0.06861238355440108,"oxygen_factor":1.0,"phase":"WET_WOOD","surface_exposure":1.0,"temperature_k":293.15,"volatile_potential_kg":0.0891960986207214,"volume_m3":0.0002199114857512855},{"ash_mass_kg":0.0,"char_mass_kg":0.0,"dry_wood_mass_kg":0.016336281798666922,"external_area_m2":0.0,"moisture_mass_kg":0.009801769079200153,"oxygen_factor":0.0,"phase":"WET_WOOD","surface_exposure":0.0,"temperature_k":293.15,"volatile_potential_kg":0.012742299802960199,"volume_m3":3.141592653589793e-05},{"ash_mass_kg":0.0,"char_mass_kg":0.0,"dry_wood_mass_kg":0.04900884539600077,"external_area_m2":0.0,"moisture_mass_kg":0.02940530723760046,"oxygen_factor":0.0,"phase":"WET_WOOD","surface_exposure":0.0,"temperature_k":293.15,"volatile_potential_kg":0.038226899408880605,"volume_m3":9.424777960769378e-05},{"ash_mass_kg":0.0,"char_mass_kg":0.0,"dry_wood_mass_kg":0.0816814089933346,"external_area_m2":0.0,"moisture_mass_kg":0.04900884539600076,"oxygen_factor":0.0,"phase":"WET_WOOD","surface_exposure":0.0,"temperature_k":293.15,"volatile_potential_kg":0.063711499014801,"volume_m3":0.00015707963267948963},{"ash_mass_kg":0.0,"char_mass_kg":0.0,"dry_wood_mass_kg":0.11435397259066847,"external_area_m2":0.006283185307179586,"moisture_mass_kg":0.06861238355440108,"oxygen_factor":1.0,"phase":"WET_WOOD","surface_exposure":1.0,"temperature_k":293.15,"volatile_potential_kg":0.0891960986207214,"volume_m3":0.0002199114857512855},{"ash_mass_kg":0.0,"char_mass_kg":0.0,"dry_wood_mass_kg":0.016336281798666922,"external_area_m2":0.0,"moisture_mass_kg":0.009801769079200153,"oxygen_factor":0.0,"phase":"WET_WOOD","surface_exposure":0.0,"temperature_k":293.15,"volatile_potential_kg":0.012742299802960199,"volume_m3":3.141592653589793e-05},{"ash_mass_kg":0.0,"char_mass_kg":0.0,"dry_wood_mass_kg":0.04900884539600077,"external_area_m2":0.0,"moisture_mass_kg":0.02940530723760046,"oxygen_factor":0.0,"phase":"WET_WOOD","surface_exposure":0.0,"temperature_k":293.15,"volatile_potential_kg":0.038226899408880605,"volume_m3":9.424777960769378e-05},{"ash_mass_kg":0.0,"char_mass_kg":0.0,"dry_wood_mass_kg":0.0816814089933346,"external_area_m2":0.0,"moisture_mass_kg":0.04900884539600076,"oxygen_factor":0.0,"phase":"WET_WOOD","surface_exposure":0.0,"temperature_k":293.15,"volatile_potential_kg":0.063711499014801,"volume_m3":0.00015707963267948963},{"ash_mass_kg":0.0,"char_mass_kg":0.0,"dry_wood_mass_kg":0.11435397259066847,"external_area_m2":0.006283185307179586,"moisture_mass_kg":0.06861238355440108,"oxygen_factor":1.0,"phase":"WET_WOOD","surface_exposure":1.0,"temperature_k":293.15,"volatile_potential_kg":0.0891960986207214,"volume_m3":0.0002199114857512855},{"ash_mass_kg":0.0,"char_mass_kg":0.0,"dry_wood_mass_kg":0.016336281798666922,"external_area_m2":0.0,"moisture_mass_kg":0.009801769079200153,"oxygen_factor":0.0,"phase":"WET_WOOD","surface_exposure":0.0,"temperature_k":293.15,"volatile_potential_kg":0.012742299802960199,"volume_m3":3.141592653589793e-05},{"ash_mass_kg":0.0,"char_mass_kg":0.0,"dry_wood_mass_kg":0.04900884539600077,"external_area_m2":0.0,"moisture_mass_kg":0.02940530723760046,"oxygen_factor":0.0,"phase":"WET_WOOD","surface_exposure":0.0,"temperature_k":293.15,"volatile_potential_kg":0.038226899408880605,"volume_m3":9.424777960769378e-05},{"ash_mass_kg":0.0,"char_mass_kg":0.0,"dry_wood_mass_kg":0.0816814089933346,"external_area_m2":0.0,"moisture_mass_kg":0.04900884539600076,"oxygen_factor":0.0,"phase":"WET_WOOD","surface_exposure":0.0,"temperature_k":293.15,"volatile_potential_kg":0.063711499014801,"volume_m3":0.00015707963267948963},{"ash_mass_kg":0.0,"char_mass_kg":0.0,"dry_wood_mass_kg":0.11435397259066847,"external_area_m2":0.006283185307179586,"moisture_mass_kg":0.06861238355440108,"oxygen_factor":1.0,"phase":"WET_WOOD","surface_exposure":1.0,"temperature_k":293.15,"volatile_potential_kg":0.0891960986207214,"volume_m3":0.0002199114857512855},{"ash_mass_kg":0.0,"char_mass_kg":0.0,"dry_wood_mass_kg":0.016336281798666922,"external_area_m2":0.0,"moisture_mass_kg":0.009801769079200153,"oxygen_factor":0.0,"phase":"WET_WOOD","surface_exposure":0.0,"temperature_k":293.15,"volatile_potential_kg":0.012742299802960199,"volume_m3":3.141592653589793e-05},{"ash_mass_kg":0.0,"char_mass_kg":0.0,"dry_wood_mass_kg":0.04900884539600077,"external_area_m2":0.0,"moisture_mass_kg":0.02940530723760046,"oxygen_factor":0.0,"phase":"WET_WOOD","surface_exposure":0.0,"temperature_k":293.15,"volatile_potential_kg":0.038226899408880605,"volume_m3":9.424777960769378e-05},{"ash_mass_kg":0.0,"char_mass_kg":0.0,"dry_wood_mass_kg":0.0816814089933346,"external_area_m2":0.0,"moisture_mass_kg":0.04900884539600076,"oxygen_factor":0.0,"phase":"WET_WOOD","surface_exposure":0.0,"temperature_k":293.15,"volatile_potential_kg":0.063711499014801,"volume_m3":0.00015707963267948963},{"ash_mass_kg":0.0,"char_mass_kg":0.0,"dry_wood_mass_kg":0.11435397259066847,"external_area_m2":0.006283185307179586,"moisture_mass_kg":0.06861238355440108,"oxygen_factor":1.0,"phase":"WET_WOOD","surface_exposure":1.0,"temperature_k":293.15,"volatile_potential_kg":0.0891960986207214,"volume_m3":0.0002199114857512855},{"ash_mass_kg":0.0,"char_mass_kg":0.0,"dry_wood_mass_kg":0.016336281798666922,"external_area_m2":0.0,"moisture_mass_kg":0.009801769079200153,"oxygen_factor":0.0,"phase":"WET_WOOD","surface_exposure":0.0,"temperature_k":293.15,"volatile_potential_kg":0.012742299802960199,"volume_m3":3.141592653589793e-05},{"ash_mass_kg":0.0,"char_mass_kg":0.0,"dry_wood_mass_kg":0.04900884539600077,"external_area_m2":0.0,"moisture_mass_kg":0.02940530723760046,"oxygen_factor":0.0,"phase":"WET_WOOD","surface_exposure":0.0,"temperature_k":293.15,"volatile_potential_kg":0.038226899408880605,"volume_m3":9.424777960769378e-05},{"ash_mass_kg":0.0,"char_mass_kg":0.0,"dry_wood_mass_kg":0.0816814089933346,"external_area_m2":0.0,"moisture_mass_kg":0.04900884539600076,"oxygen_factor":0.0,"phase":"WET_WOOD","surface_exposure":0.0,"temperature_k":293.15,"volatile_potential_kg":0.063711499014801,"volume_m3":0.00015707963267948963},{"ash_mass_kg":0.0,"char_mass_kg":0.0,"dry_wood_mass_kg":0.11435397259066847,"external_area_m2":0.006283185307179586,"moisture_mass_kg":0.06861238355440108,"oxygen_factor":1.0,"phase":"WET_WOOD","surface_exposure":1.0,"temperature_k":293.15,"volatile_potential_kg":0.0891960986207214,"volume_m3":0.0002199114857512855},{"ash_mass_kg":0.0,"char_mass_kg":0.0,"dry_wood_mass_kg":0.016336281798666922,"external_area_m2":0.0,"moisture_mass_kg":0.009801769079200153,"oxygen_factor":0.0,"phase":"WET_WOOD","surface_exposure":0.0,"temperature_k":293.15,"volatile_potential_kg":0.012742299802960199,"volume_m3":3.141592653589793e-05},{"ash_mass_kg":0.0,"char_mass_kg":0.0,"dry_wood_mass_kg":0.04900884539600077,"external_area_m2":0.0,"moisture_mass_kg":0.02940530723760046,"oxygen_factor":0.0,"phase":"WET_WOOD","surface_exposure":0.0,"temperature_k":293.15,"volatile_potential_kg":0.038226899408880605,"volume_m3":9.424777960769378e-05},{"ash_mass_kg":0.0,"char_mass_kg":0.0,"dry_wood_mass_kg":0.0816814089933346,"external_area_m2":0.0,"moisture_mass_kg":0.04900884539600076,"oxygen_factor":0.0,"phase":"WET_WOOD","surface_exposure":0.0,"temperature_k":293.15,"volatile_potential_kg":0.063711499014801,"volume_m3":0.00015707963267948963},{"ash_mass_kg":0.0,"char_mass_kg":0.0,"dry_wood_mass_kg":0.11435397259066847,"external_area_m2":0.006283185307179586,"moisture_mass_kg":0.06861238355440108,"oxygen_factor":1.0,"phase":"WET_WOOD","surface_exposure":1.0,"temperature_k":293.15,"volatile_potential_kg":0.0891960986207214,"volume_m3":0.0002199114857512855},{"ash_mass_kg":0.0,"char_mass_kg":0.0,"dry_wood_mass_kg":0.016336281798666922,"external_area_m2":0.0,"moisture_mass_kg":0.009801769079200153,"oxygen_factor":0.0,"phase":"WET_WOOD","surface_exposure":0.0,"temperature_k":293.15,"volatile_potential_kg":0.012742299802960199,"volume_m3":3.141592653589793e-05},{"ash_mass_kg":0.0,"char_mass_kg":0.0,"dry_wood_mass_kg":0.04900884539600077,"external_area_m2":0.0,"moisture_mass_kg":0.02940530723760046,"oxygen_factor":0.0,"phase":"WET_WOOD","surface_exposure":0.0,"temperature_k":293.15,"volatile_potential_kg":0.038226899408880605,"volume_m3":9.424777960769378e-05},{"ash_mass_kg":0.0,"char_mass_kg":0.0,"dry_wood_mass_kg":0.0816814089933346,"external_area_m2":0.0,"moisture_mass_kg":0.04900884539600076,"oxygen_factor":0.0,"phase":"WET_WOOD","surface_exposure":0.0,"temperature_k":293.15,"volatile_potential_kg":0.063711499014801,"volume_m3":0.00015707963267948963},{"ash_mass_kg":0.0,"char_mass_kg":0.0,"dry_wood_mass_kg":0.11435397259066847,"external_area_m2":0.006283185307179586,"moisture_mass_kg":0.06861238355440108,"oxygen_factor":1.0,"phase":"WET_WOOD","surface_exposure":1.0,"temperature_k":293.15,"volatile_potential_kg":0.0891960986207214,"volume_m3":0.0002199114857512855},{"ash_mass_kg":0.0,"char_mass_kg":0.0,"dry_wood_mass_kg":0.016336281798666922,"external_area_m2":0.0,"moisture_mass_kg":0.009801769079200153,"oxygen_factor":0.0,"phase":"WET_WOOD","surface_exposure":0.0,"temperature_k":293.15,"volatile_potential_kg":0.012742299802960199,"volume_m3":3.141592653589793e-05},{"ash_mass_kg":0.0,"char_mass_kg":0.0,"dry_wood_mass_kg":0.04900884539600077,"external_area_m2":0.0,"moisture_mass_kg":0.02940530723760046,"oxygen_factor":0.0,"phase":"WET_WOOD","surface_exposure":0.0,"temperature_k":293.15,"volatile_potential_kg":0.038226899408880605,"volume_m3":9.424777960769378e-05},{"ash_mass_kg":0.0,"char_mass_kg":0.0,"dry_wood_mass_kg":0.0816814089933346,"external_area_m2":0.0,"moisture_mass_kg":0.04900884539600076,"oxygen_factor":0.0,"phase":"WET_WOOD","surface_exposure":0.0,"temperature_k":293.15,"volatile_potential_kg":0.063711499014801,"volume_m3":0.00015707963267948963},{"ash_mass_kg":0.0,"char_mass_kg":0.0,"dry_wood_mass_kg":0.11435397259066847,"external_area_m2":0.006283185307179586,"moisture_mass_kg":0.06861238355440108,"oxygen_factor":1.0,"phase":"WET_WOOD","surface_exposure":1.0,"temperature_k":293.15,"volatile_potential_kg":0.0891960986207214,"volume_m3":0.0002199114857512855},{"ash_mass_kg":0.0,"char_mass_kg":0.0,"dry_wood_mass_kg":0.016336281798666922,"external_area_m2":0.0,"moisture_mass_kg":0.009801769079200153,"oxygen_factor":0.0,"phase":"WET_WOOD","surface_exposure":0.0,"temperature_k":293.15,"volatile_potential_kg":0.012742299802960199,"volume_m3":3.141592653589793e-05},{"ash_mass_kg":0.0,"char_mass_kg":0.0,"dry_wood_mass_kg":0.04900884539600077,"external_area_m2":0.0,"moisture_mass_kg":0.02940530723760046,"oxygen_factor":0.0,"phase":"WET_WOOD","surface_exposure":0.0,"temperature_k":293.15,"volatile_potential_kg":0.038226899408880605,"volume_m3":9.424777960769378e-05},{"ash_mass_kg":0.0,"char_mass_kg":0.0,"dry_wood_mass_kg":0.0816814089933346,"external_area_m2":0.0,"moisture_mass_kg":0.04900884539600076,"oxygen_factor":0.0,"phase":"WET_WOOD","surface_exposure":0.0,"temperature_k":293.15,"volatile_potential_kg":0.063711499014801,"volume_m3":0.00015707963267948963},{"ash_mass_kg":0.0,"char_mass_kg":0.0,"dry_wood_mass_kg":0.11435397259066847,"external_area_m2":0.006283185307179586,"moisture_mass_kg":0.06861238355440108,"oxygen_factor":1.0,"phase":"WET_WOOD","surface_exposure":1.0,"temperature_k":293.15,"volatile_potential_kg":0.0891960986207214,"volume_m3":0.0002199114857512855},{"ash_mass_kg":0.0,"char_mass_kg":0.0,"dry_wood_mass_kg":0.016336281798666922,"external_area_m2":0.0,"moisture_mass_kg":0.009801769079200153,"oxygen_factor":0.0,"phase":"WET_WOOD","surface_exposure":0.0,"temperature_k":293.15,"volatile_potential_kg":0.012742299802960199,"volume_m3":3.141592653589793e-05},{"ash_mass_kg":0.0,"char_mass_kg":0.0,"dry_wood_mass_kg":0.04900884539600077,"external_area_m2":0.0,"moisture_mass_kg":0.02940530723760046,"oxygen_factor":0.0,"phase":"WET_WOOD","surface_exposure":0.0,"temperature_k":293.15,"volatile_potential_kg":0.038226899408880605,"volume_m3":9.424777960769378e-05},{"ash_mass_kg":0.0,"char_mass_kg":0.0,"dry_wood_mass_kg":0.0816814089933346,"external_area_m2":0.0,"moisture_mass_kg":0.04900884539600076,"oxygen_factor":0.0,"phase":"WET_WOOD","surface_exposure":0.0,"temperature_k":293.15,"volatile_potential_kg":0.063711499014801,"volume_m3":0.00015707963267948963},{"ash_mass_kg":0.0,"char_mass_kg":0.0,"dry_wood_mass_kg":0.11435397259066847,"external_area_m2":0.006283185307179586,"moisture_mass_kg":0.06861238355440108,"oxygen_factor":1.0,"phase":"WET_WOOD","surface_exposure":1.0,"temperature_k":293.15,"volatile_potential_kg":0.0891960986207214,"volume_m3":0.0002199114857512855},{"ash_mass_kg":0.0,"char_mass_kg":0.0,"dry_wood_mass_kg":0.016336281798666922,"external_area_m2":0.0,"moisture_mass_kg":0.009801769079200153,"oxygen_factor":0.0,"phase":"WET_WOOD","surface_exposure":0.0,"temperature_k":293.15,"volatile_potential_kg":0.012742299802960199,"volume_m3":3.141592653589793e-05},{"ash_mass_kg":0.0,"char_mass_kg":0.0,"dry_wood_mass_kg":0.04900884539600077,"external_area_m2":0.0,"moisture_mass_kg":0.02940530723760046,"oxygen_factor":0.0,"phase":"WET_WOOD","surface_exposure":0.0,"temperature_k":293.15,"volatile_potential_kg":0.038226899408880605,"volume_m3":9.424777960769378e-05},{"ash_mass_kg":0.0,"char_mass_kg":0.0,"dry_wood_mass_kg":0.0816814089933346,"external_area_m2":0.0,"moisture_mass_kg":0.04900884539600076,"oxygen_factor":0.0,"phase":"WET_WOOD","surface_exposure":0.0,"temperature_k":293.15,"volatile_potential_kg":0.063711499014801,"volume_m3":0.00015707963267948963},{"ash_mass_kg":0.0,"char_mass_kg":0.0,"dry_wood_mass_kg":0.11435397259066847,"external_area_m2":0.006283185307179586,"moisture_mass_kg":0.06861238355440108,"oxygen_factor":1.0,"phase":"WET_WOOD","surface_exposure":1.0,"temperature_k":293.15,"volatile_potential_kg":0.0891960986207214,"volume_m3":0.0002199114857512855},{"ash_mass_kg":0.0,"char_mass_kg":0.0,"dry_wood_mass_kg":0.016336281798666922,"external_area_m2":0.0,"moisture_mass_kg":0.009801769079200153,"oxygen_factor":0.0,"phase":"WET_WOOD","surface_exposure":0.0,"temperature_k":293.15,"volatile_potential_kg":0.012742299802960199,"volume_m3":3.141592653589793e-05},{"ash_mass_kg":0.0,"char_mass_kg":0.0,"dry_wood_mass_kg":0.04900884539600077,"external_area_m2":0.0,"moisture_mass_kg":0.02940530723760046,"oxygen_factor":0.0,"phase":"WET_WOOD","surface_exposure":0.0,"temperature_k":293.15,"volatile_potential_kg":0.038226899408880605,"volume_m3":9.424777960769378e-05},{"ash_mass_kg":0.0,"char_mass_kg":0.0,"dry_wood_mass_kg":0.0816814089933346,"external_area_m2":0.0,"moisture_mass_kg":0.04900884539600076,"oxygen_factor":0.0,"phase":"WET_WOOD","surface_exposure":0.0,"temperature_k":293.15,"volatile_potential_kg":0.063711499014801,"volume_m3":0.00015707963267948963},{"ash_mass_kg":0.0,"char_mass_kg":0.0,"dry_wood_mass_kg":0.11435397259066847,"external_area_m2":0.006283185307179586,"moisture_mass_kg":0.06861238355440108,"oxygen_factor":1.0,"phase":"WET_WOOD","surface_exposure":1.0,"temperature_k":293.15,"volatile_potential_kg":0.0891960986207214,"volume_m3":0.0002199114857512855},{"ash_mass_kg":0.0,"char_mass_kg":0.0,"dry_wood_mass_kg":0.016336281798666922,"external_area_m2":0.0,"moisture_mass_kg":0.009801769079200153,"oxygen_factor":0.0,"phase":"WET_WOOD","surface_exposure":0.0,"temperature_k":293.15,"volatile_potential_kg":0.012742299802960199,"volume_m3":3.141592653589793e-05},{"ash_mass_kg":0.0,"char_mass_kg":0.0,"dry_wood_mass_kg":0.04900884539600077,"external_area_m2":0.0,"moisture_mass_kg":0.02940530723760046,"oxygen_factor":0.0,"phase":"WET_WOOD","surface_exposure":0.0,"temperature_k":293.15,"volatile_potential_kg":0.038226899408880605,"volume_m3":9.424777960769378e-05},{"ash_mass_kg":0.0,"char_mass_kg":0.0,"dry_wood_mass_kg":0.0816814089933346,"external_area_m2":0.0,"moisture_mass_kg":0.04900884539600076,"oxygen_factor":0.0,"phase":"WET_WOOD","surface_exposure":0.0,"temperature_k":293.15,"volatile_potential_kg":0.063711499014801,"volume_m3":0.00015707963267948963},{"ash_mass_kg":0.0,"char_mass_kg":0.0,"dry_wood_mass_kg":0.11435397259066847,"external_area_m2":0.006283185307179586,"moisture_mass_kg":0.06861238355440108,"oxygen_factor":1.0,"phase":"WET_WOOD","surface_exposure":1.0,"temperature_k":293.15,"volatile_potential_kg":0.0891960986207214,"volume_m3":0.0002199114857512855},{"ash_mass_kg":0.0,"char_mass_kg":0.0,"dry_wood_mass_kg":0.016336281798666922,"external_area_m2":0.0,"moisture_mass_kg":0.009801769079200153,"oxygen_factor":0.0,"phase":"WET_WOOD","surface_exposure":0.0,"temperature_k":293.15,"volatile_potential_kg":0.012742299802960199,"volume_m3":3.141592653589793e-05},{"ash_mass_kg":0.0,"char_mass_kg":0.0,"dry_wood_mass_kg":0.04900884539600077,"external_area_m2":0.0,"moisture_mass_kg":0.02940530723760046,"oxygen_factor":0.0,"phase":"WET_WOOD","surface_exposure":0.0,"temperature_k":293.15,"volatile_potential_kg":0.038226899408880605,"volume_m3":9.424777960769378e-05},{"ash_mass_kg":0.0,"char_mass_kg":0.0,"dry_wood_mass_kg":0.0816814089933346,"external_area_m2":0.0,"moisture_mass_kg":0.04900884539600076,"oxygen_factor":0.0,"phase":"WET_WOOD","surface_exposure":0.0,"temperature_k":293.15,"volatile_potential_kg":0.063711499014801,"volume_m3":0.00015707963267948963},{"ash_mass_kg":0.0,"char_mass_kg":0.0,"dry_wood_mass_kg":0.11435397259066847,"external_area_m2":0.006283185307179586,"moisture_mass_kg":0.06861238355440108,"oxygen_factor":1.0,"phase":"WET_WOOD","surface_exposure":1.0,"temperature_k":293.15,"volatile_potential_kg":0.0891960986207214,"volume_m3":0.0002199114857512855},{"ash_mass_kg":0.0,"char_mass_kg":0.0,"dry_wood_mass_kg":0.016336281798666922,"external_area_m2":0.0,"moisture_mass_kg":0.009801769079200153,"oxygen_factor":0.0,"phase":"WET_WOOD","surface_exposure":0.0,"temperature_k":293.15,"volatile_potential_kg":0.012742299802960199,"volume_m3":3.141592653589793e-05},{"ash_mass_kg":0.0,"char_mass_kg":0.0,"dry_wood_mass_kg":0.04900884539600077,"external_area_m2":0.0,"moisture_mass_kg":0.02940530723760046,"oxygen_factor":0.0,"phase":"WET_WOOD","surface_exposure":0.0,"temperature_k":293.15,"volatile_potential_kg":0.038226899408880605,"volume_m3":9.424777960769378e-05},{"ash_mass_kg":0.0,"char_mass_kg":0.0,"dry_wood_mass_kg":0.0816814089933346,"external_area_m2":0.0,"moisture_mass_kg":0.04900884539600076,"oxygen_factor":0.0,"phase":"WET_WOOD","surface_exposure":0.0,"temperature_k":293.15,"volatile_potential_kg":0.063711499014801,"volume_m3":0.00015707963267948963},{"ash_mass_kg":0.0,"char_mass_kg":0.0,"dry_wood_mass_kg":0.11435397259066847,"external_area_m2":0.006283185307179586,"moisture_mass_kg":0.06861238355440108,"oxygen_factor":1.0,"phase":"WET_WOOD","surface_exposure":1.0,"temperature_k":293.15,"volatile_potential_kg":0.0891960986207214,"volume_m3":0.0002199114857512855},{"ash_mass_kg":0.0,"char_mass_kg":0.0,"dry_wood_mass_kg":0.016336281798666922,"external_area_m2":0.0,"moisture_mass_kg":0.009801769079200153,"oxygen_factor":0.0,"phase":"WET_WOOD","surface_exposure":0.0,"temperature_k":293.15,"volatile_potential_kg":0.012742299802960199,"volume_m3":3.141592653589793e-05},{"ash_mass_kg":0.0,"char_mass_kg":0.0,"dry_wood_mass_kg":0.04900884539600077,"external_area_m2":0.0,"moisture_mass_kg":0.02940530723760046,"oxygen_factor":0.0,"phase":"WET_WOOD","surface_exposure":0.0,"temperature_k":293.15,"volatile_potential_kg":0.038226899408880605,"volume_m3":9.424777960769378e-05},{"ash_mass_kg":0.0,"char_mass_kg":0.0,"dry_wood_mass_kg":0.0816814089933346,"external_area_m2":0.0,"moisture_mass_kg":0.04900884539600076,"oxygen_factor":0.0,"phase":"WET_WOOD","surface_exposure":0.0,"temperature_k":293.15,"volatile_potential_kg":0.063711499014801,"volume_m3":0.00015707963267948963},{"ash_mass_kg":0.0,"char_mass_kg":0.0,"dry_wood_mass_kg":0.11435397259066847,"external_area_m2":0.006283185307179586,"moisture_mass_kg":0.06861238355440108,"oxygen_factor":1.0,"phase":"WET_WOOD","surface_exposure":1.0,"temperature_k":293.15,"volatile_potential_kg":0.0891960986207214,"volume_m3":0.0002199114857512855},{"ash_mass_kg":0.0,"char_mass_kg":0.0,"dry_wood_mass_kg":0.016336281798666922,"external_area_m2":0.0,"moisture_mass_kg":0.009801769079200153,"oxygen_factor":0.0,"phase":"WET_WOOD","surface_exposure":0.0,"temperature_k":293.15,"volatile_potential_kg":0.012742299802960199,"volume_m3":3.141592653589793e-05},{"ash_mass_kg":0.0,"char_mass_kg":0.0,"dry_wood_mass_kg":0.04900884539600077,"external_area_m2":0.0,"moisture_mass_kg":0.02940530723760046,"oxygen_factor":0.0,"phase":"WET_WOOD","surface_exposure":0.0,"temperature_k":293.15,"volatile_potential_kg":0.038226899408880605,"volume_m3":9.424777960769378e-05},{"ash_mass_kg":0.0,"char_mass_kg":0.0,"dry_wood_mass_kg":0.0816814089933346,"external_area_m2":0.0,"moisture_mass_kg":0.04900884539600076,"oxygen_factor":0.0,"phase":"WET_WOOD","surface_exposure":0.0,"temperature_k":293.15,"volatile_potential_kg":0.063711499014801,"volume_m3":0.00015707963267948963},{"ash_mass_kg":0.0,"char_mass_kg":0.0,"dry_wood_mass_kg":0.11435397259066847,"external_area_m2":0.006283185307179586,"moisture_mass_kg":0.06861238355440108,"oxygen_factor":1.0,"phase":"WET_WOOD","surface_exposure":1.0,"temperature_k":293.15,"volatile_potential_kg":0.0891960986207214,"volume_m3":0.0002199114857512855},{"ash_mass_kg":0.0,"char_mass_kg":0.0,"dry_wood_mass_kg":0.016336281798666922,"external_area_m2":0.0,"moisture_mass_kg":0.009801769079200153,"oxygen_factor":0.0,"phase":"WET_WOOD","surface_exposure":0.0,"temperature_k":293.15,"volatile_potential_kg":0.012742299802960199,"volume_m3":3.141592653589793e-05},{"ash_mass_kg":0.0,"char_mass_kg":0.0,"dry_wood_mass_kg":0.04900884539600077,"external_area_m2":0.0,"moisture_mass_kg":0.02940530723760046,"oxygen_factor":0.0,"phase":"WET_WOOD","surface_exposure":0.0,"temperature_k":293.15,"volatile_potential_kg":0.038226899408880605,"volume_m3":9.424777960769378e-05},{"ash_mass_kg":0.0,"char_mass_kg":0.0,"dry_wood_mass_kg":0.0816814089933346,"external_area_m2":0.0,"moisture_mass_kg":0.04900884539600076,"oxygen_factor":0.0,"phase":"WET_WOOD","surface_exposure":0.0,"temperature_k":293.15,"volatile_potential_kg":0.063711499014801,"volume_m3":0.00015707963267948963},{"ash_mass_kg":0.0,"char_mass_kg":0.0,"dry_wood_mass_kg":0.11435397259066847,"external_area_m2":0.006283185307179586,"moisture_mass_kg":0.06861238355440108,"oxygen_factor":1.0,"phase":"WET_WOOD","surface_exposure":1.0,"temperature_k":293.15,"volatile_potential_kg":0.0891960986207214,"volume_m3":0.0002199114857512855},{"ash_mass_kg":0.0,"char_mass_kg":0.0,"dry_wood_mass_kg":0.016336281798666922,"external_area_m2":0.0,"moisture_mass_kg":0.009801769079200153,"oxygen_factor":0.0,"phase":"WET_WOOD","surface_exposure":0.0,"temperature_k":293.15,"volatile_potential_kg":0.012742299802960199,"volume_m3":3.141592653589793e-05},{"ash_mass_kg":0.0,"char_mass_kg":0.0,"dry_wood_mass_kg":0.04900884539600077,"external_area_m2":0.0,"moisture_mass_kg":0.02940530723760046,"oxygen_factor":0.0,"phase":"WET_WOOD","surface_exposure":0.0,"temperature_k":293.15,"volatile_potential_kg":0.038226899408880605,"volume_m3":9.424777960769378e-05},{"ash_mass_kg":0.0,"char_mass_kg":0.0,"dry_wood_mass_kg":0.0816814089933346,"external_area_m2":0.0,"moisture_mass_kg":0.04900884539600076,"oxygen_factor":0.0,"phase":"WET_WOOD","surface_exposure":0.0,"temperature_k":293.15,"volatile_potential_kg":0.063711499014801,"volume_m3":0.00015707963267948963},{"ash_mass_kg":0.0,"char_mass_kg":0.0,"dry_wood_mass_kg":0.11435397259066847,"external_area_m2":0.006283185307179586,"moisture_mass_kg":0.06861238355440108,"oxygen_factor":1.0,"phase":"WET_WOOD","surface_exposure":1.0,"temperature_k":293.15,"volatile_potential_kg":0.0891960986207214,"volume_m3":0.0002199114857512855},{"ash_mass_kg":0.0,"char_mass_kg":0.0,"dry_wood_mass_kg":0.016336281798666922,"external_area_m2":0.0,"moisture_mass_kg":0.009801769079200153,"oxygen_factor":0.0,"phase":"WET_WOOD","surface_exposure":0.0,"temperature_k":293.15,"volatile_potential_kg":0.012742299802960199,"volume_m3":3.141592653589793e-05},{"ash_mass_kg":0.0,"char_mass_kg":0.0,"dry_wood_mass_kg":0.04900884539600077,"external_area_m2":0.0,"moisture_mass_kg":0.02940530723760046,"oxygen_factor":0.0,"phase":"WET_WOOD","surface_exposure":0.0,"temperature_k":293.15,"volatile_potential_kg":0.038226899408880605,"volume_m3":9.424777960769378e-05},{"ash_mass_kg":0.0,"char_mass_kg":0.0,"dry_wood_mass_kg":0.0816814089933346,"external_area_m2":0.0,"moisture_mass_kg":0.04900884539600076,"oxygen_factor":0.0,"phase":"WET_WOOD","surface_exposure":0.0,"temperature_k":293.15,"volatile_potential_kg":0.063711499014801,"volume_m3":0.00015707963267948963},{"ash_mass_kg":0.0,"char_mass_kg":0.0,"dry_wood_mass_kg":0.11435397259066847,"external_area_m2":0.006283185307179586,"moisture_mass_kg":0.06861238355440108,"oxygen_factor":1.0,"phase":"WET_WOOD","surface_exposure":1.0,"temperature_k":293.15,"volatile_potential_kg":0.0891960986207214,"volume_m3":0.0002199114857512855},{"ash_mass_kg":0.0,"char_mass_kg":0.0,"dry_wood_mass_kg":0.016336281798666922,"external_area_m2":0.0,"moisture_mass_kg":0.009801769079200153,"oxygen_factor":0.0,"phase":"WET_WOOD","surface_exposure":0.0,"temperature_k":293.15,"volatile_potential_kg":0.012742299802960199,"volume_m3":3.141592653589793e-05},{"ash_mass_kg":0.0,"char_mass_kg":0.0,"dry_wood_mass_kg":0.04900884539600077,"external_area_m2":0.0,"moisture_mass_kg":0.02940530723760046,"oxygen_factor":0.0,"phase":"WET_WOOD","surface_exposure":0.0,"temperature_k":293.15,"volatile_potential_kg":0.038226899408880605,"volume_m3":9.424777960769378e-05},{"ash_mass_kg":0.0,"char_mass_kg":0.0,"dry_wood_mass_kg":0.0816814089933346,"external_area_m2":0.0,"moisture_mass_kg":0.04900884539600076,"oxygen_factor":0.0,"phase":"WET_WOOD","surface_exposure":0.0,"temperature_k":293.15,"volatile_potential_kg":0.063711499014801,"volume_m3":0.00015707963267948963},{"ash_mass_kg":0.0,"char_mass_kg":0.0,"dry_wood_mass_kg":0.11435397259066847,"external_area_m2":0.006283185307179586,"moisture_mass_kg":0.06861238355440108,"oxygen_factor":1.0,"phase":"WET_WOOD","surface_exposure":1.0,"temperature_k":293.15,"volatile_potential_kg":0.0891960986207214,"volume_m3":0.0002199114857512855},{"ash_mass_kg":0.0,"char_mass_kg":0.0,"dry_wood_mass_kg":0.016336281798666922,"external_area_m2":0.0,"moisture_mass_kg":0.009801769079200153,"oxygen_factor":0.0,"phase":"WET_WOOD","surface_exposure":0.0,"temperature_k":293.15,"volatile_potential_kg":0.012742299802960199,"volume_m3":3.141592653589793e-05},{"ash_mass_kg":0.0,"char_mass_kg":0.0,"dry_wood_mass_kg":0.04900884539600077,"external_area_m2":0.0,"moisture_mass_kg":0.02940530723760046,"oxygen_factor":0.0,"phase":"WET_WOOD","surface_exposure":0.0,"temperature_k":293.15,"volatile_potential_kg":0.038226899408880605,"volume_m3":9.424777960769378e-05},{"ash_mass_kg":0.0,"char_mass_kg":0.0,"dry_wood_mass_kg":0.0816814089933346,"external_area_m2":0.0,"moisture_mass_kg":0.04900884539600076,"oxygen_factor":0.0,"phase":"WET_WOOD","surface_exposure":0.0,"temperature_k":293.15,"volatile_potential_kg":0.063711499014801,"volume_m3":0.00015707963267948963},{"ash_mass_kg":0.0,"char_mass_kg":0.0,"dry_wood_mass_kg":0.11435397259066847,"external_area_m2":0.006283185307179586,"moisture_mass_kg":0.06861238355440108,"oxygen_factor":1.0,"phase":"WET_WOOD","surface_exposure":1.0,"temperature_k":293.15,"volatile_potential_kg":0.0891960986207214,"volume_m3":0.0002199114857512855},{"ash_mass_kg":0.0,"char_mass_kg":0.0,"dry_wood_mass_kg":0.016336281798666922,"external_area_m2":0.0,"moisture_mass_kg":0.009801769079200153,"oxygen_factor":0.0,"phase":"WET_WOOD","surface_exposure":0.0,"temperature_k":293.15,"volatile_potential_kg":0.012742299802960199,"volume_m3":3.141592653589793e-05},{"ash_mass_kg":0.0,"char_mass_kg":0.0,"dry_wood_mass_kg":0.04900884539600077,"external_area_m2":0.0,"moisture_mass_kg":0.02940530723760046,"oxygen_factor":0.0,"phase":"WET_WOOD","surface_exposure":0.0,"temperature_k":293.15,"volatile_potential_kg":0.038226899408880605,"volume_m3":9.424777960769378e-05},{"ash_mass_kg":0.0,"char_mass_kg":0.0,"dry_wood_mass_kg":0.0816814089933346,"external_area_m2":0.0,"moisture_mass_kg":0.04900884539600076,"oxygen_factor":0.0,"phase":"WET_WOOD","surface_exposure":0.0,"temperature_k":293.15,"volatile_potential_kg":0.063711499014801,"volume_m3":0.00015707963267948963},{"ash_mass_kg":0.0,"char_mass_kg":0.0,"dry_wood_mass_kg":0.11435397259066847,"external_area_m2":0.006283185307179586,"moisture_mass_kg":0.06861238355440108,"oxygen_factor":1.0,"phase":"WET_WOOD","surface_exposure":1.0,"temperature_k":293.15,"volatile_potential_kg":0.0891960986207214,"volume_m3":0.0002199114857512855},{"ash_mass_kg":0.0,"char_mass_kg":0.0,"dry_wood_mass_kg":0.016336281798666922,"external_area_m2":0.0,"moisture_mass_kg":0.009801769079200153,"oxygen_factor":0.0,"phase":"WET_WOOD","surface_exposure":0.0,"temperature_k":293.15,"volatile_potential_kg":0.012742299802960199,"volume_m3":3.141592653589793e-05},{"ash_mass_kg":0.0,"char_mass_kg":0.0,"dry_wood_mass_kg":0.04900884539600077,"external_area_m2":0.0,"moisture_mass_kg":0.02940530723760046,"oxygen_factor":0.0,"phase":"WET_WOOD","surface_exposure":0.0,"temperature_k":293.15,"volatile_potential_kg":0.038226899408880605,"volume_m3":9.424777960769378e-05},{"ash_mass_kg":0.0,"char_mass_kg":0.0,"dry_wood_mass_kg":0.0816814089933346,"external_area_m2":0.0,"moisture_mass_kg":0.04900884539600076,"oxygen_factor":0.0,"phase":"WET_WOOD","surface_exposure":0.0,"temperature_k":293.15,"volatile_potential_kg":0.063711499014801,"volume_m3":0.00015707963267948963},{"ash_mass_kg":0.0,"char_mass_kg":0.0,"dry_wood_mass_kg":0.11435397259066847,"external_area_m2":0.006283185307179586,"moisture_mass_kg":0.06861238355440108,"oxygen_factor":1.0,"phase":"WET_WOOD","surface_exposure":1.0,"temperature_k":293.15,"volatile_potential_kg":0.0891960986207214,"volume_m3":0.0002199114857512855},{"ash_mass_kg":0.0,"char_mass_kg":0.0,"dry_wood_mass_kg":0.016336281798666922,"external_area_m2":0.0,"moisture_mass_kg":0.009801769079200153,"oxygen_factor":0.0,"phase":"WET_WOOD","surface_exposure":0.0,"temperature_k":293.15,"volatile_potential_kg":0.012742299802960199,"volume_m3":3.141592653589793e-05},{"ash_mass_kg":0.0,"char_mass_kg":0.0,"dry_wood_mass_kg":0.04900884539600077,"external_area_m2":0.0,"moisture_mass_kg":0.02940530723760046,"oxygen_factor":0.0,"phase":"WET_WOOD","surface_exposure":0.0,"temperature_k":293.15,"volatile_potential_kg":0.038226899408880605,"volume_m3":9.424777960769378e-05},{"ash_mass_kg":0.0,"char_mass_kg":0.0,"dry_wood_mass_kg":0.0816814089933346,"external_area_m2":0.0,"moisture_mass_kg":0.04900884539600076,"oxygen_factor":0.0,"phase":"WET_WOOD","surface_exposure":0.0,"temperature_k":293.15,"volatile_potential_kg":0.063711499014801,"volume_m3":0.00015707963267948963},{"ash_mass_kg":0.0,"char_mass_kg":0.0,"dry_wood_mass_kg":0.11435397259066847,"external_area_m2":0.006283185307179586,"moisture_mass_kg":0.06861238355440108,"oxygen_factor":1.0,"phase":"WET_WOOD","surface_exposure":1.0,"temperature_k":293.15,"volatile_potential_kg":0.0891960986207214,"volume_m3":0.0002199114857512855},{"ash_mass_kg":0.0,"char_mass_kg":0.0,"dry_wood_mass_kg":0.016336281798666922,"external_area_m2":0.0,"moisture_mass_kg":0.009801769079200153,"oxygen_factor":0.0,"phase":"WET_WOOD","surface_exposure":0.0,"temperature_k":293.15,"volatile_potential_kg":0.012742299802960199,"volume_m3":3.141592653589793e-05},{"ash_mass_kg":0.0,"char_mass_kg":0.0,"dry_wood_mass_kg":0.04900884539600077,"external_area_m2":0.0,"moisture_mass_kg":0.02940530723760046,"oxygen_factor":0.0,"phase":"WET_WOOD","surface_exposure":0.0,"temperature_k":293.15,"volatile_potential_kg":0.038226899408880605,"volume_m3":9.424777960769378e-05},{"ash_mass_kg":0.0,"char_mass_kg":0.0,"dry_wood_mass_kg":0.0816814089933346,"external_area_m2":0.0,"moisture_mass_kg":0.04900884539600076,"oxygen_factor":0.0,"phase":"WET_WOOD","surface_exposure":0.0,"temperature_k":293.15,"volatile_potential_kg":0.063711499014801,"volume_m3":0.00015707963267948963},{"ash_mass_kg":0.0,"char_mass_kg":0.0,"dry_wood_mass_kg":0.11435397259066847,"external_area_m2":0.006283185307179586,"moisture_mass_kg":0.06861238355440108,"oxygen_factor":1.0,"phase":"WET_WOOD","surface_exposure":1.0,"temperature_k":293.15,"volatile_potential_kg":0.0891960986207214,"volume_m3":0.0002199114857512855},{"ash_mass_kg":0.0,"char_mass_kg":0.0,"dry_wood_mass_kg":0.016336281798666922,"external_area_m2":0.0,"moisture_mass_kg":0.009801769079200153,"oxygen_factor":0.0,"phase":"WET_WOOD","surface_exposure":0.0,"temperature_k":293.15,"volatile_potential_kg":0.012742299802960199,"volume_m3":3.141592653589793e-05},{"ash_mass_kg":0.0,"char_mass_kg":0.0,"dry_wood_mass_kg":0.04900884539600077,"external_area_m2":0.0,"moisture_mass_kg":0.02940530723760046,"oxygen_factor":0.0,"phase":"WET_WOOD","surface_exposure":0.0,"temperature_k":293.15,"volatile_potential_kg":0.038226899408880605,"volume_m3":9.424777960769378e-05},{"ash_mass_kg":0.0,"char_mass_kg":0.0,"dry_wood_mass_kg":0.0816814089933346,"external_area_m2":0.0,"moisture_mass_kg":0.04900884539600076,"oxygen_factor":0.0,"phase":"WET_WOOD","surface_exposure":0.0,"temperature_k":293.15,"volatile_potential_kg":0.063711499014801,"volume_m3":0.00015707963267948963},{"ash_mass_kg":0.0,"char_mass_kg":0.0,"dry_wood_mass_kg":0.11435397259066847,"external_area_m2":0.006283185307179586,"moisture_mass_kg":0.06861238355440108,"oxygen_factor":1.0,"phase":"WET_WOOD","surface_exposure":1.0,"temperature_k":293.15,"volatile_potential_kg":0.0891960986207214,"volume_m3":0.0002199114857512855},{"ash_mass_kg":0.0,"char_mass_kg":0.0,"dry_wood_mass_kg":0.016336281798666922,"external_area_m2":0.0,"moisture_mass_kg":0.009801769079200153,"oxygen_factor":0.0,"phase":"WET_WOOD","surface_exposure":0.0,"temperature_k":293.15,"volatile_potential_kg":0.012742299802960199,"volume_m3":3.141592653589793e-05},{"ash_mass_kg":0.0,"char_mass_kg":0.0,"dry_wood_mass_kg":0.04900884539600077,"external_area_m2":0.0,"moisture_mass_kg":0.02940530723760046,"oxygen_factor":0.0,"phase":"WET_WOOD","surface_exposure":0.0,"temperature_k":293.15,"volatile_potential_kg":0.038226899408880605,"volume_m3":9.424777960769378e-05},{"ash_mass_kg":0.0,"char_mass_kg":0.0,"dry_wood_mass_kg":0.0816814089933346,"external_area_m2":0.0,"moisture_mass_kg":0.04900884539600076,"oxygen_factor":0.0,"phase":"WET_WOOD","surface_exposure":0.0,"temperature_k":293.15,"volatile_potential_kg":0.063711499014801,"volume_m3":0.00015707963267948963},{"ash_mass_kg":0.0,"char_mass_kg":0.0,"dry_wood_mass_kg":0.11435397259066847,"external_area_m2":0.006283185307179586,"moisture_mass_kg":0.06861238355440108,"oxygen_factor":1.0,"phase":"WET_WOOD","surface_exposure":1.0,"temperature_k":293.15,"volatile_potential_kg":0.0891960986207214,"volume_m3":0.0002199114857512855},{"ash_mass_kg":0.0,"char_mass_kg":0.0,"dry_wood_mass_kg":0.016336281798666922,"external_area_m2":0.0,"moisture_mass_kg":0.009801769079200153,"oxygen_factor":0.0,"phase":"WET_WOOD","surface_exposure":0.0,"temperature_k":293.15,"volatile_potential_kg":0.012742299802960199,"volume_m3":3.141592653589793e-05},{"ash_mass_kg":0.0,"char_mass_kg":0.0,"dry_wood_mass_kg":0.04900884539600077,"external_area_m2":0.0,"moisture_mass_kg":0.02940530723760046,"oxygen_factor":0.0,"phase":"WET_WOOD","surface_exposure":0.0,"temperature_k":293.15,"volatile_potential_kg":0.038226899408880605,"volume_m3":9.424777960769378e-05},{"ash_mass_kg":0.0,"char_mass_kg":0.0,"dry_wood_mass_kg":0.0816814089933346,"external_area_m2":0.0,"moisture_mass_kg":0.04900884539600076,"oxygen_factor":0.0,"phase":"WET_WOOD","surface_exposure":0.0,"temperature_k":293.15,"volatile_potential_kg":0.063711499014801,"volume_m3":0.00015707963267948963},{"ash_mass_kg":0.0,"char_mass_kg":0.0,"dry_wood_mass_kg":0.11435397259066847,"external_area_m2":0.006283185307179586,"moisture_mass_kg":0.06861238355440108,"oxygen_factor":1.0,"phase":"WET_WOOD","surface_exposure":1.0,"temperature_k":293.15,"volatile_potential_kg":0.0891960986207214,"volume_m3":0.0002199114857512855},{"ash_mass_kg":0.0,"char_mass_kg":0.0,"dry_wood_mass_kg":0.016336281798666922,"external_area_m2":0.0,"moisture_mass_kg":0.009801769079200153,"oxygen_factor":0.0,"phase":"WET_WOOD","surface_exposure":0.0,"temperature_k":293.15,"volatile_potential_kg":0.012742299802960199,"volume_m3":3.141592653589793e-05},{"ash_mass_kg":0.0,"char_mass_kg":0.0,"dry_wood_mass_kg":0.04900884539600077,"external_area_m2":0.0,"moisture_mass_kg":0.02940530723760046,"oxygen_factor":0.0,"phase":"WET_WOOD","surface_exposure":0.0,"temperature_k":293.15,"volatile_potential_kg":0.038226899408880605,"volume_m3":9.424777960769378e-05},{"ash_mass_kg":0.0,"char_mass_kg":0.0,"dry_wood_mass_kg":0.0816814089933346,"external_area_m2":0.0,"moisture_mass_kg":0.04900884539600076,"oxygen_factor":0.0,"phase":"WET_WOOD","surface_exposure":0.0,"temperature_k":293.15,"volatile_potential_kg":0.063711499014801,"volume_m3":0.00015707963267948963},{"ash_mass_kg":0.0,"char_mass_kg":0.0,"dry_wood_mass_kg":0.11435397259066847,"external_area_m2":0.006283185307179586,"moisture_mass_kg":0.06861238355440108,"oxygen_factor":1.0,"phase":"WET_WOOD","surface_exposure":1.0,"temperature_k":293.15,"volatile_potential_kg":0.0891960986207214,"volume_m3":0.0002199114857512855},{"ash_mass_kg":0.0,"char_mass_kg":0.0,"dry_wood_mass_kg":0.016336281798666922,"external_area_m2":0.0,"moisture_mass_kg":0.009801769079200153,"oxygen_factor":0.0,"phase":"WET_WOOD","surface_exposure":0.0,"temperature_k":293.15,"volatile_potential_kg":0.012742299802960199,"volume_m3":3.141592653589793e-05},{"ash_mass_kg":0.0,"char_mass_kg":0.0,"dry_wood_mass_kg":0.04900884539600077,"external_area_m2":0.0,"moisture_mass_kg":0.02940530723760046,"oxygen_factor":0.0,"phase":"WET_WOOD","surface_exposure":0.0,"temperature_k":293.15,"volatile_potential_kg":0.038226899408880605,"volume_m3":9.424777960769378e-05},{"ash_mass_kg":0.0,"char_mass_kg":0.0,"dry_wood_mass_kg":0.0816814089933346,"external_area_m2":0.0,"moisture_mass_kg":0.04900884539600076,"oxygen_factor":0.0,"phase":"WET_WOOD","surface_exposure":0.0,"temperature_k":293.15,"volatile_potential_kg":0.063711499014801,"volume_m3":0.00015707963267948963},{"ash_mass_kg":0.0,"char_mass_kg":0.0,"dry_wood_mass_kg":0.11435397259066847,"external_area_m2":0.006283185307179586,"moisture_mass_kg":0.06861238355440108,"oxygen_factor":1.0,"phase":"WET_WOOD","surface_exposure":1.0,"temperature_k":293.15,"volatile_potential_kg":0.0891960986207214,"volume_m3":0.0002199114857512855},{"ash_mass_kg":0.0,"char_mass_kg":0.0,"dry_wood_mass_kg":0.016336281798666922,"external_area_m2":0.0,"moisture_mass_kg":0.009801769079200153,"oxygen_factor":0.0,"phase":"WET_WOOD","surface_exposure":0.0,"temperature_k":293.15,"volatile_potential_kg":0.012742299802960199,"volume_m3":3.141592653589793e-05},{"ash_mass_kg":0.0,"char_mass_kg":0.0,"dry_wood_mass_kg":0.04900884539600077,"external_area_m2":0.0,"moisture_mass_kg":0.02940530723760046,"oxygen_factor":0.0,"phase":"WET_WOOD","surface_exposure":0.0,"temperature_k":293.15,"volatile_potential_kg":0.038226899408880605,"volume_m3":9.424777960769378e-05},{"ash_mass_kg":0.0,"char_mass_kg":0.0,"dry_wood_mass_kg":0.0816814089933346,"external_area_m2":0.0,"moisture_mass_kg":0.04900884539600076,"oxygen_factor":0.0,"phase":"WET_WOOD","surface_exposure":0.0,"temperature_k":293.15,"volatile_potential_kg":0.063711499014801,"volume_m3":0.00015707963267948963},{"ash_mass_kg":0.0,"char_mass_kg":0.0,"dry_wood_mass_kg":0.11435397259066847,"external_area_m2":0.006283185307179586,"moisture_mass_kg":0.06861238355440108,"oxygen_factor":1.0,"phase":"WET_WOOD","surface_exposure":1.0,"temperature_k":293.15,"volatile_potential_kg":0.0891960986207214,"volume_m3":0.0002199114857512855},{"ash_mass_kg":0.0,"char_mass_kg":0.0,"dry_wood_mass_kg":0.016336281798666922,"external_area_m2":0.0,"moisture_mass_kg":0.009801769079200153,"oxygen_factor":0.0,"phase":"WET_WOOD","surface_exposure":0.0,"temperature_k":293.15,"volatile_potential_kg":0.012742299802960199,"volume_m3":3.141592653589793e-05},{"ash_mass_kg":0.0,"char_mass_kg":0.0,"dry_wood_mass_kg":0.04900884539600077,"external_area_m2":0.0,"moisture_mass_kg":0.02940530723760046,"oxygen_factor":0.0,"phase":"WET_WOOD","surface_exposure":0.0,"temperature_k":293.15,"volatile_potential_kg":0.038226899408880605,"volume_m3":9.424777960769378e-05},{"ash_mass_kg":0.0,"char_mass_kg":0.0,"dry_wood_mass_kg":0.0816814089933346,"external_area_m2":0.0,"moisture_mass_kg":0.04900884539600076,"oxygen_factor":0.0,"phase":"WET_WOOD","surface_exposure":0.0,"temperature_k":293.15,"volatile_potential_kg":0.063711499014801,"volume_m3":0.00015707963267948963},{"ash_mass_kg":0.0,"char_mass_kg":0.0,"dry_wood_mass_kg":0.11435397259066847,"external_area_m2":0.006283185307179586,"moisture_mass_kg":0.06861238355440108,"oxygen_factor":1.0,"phase":"WET_WOOD","surface_exposure":1.0,"temperature_k":293.15,"volatile_potential_kg":0.0891960986207214,"volume_m3":0.0002199114857512855},{"ash_mass_kg":0.0,"char_mass_kg":0.0,"dry_wood_mass_kg":0.016336281798666922,"external_area_m2":0.0,"moisture_mass_kg":0.009801769079200153,"oxygen_factor":0.0,"phase":"WET_WOOD","surface_exposure":0.0,"temperature_k":293.15,"volatile_potential_kg":0.012742299802960199,"volume_m3":3.141592653589793e-05},{"ash_mass_kg":0.0,"char_mass_kg":0.0,"dry_wood_mass_kg":0.04900884539600077,"external_area_m2":0.0,"moisture_mass_kg":0.02940530723760046,"oxygen_factor":0.0,"phase":"WET_WOOD","surface_exposure":0.0,"temperature_k":293.15,"volatile_potential_kg":0.038226899408880605,"volume_m3":9.424777960769378e-05},{"ash_mass_kg":0.0,"char_mass_kg":0.0,"dry_wood_mass_kg":0.0816814089933346,"external_area_m2":0.0,"moisture_mass_kg":0.04900884539600076,"oxygen_factor":0.0,"phase":"WET_WOOD","surface_exposure":0.0,"temperature_k":293.15,"volatile_potential_kg":0.063711499014801,"volume_m3":0.00015707963267948963},{"ash_mass_kg":0.0,"char_mass_kg":0.0,"dry_wood_mass_kg":0.11435397259066847,"external_area_m2":0.006283185307179586,"moisture_mass_kg":0.06861238355440108,"oxygen_factor":1.0,"phase":"WET_WOOD","surface_exposure":1.0,"temperature_k":293.15,"volatile_potential_kg":0.0891960986207214,"volume_m3":0.0002199114857512855},{"ash_mass_kg":0.0,"char_mass_kg":0.0,"dry_wood_mass_kg":0.016336281798666922,"external_area_m2":0.0,"moisture_mass_kg":0.009801769079200153,"oxygen_factor":0.0,"phase":"WET_WOOD","surface_exposure":0.0,"temperature_k":293.15,"volatile_potential_kg":0.012742299802960199,"volume_m3":3.141592653589793e-05},{"ash_mass_kg":0.0,"char_mass_kg":0.0,"dry_wood_mass_kg":0.04900884539600077,"external_area_m2":0.0,"moisture_mass_kg":0.02940530723760046,"oxygen_factor":0.0,"phase":"WET_WOOD","surface_exposure":0.0,"temperature_k":293.15,"volatile_potential_kg":0.038226899408880605,"volume_m3":9.424777960769378e-05},{"ash_mass_kg":0.0,"char_mass_kg":0.0,"dry_wood_mass_kg":0.0816814089933346,"external_area_m2":0.0,"moisture_mass_kg":0.04900884539600076,"oxygen_factor":0.0,"phase":"WET_WOOD","surface_exposure":0.0,"temperature_k":293.15,"volatile_potential_kg":0.063711499014801,"volume_m3":0.00015707963267948963},{"ash_mass_kg":0.0,"char_mass_kg":0.0,"dry_wood_mass_kg":0.11435397259066847,"external_area_m2":0.006283185307179586,"moisture_mass_kg":0.06861238355440108,"oxygen_factor":1.0,"phase":"WET_WOOD","surface_exposure":1.0,"temperature_k":293.15,"volatile_potential_kg":0.0891960986207214,"volume_m3":0.0002199114857512855},{"ash_mass_kg":0.0,"char_mass_kg":0.0,"dry_wood_mass_kg":0.016336281798666922,"external_area_m2":0.0,"moisture_mass_kg":0.009801769079200153,"oxygen_factor":0.0,"phase":"WET_WOOD","surface_exposure":0.0,"temperature_k":293.15,"volatile_potential_kg":0.012742299802960199,"volume_m3":3.141592653589793e-05},{"ash_mass_kg":0.0,"char_mass_kg":0.0,"dry_wood_mass_kg":0.04900884539600077,"external_area_m2":0.0,"moisture_mass_kg":0.02940530723760046,"oxygen_factor":0.0,"phase":"WET_WOOD","surface_exposure":0.0,"temperature_k":293.15,"volatile_potential_kg":0.038226899408880605,"volume_m3":9.424777960769378e-05},{"ash_mass_kg":0.0,"char_mass_kg":0.0,"dry_wood_mass_kg":0.0816814089933346,"external_area_m2":0.0,"moisture_mass_kg":0.04900884539600076,"oxygen_factor":0.0,"phase":"WET_WOOD","surface_exposure":0.0,"temperature_k":293.15,"volatile_potential_kg":0.063711499014801,"volume_m3":0.00015707963267948963},{"ash_mass_kg":0.0,"char_mass_kg":0.0,"dry_wood_mass_kg":0.11435397259066847,"external_area_m2":0.006283185307179586,"moisture_mass_kg":0.06861238355440108,"oxygen_factor":1.0,"phase":"WET_WOOD","surface_exposure":1.0,"temperature_k":293.15,"volatile_potential_kg":0.0891960986207214,"volume_m3":0.0002199114857512855},{"ash_mass_kg":0.0,"char_mass_kg":0.0,"dry_wood_mass_kg":0.016336281798666922,"external_area_m2":0.0,"moisture_mass_kg":0.009801769079200153,"oxygen_factor":0.0,"phase":"WET_WOOD","surface_exposure":0.0,"temperature_k":293.15,"volatile_potential_kg":0.012742299802960199,"volume_m3":3.141592653589793e-05},{"ash_mass_kg":0.0,"char_mass_kg":0.0,"dry_wood_mass_kg":0.04900884539600077,"external_area_m2":0.0,"moisture_mass_kg":0.02940530723760046,"oxygen_factor":0.0,"phase":"WET_WOOD","surface_exposure":0.0,"temperature_k":293.15,"volatile_potential_kg":0.038226899408880605,"volume_m3":9.424777960769378e-05},{"ash_mass_kg":0.0,"char_mass_kg":0.0,"dry_wood_mass_kg":0.0816814089933346,"external_area_m2":0.0,"moisture_mass_kg":0.04900884539600076,"oxygen_factor":0.0,"phase":"WET_WOOD","surface_exposure":0.0,"temperature_k":293.15,"volatile_potential_kg":0.063711499014801,"volume_m3":0.00015707963267948963},{"ash_mass_kg":0.0,"char_mass_kg":0.0,"dry_wood_mass_kg":0.11435397259066847,"external_area_m2":0.006283185307179586,"moisture_mass_kg":0.06861238355440108,"oxygen_factor":1.0,"phase":"WET_WOOD","surface_exposure":1.0,"temperature_k":293.15,"volatile_potential_kg":0.0891960986207214,"volume_m3":0.0002199114857512855},{"ash_mass_kg":0.0,"char_mass_kg":0.0,"dry_wood_mass_kg":0.016336281798666922,"external_area_m2":0.0,"moisture_mass_kg":0.009801769079200153,"oxygen_factor":0.0,"phase":"WET_WOOD","surface_exposure":0.0,"temperature_k":293.15,"volatile_potential_kg":0.012742299802960199,"volume_m3":3.141592653589793e-05},{"ash_mass_kg":0.0,"char_mass_kg":0.0,"dry_wood_mass_kg":0.04900884539600077,"external_area_m2":0.0,"moisture_mass_kg":0.02940530723760046,"oxygen_factor":0.0,"phase":"WET_WOOD","surface_exposure":0.0,"temperature_k":293.15,"volatile_potential_kg":0.038226899408880605,"volume_m3":9.424777960769378e-05},{"ash_mass_kg":0.0,"char_mass_kg":0.0,"dry_wood_mass_kg":0.0816814089933346,"external_area_m2":0.0,"moisture_mass_kg":0.04900884539600076,"oxygen_factor":0.0,"phase":"WET_WOOD","surface_exposure":0.0,"temperature_k":293.15,"volatile_potential_kg":0.063711499014801,"volume_m3":0.00015707963267948963},{"ash_mass_kg":0.0,"char_mass_kg":0.0,"dry_wood_mass_kg":0.11435397259066847,"external_area_m2":0.006283185307179586,"moisture_mass_kg":0.06861238355440108,"oxygen_factor":1.0,"phase":"WET_WOOD","surface_exposure":1.0,"temperature_k":293.15,"volatile_potential_kg":0.0891960986207214,"volume_m3":0.0002199114857512855},{"ash_mass_kg":0.0,"char_mass_kg":0.0,"dry_wood_mass_kg":0.016336281798666922,"external_area_m2":0.0,"moisture_mass_kg":0.009801769079200153,"oxygen_factor":0.0,"phase":"WET_WOOD","surface_exposure":0.0,"temperature_k":293.15,"volatile_potential_kg":0.012742299802960199,"volume_m3":3.141592653589793e-05},{"ash_mass_kg":0.0,"char_mass_kg":0.0,"dry_wood_mass_kg":0.04900884539600077,"external_area_m2":0.0,"moisture_mass_kg":0.02940530723760046,"oxygen_factor":0.0,"phase":"WET_WOOD","surface_exposure":0.0,"temperature_k":293.15,"volatile_potential_kg":0.038226899408880605,"volume_m3":9.424777960769378e-05},{"ash_mass_kg":0.0,"char_mass_kg":0.0,"dry_wood_mass_kg":0.0816814089933346,"external_area_m2":0.0,"moisture_mass_kg":0.04900884539600076,"oxygen_factor":0.0,"phase":"WET_WOOD","surface_exposure":0.0,"temperature_k":293.15,"volatile_potential_kg":0.063711499014801,"volume_m3":0.00015707963267948963},{"ash_mass_kg":0.0,"char_mass_kg":0.0,"dry_wood_mass_kg":0.11435397259066847,"external_area_m2":0.006283185307179586,"moisture_mass_kg":0.06861238355440108,"oxygen_factor":1.0,"phase":"WET_WOOD","surface_exposure":1.0,"temperature_k":293.15,"volatile_potential_kg":0.0891960986207214,"volume_m3":0.0002199114857512855},{"ash_mass_kg":0.0,"char_mass_kg":0.0,"dry_wood_mass_kg":0.016336281798666922,"external_area_m2":0.0,"moisture_mass_kg":0.009801769079200153,"oxygen_factor":0.0,"phase":"WET_WOOD","surface_exposure":0.0,"temperature_k":293.15,"volatile_potential_kg":0.012742299802960199,"volume_m3":3.141592653589793e-05},{"ash_mass_kg":0.0,"char_mass_kg":0.0,"dry_wood_mass_kg":0.04900884539600077,"external_area_m2":0.0,"moisture_mass_kg":0.02940530723760046,"oxygen_factor":0.0,"phase":"WET_WOOD","surface_exposure":0.0,"temperature_k":293.15,"volatile_potential_kg":0.038226899408880605,"volume_m3":9.424777960769378e-05},{"ash_mass_kg":0.0,"char_mass_kg":0.0,"dry_wood_mass_kg":0.0816814089933346,"external_area_m2":0.0,"moisture_mass_kg":0.04900884539600076,"oxygen_factor":0.0,"phase":"WET_WOOD","surface_exposure":0.0,"temperature_k":293.15,"volatile_potential_kg":0.063711499014801,"volume_m3":0.00015707963267948963},{"ash_mass_kg":0.0,"char_mass_kg":0.0,"dry_wood_mass_kg":0.11435397259066847,"external_area_m2":0.006283185307179586,"moisture_mass_kg":0.06861238355440108,"oxygen_factor":1.0,"phase":"WET_WOOD","surface_exposure":1.0,"temperature_k":293.15,"volatile_potential_kg":0.0891960986207214,"volume_m3":0.0002199114857512855},{"ash_mass_kg":0.0,"char_mass_kg":0.0,"dry_wood_mass_kg":0.016336281798666922,"external_area_m2":0.0,"moisture_mass_kg":0.009801769079200153,"oxygen_factor":0.0,"phase":"WET_WOOD","surface_exposure":0.0,"temperature_k":293.15,"volatile_potential_kg":0.012742299802960199,"volume_m3":3.141592653589793e-05},{"ash_mass_kg":0.0,"char_mass_kg":0.0,"dry_wood_mass_kg":0.04900884539600077,"external_area_m2":0.0,"moisture_mass_kg":0.02940530723760046,"oxygen_factor":0.0,"phase":"WET_WOOD","surface_exposure":0.0,"temperature_k":293.15,"volatile_potential_kg":0.038226899408880605,"volume_m3":9.424777960769378e-05},{"ash_mass_kg":0.0,"char_mass_kg":0.0,"dry_wood_mass_kg":0.0816814089933346,"external_area_m2":0.0,"moisture_mass_kg":0.04900884539600076,"oxygen_factor":0.0,"phase":"WET_WOOD","surface_exposure":0.0,"temperature_k":293.15,"volatile_potential_kg":0.063711499014801,"volume_m3":0.00015707963267948963},{"ash_mass_kg":0.0,"char_mass_kg":0.0,"dry_wood_mass_kg":0.11435397259066847,"external_area_m2":0.006283185307179586,"moisture_mass_kg":0.06861238355440108,"oxygen_factor":1.0,"phase":"WET_WOOD","surface_exposure":1.0,"temperature_k":293.15,"volatile_potential_kg":0.0891960986207214,"volume_m3":0.0002199114857512855},{"ash_mass_kg":0.0,"char_mass_kg":0.0,"dry_wood_mass_kg":0.016336281798666922,"external_area_m2":0.0,"moisture_mass_kg":0.009801769079200153,"oxygen_factor":0.0,"phase":"WET_WOOD","surface_exposure":0.0,"temperature_k":293.15,"volatile_potential_kg":0.012742299802960199,"volume_m3":3.141592653589793e-05},{"ash_mass_kg":0.0,"char_mass_kg":0.0,"dry_wood_mass_kg":0.04900884539600077,"external_area_m2":0.0,"moisture_mass_kg":0.02940530723760046,"oxygen_factor":0.0,"phase":"WET_WOOD","surface_exposure":0.0,"temperature_k":293.15,"volatile_potential_kg":0.038226899408880605,"volume_m3":9.424777960769378e-05},{"ash_mass_kg":0.0,"char_mass_kg":0.0,"dry_wood_mass_kg":0.0816814089933346,"external_area_m2":0.0,"moisture_mass_kg":0.04900884539600076,"oxygen_factor":0.0,"phase":"WET_WOOD","surface_exposure":0.0,"temperature_k":293.15,"volatile_potential_kg":0.063711499014801,"volume_m3":0.00015707963267948963},{"ash_mass_kg":0.0,"char_mass_kg":0.0,"dry_wood_mass_kg":0.11435397259066847,"external_area_m2":0.006283185307179586,"moisture_mass_kg":0.06861238355440108,"oxygen_factor":1.0,"phase":"WET_WOOD","surface_exposure":1.0,"temperature_k":293.15,"volatile_potential_kg":0.0891960986207214,"volume_m3":0.0002199114857512855},{"ash_mass_kg":0.0,"char_mass_kg":0.0,"dry_wood_mass_kg":0.016336281798666922,"external_area_m2":0.0,"moisture_mass_kg":0.009801769079200153,"oxygen_factor":0.0,"phase":"WET_WOOD","surface_exposure":0.0,"temperature_k":293.15,"volatile_potential_kg":0.012742299802960199,"volume_m3":3.141592653589793e-05},{"ash_mass_kg":0.0,"char_mass_kg":0.0,"dry_wood_mass_kg":0.04900884539600077,"external_area_m2":0.0,"moisture_mass_kg":0.02940530723760046,"oxygen_factor":0.0,"phase":"WET_WOOD","surface_exposure":0.0,"temperature_k":293.15,"volatile_potential_kg":0.038226899408880605,"volume_m3":9.424777960769378e-05},{"ash_mass_kg":0.0,"char_mass_kg":0.0,"dry_wood_mass_kg":0.0816814089933346,"external_area_m2":0.0,"moisture_mass_kg":0.04900884539600076,"oxygen_factor":0.0,"phase":"WET_WOOD","surface_exposure":0.0,"temperature_k":293.15,"volatile_potential_kg":0.063711499014801,"volume_m3":0.00015707963267948963},{"ash_mass_kg":0.0,"char_mass_kg":0.0,"dry_wood_mass_kg":0.11435397259066847,"external_area_m2":0.006283185307179586,"moisture_mass_kg":0.06861238355440108,"oxygen_factor":1.0,"phase":"WET_WOOD","surface_exposure":1.0,"temperature_k":293.15,"volatile_potential_kg":0.0891960986207214,"volume_m3":0.0002199114857512855},{"ash_mass_kg":0.0,"char_mass_kg":0.0,"dry_wood_mass_kg":0.016336281798666922,"external_area_m2":0.0,"moisture_mass_kg":0.009801769079200153,"oxygen_factor":0.0,"phase":"WET_WOOD","surface_exposure":0.0,"temperature_k":293.15,"volatile_potential_kg":0.012742299802960199,"volume_m3":3.141592653589793e-05},{"ash_mass_kg":0.0,"char_mass_kg":0.0,"dry_wood_mass_kg":0.04900884539600077,"external_area_m2":0.0,"moisture_mass_kg":0.02940530723760046,"oxygen_factor":0.0,"phase":"WET_WOOD","surface_exposure":0.0,"temperature_k":293.15,"volatile_potential_kg":0.038226899408880605,"volume_m3":9.424777960769378e-05},{"ash_mass_kg":0.0,"char_mass_kg":0.0,"dry_wood_mass_kg":0.0816814089933346,"external_area_m2":0.0,"moisture_mass_kg":0.04900884539600076,"oxygen_factor":0.0,"phase":"WET_WOOD","surface_exposure":0.0,"temperature_k":293.15,"volatile_potential_kg":0.063711499014801,"volume_m3":0.00015707963267948963},{"ash_mass_kg":0.0,"char_mass_kg":0.0,"dry_wood_mass_kg":0.11435397259066847,"external_area_m2":0.006283185307179586,"moisture_mass_kg":0.06861238355440108,"oxygen_factor":1.0,"phase":"WET_WOOD","surface_exposure":1.0,"temperature_k":293.15,"volatile_potential_kg":0.0891960986207214,"volume_m3":0.0002199114857512855},{"ash_mass_kg":0.0,"char_mass_kg":0.0,"dry_wood_mass_kg":0.016336281798666922,"external_area_m2":0.0,"moisture_mass_kg":0.009801769079200153,"oxygen_factor":0.0,"phase":"WET_WOOD","surface_exposure":0.0,"temperature_k":293.15,"volatile_potential_kg":0.012742299802960199,"volume_m3":3.141592653589793e-05},{"ash_mass_kg":0.0,"char_mass_kg":0.0,"dry_wood_mass_kg":0.04900884539600077,"external_area_m2":0.0,"moisture_mass_kg":0.02940530723760046,"oxygen_factor":0.0,"phase":"WET_WOOD","surface_exposure":0.0,"temperature_k":293.15,"volatile_potential_kg":0.038226899408880605,"volume_m3":9.424777960769378e-05},{"ash_mass_kg":0.0,"char_mass_kg":0.0,"dry_wood_mass_kg":0.0816814089933346,"external_area_m2":0.0,"moisture_mass_kg":0.04900884539600076,"oxygen_factor":0.0,"phase":"WET_WOOD","surface_exposure":0.0,"temperature_k":293.15,"volatile_potential_kg":0.063711499014801,"volume_m3":0.00015707963267948963},{"ash_mass_kg":0.0,"char_mass_kg":0.0,"dry_wood_mass_kg":0.11435397259066847,"external_area_m2":0.006283185307179586,"moisture_mass_kg":0.06861238355440108,"oxygen_factor":1.0,"phase":"WET_WOOD","surface_exposure":1.0,"temperature_k":293.15,"volatile_potential_kg":0.0891960986207214,"volume_m3":0.0002199114857512855},{"ash_mass_kg":0.0,"char_mass_kg":0.0,"dry_wood_mass_kg":0.016336281798666922,"external_area_m2":0.0,"moisture_mass_kg":0.009801769079200153,"oxygen_factor":0.0,"phase":"WET_WOOD","surface_exposure":0.0,"temperature_k":293.15,"volatile_potential_kg":0.012742299802960199,"volume_m3":3.141592653589793e-05},{"ash_mass_kg":0.0,"char_mass_kg":0.0,"dry_wood_mass_kg":0.04900884539600077,"external_area_m2":0.0,"moisture_mass_kg":0.02940530723760046,"oxygen_factor":0.0,"phase":"WET_WOOD","surface_exposure":0.0,"temperature_k":293.15,"volatile_potential_kg":0.038226899408880605,"volume_m3":9.424777960769378e-05},{"ash_mass_kg":0.0,"char_mass_kg":0.0,"dry_wood_mass_kg":0.0816814089933346,"external_area_m2":0.0,"moisture_mass_kg":0.04900884539600076,"oxygen_factor":0.0,"phase":"WET_WOOD","surface_exposure":0.0,"temperature_k":293.15,"volatile_potential_kg":0.063711499014801,"volume_m3":0.00015707963267948963},{"ash_mass_kg":0.0,"char_mass_kg":0.0,"dry_wood_mass_kg":0.11435397259066847,"external_area_m2":0.006283185307179586,"moisture_mass_kg":0.06861238355440108,"oxygen_factor":1.0,"phase":"WET_WOOD","surface_exposure":1.0,"temperature_k":293.15,"volatile_potential_kg":0.0891960986207214,"volume_m3":0.0002199114857512855},{"ash_mass_kg":0.0,"char_mass_kg":0.0,"dry_wood_mass_kg":0.016336281798666922,"external_area_m2":0.0,"moisture_mass_kg":0.009801769079200153,"oxygen_factor":0.0,"phase":"WET_WOOD","surface_exposure":0.0,"temperature_k":293.15,"volatile_potential_kg":0.012742299802960199,"volume_m3":3.141592653589793e-05},{"ash_mass_kg":0.0,"char_mass_kg":0.0,"dry_wood_mass_kg":0.04900884539600077,"external_area_m2":0.0,"moisture_mass_kg":0.02940530723760046,"oxygen_factor":0.0,"phase":"WET_WOOD","surface_exposure":0.0,"temperature_k":293.15,"volatile_potential_kg":0.038226899408880605,"volume_m3":9.424777960769378e-05},{"ash_mass_kg":0.0,"char_mass_kg":0.0,"dry_wood_mass_kg":0.0816814089933346,"external_area_m2":0.0,"moisture_mass_kg":0.04900884539600076,"oxygen_factor":0.0,"phase":"WET_WOOD","surface_exposure":0.0,"temperature_k":293.15,"volatile_potential_kg":0.063711499014801,"volume_m3":0.00015707963267948963},{"ash_mass_kg":0.0,"char_mass_kg":0.0,"dry_wood_mass_kg":0.11435397259066847,"external_area_m2":0.006283185307179586,"moisture_mass_kg":0.06861238355440108,"oxygen_factor":1.0,"phase":"WET_WOOD","surface_exposure":1.0,"temperature_k":293.15,"volatile_potential_kg":0.0891960986207214,"volume_m3":0.0002199114857512855},{"ash_mass_kg":0.0,"char_mass_kg":0.0,"dry_wood_mass_kg":0.016336281798666922,"external_area_m2":0.0,"moisture_mass_kg":0.009801769079200153,"oxygen_factor":0.0,"phase":"WET_WOOD","surface_exposure":0.0,"temperature_k":293.15,"volatile_potential_kg":0.012742299802960199,"volume_m3":3.141592653589793e-05},{"ash_mass_kg":0.0,"char_mass_kg":0.0,"dry_wood_mass_kg":0.04900884539600077,"external_area_m2":0.0,"moisture_mass_kg":0.02940530723760046,"oxygen_factor":0.0,"phase":"WET_WOOD","surface_exposure":0.0,"temperature_k":293.15,"volatile_potential_kg":0.038226899408880605,"volume_m3":9.424777960769378e-05},{"ash_mass_kg":0.0,"char_mass_kg":0.0,"dry_wood_mass_kg":0.0816814089933346,"external_area_m2":0.0,"moisture_mass_kg":0.04900884539600076,"oxygen_factor":0.0,"phase":"WET_WOOD","surface_exposure":0.0,"temperature_k":293.15,"volatile_potential_kg":0.063711499014801,"volume_m3":0.00015707963267948963},{"ash_mass_kg":0.0,"char_mass_kg":0.0,"dry_wood_mass_kg":0.11435397259066847,"external_area_m2":0.006283185307179586,"moisture_mass_kg":0.06861238355440108,"oxygen_factor":1.0,"phase":"WET_WOOD","surface_exposure":1.0,"temperature_k":293.15,"volatile_potential_kg":0.0891960986207214,"volume_m3":0.0002199114857512855},{"ash_mass_kg":0.0,"char_mass_kg":0.0,"dry_wood_mass_kg":0.016336281798666922,"external_area_m2":0.0,"moisture_mass_kg":0.009801769079200153,"oxygen_factor":0.0,"phase":"WET_WOOD","surface_exposure":0.0,"temperature_k":293.15,"volatile_potential_kg":0.012742299802960199,"volume_m3":3.141592653589793e-05},{"ash_mass_kg":0.0,"char_mass_kg":0.0,"dry_wood_mass_kg":0.04900884539600077,"external_area_m2":0.0,"moisture_mass_kg":0.02940530723760046,"oxygen_factor":0.0,"phase":"WET_WOOD","surface_exposure":0.0,"temperature_k":293.15,"volatile_potential_kg":0.038226899408880605,"volume_m3":9.424777960769378e-05},{"ash_mass_kg":0.0,"char_mass_kg":0.0,"dry_wood_mass_kg":0.0816814089933346,"external_area_m2":0.0,"moisture_mass_kg":0.04900884539600076,"oxygen_factor":0.0,"phase":"WET_WOOD","surface_exposure":0.0,"temperature_k":293.15,"volatile_potential_kg":0.063711499014801,"volume_m3":0.00015707963267948963},{"ash_mass_kg":0.0,"char_mass_kg":0.0,"dry_wood_mass_kg":0.11435397259066847,"external_area_m2":0.006283185307179586,"moisture_mass_kg":0.06861238355440108,"oxygen_factor":1.0,"phase":"WET_WOOD","surface_exposure":1.0,"temperature_k":293.15,"volatile_potential_kg":0.0891960986207214,"volume_m3":0.0002199114857512855},{"ash_mass_kg":0.0,"char_mass_kg":0.0,"dry_wood_mass_kg":0.016336281798666922,"external_area_m2":0.0,"moisture_mass_kg":0.009801769079200153,"oxygen_factor":0.0,"phase":"WET_WOOD","surface_exposure":0.0,"temperature_k":293.15,"volatile_potential_kg":0.012742299802960199,"volume_m3":3.141592653589793e-05},{"ash_mass_kg":0.0,"char_mass_kg":0.0,"dry_wood_mass_kg":0.04900884539600077,"external_area_m2":0.0,"moisture_mass_kg":0.02940530723760046,"oxygen_factor":0.0,"phase":"WET_WOOD","surface_exposure":0.0,"temperature_k":293.15,"volatile_potential_kg":0.038226899408880605,"volume_m3":9.424777960769378e-05},{"ash_mass_kg":0.0,"char_mass_kg":0.0,"dry_wood_mass_kg":0.0816814089933346,"external_area_m2":0.0,"moisture_mass_kg":0.04900884539600076,"oxygen_factor":0.0,"phase":"WET_WOOD","surface_exposure":0.0,"temperature_k":293.15,"volatile_potential_kg":0.063711499014801,"volume_m3":0.00015707963267948963},{"ash_mass_kg":0.0,"char_mass_kg":0.0,"dry_wood_mass_kg":0.11435397259066847,"external_area_m2":0.006283185307179586,"moisture_mass_kg":0.06861238355440108,"oxygen_factor":1.0,"phase":"WET_WOOD","surface_exposure":1.0,"temperature_k":293.15,"volatile_potential_kg":0.0891960986207214,"volume_m3":0.0002199114857512855},{"ash_mass_kg":0.0,"char_mass_kg":0.0,"dry_wood_mass_kg":0.016336281798666922,"external_area_m2":0.0,"moisture_mass_kg":0.009801769079200153,"oxygen_factor":0.0,"phase":"WET_WOOD","surface_exposure":0.0,"temperature_k":293.15,"volatile_potential_kg":0.012742299802960199,"volume_m3":3.141592653589793e-05},{"ash_mass_kg":0.0,"char_mass_kg":0.0,"dry_wood_mass_kg":0.04900884539600077,"external_area_m2":0.0,"moisture_mass_kg":0.02940530723760046,"oxygen_factor":0.0,"phase":"WET_WOOD","surface_exposure":0.0,"temperature_k":293.15,"volatile_potential_kg":0.038226899408880605,"volume_m3":9.424777960769378e-05},{"ash_mass_kg":0.0,"char_mass_kg":0.0,"dry_wood_mass_kg":0.0816814089933346,"external_area_m2":0.0,"moisture_mass_kg":0.04900884539600076,"oxygen_factor":0.0,"phase":"WET_WOOD","surface_exposure":0.0,"temperature_k":293.15,"volatile_potential_kg":0.063711499014801,"volume_m3":0.00015707963267948963},{"ash_mass_kg":0.0,"char_mass_kg":0.0,"dry_wood_mass_kg":0.11435397259066847,"external_area_m2":0.006283185307179586,"moisture_mass_kg":0.06861238355440108,"oxygen_factor":1.0,"phase":"WET_WOOD","surface_exposure":1.0,"temperature_k":293.15,"volatile_potential_kg":0.0891960986207214,"volume_m3":0.0002199114857512855},{"ash_mass_kg":0.0,"char_mass_kg":0.0,"dry_wood_mass_kg":0.016336281798666922,"external_area_m2":0.0,"moisture_mass_kg":0.009801769079200153,"oxygen_factor":0.0,"phase":"WET_WOOD","surface_exposure":0.0,"temperature_k":293.15,"volatile_potential_kg":0.012742299802960199,"volume_m3":3.141592653589793e-05},{"ash_mass_kg":0.0,"char_mass_kg":0.0,"dry_wood_mass_kg":0.04900884539600077,"external_area_m2":0.0,"moisture_mass_kg":0.02940530723760046,"oxygen_factor":0.0,"phase":"WET_WOOD","surface_exposure":0.0,"temperature_k":293.15,"volatile_potential_kg":0.038226899408880605,"volume_m3":9.424777960769378e-05},{"ash_mass_kg":0.0,"char_mass_kg":0.0,"dry_wood_mass_kg":0.0816814089933346,"external_area_m2":0.0,"moisture_mass_kg":0.04900884539600076,"oxygen_factor":0.0,"phase":"WET_WOOD","surface_exposure":0.0,"temperature_k":293.15,"volatile_potential_kg":0.063711499014801,"volume_m3":0.00015707963267948963},{"ash_mass_kg":0.0,"char_mass_kg":0.0,"dry_wood_mass_kg":0.11435397259066847,"external_area_m2":0.006283185307179586,"moisture_mass_kg":0.06861238355440108,"oxygen_factor":1.0,"phase":"WET_WOOD","surface_exposure":1.0,"temperature_k":293.15,"volatile_potential_kg":0.0891960986207214,"volume_m3":0.0002199114857512855},{"ash_mass_kg":0.0,"char_mass_kg":0.0,"dry_wood_mass_kg":0.016336281798666922,"external_area_m2":0.0,"moisture_mass_kg":0.009801769079200153,"oxygen_factor":0.0,"phase":"WET_WOOD","surface_exposure":0.0,"temperature_k":293.15,"volatile_potential_kg":0.012742299802960199,"volume_m3":3.141592653589793e-05},{"ash_mass_kg":0.0,"char_mass_kg":0.0,"dry_wood_mass_kg":0.04900884539600077,"external_area_m2":0.0,"moisture_mass_kg":0.02940530723760046,"oxygen_factor":0.0,"phase":"WET_WOOD","surface_exposure":0.0,"temperature_k":293.15,"volatile_potential_kg":0.038226899408880605,"volume_m3":9.424777960769378e-05},{"ash_mass_kg":0.0,"char_mass_kg":0.0,"dry_wood_mass_kg":0.0816814089933346,"external_area_m2":0.0,"moisture_mass_kg":0.04900884539600076,"oxygen_factor":0.0,"phase":"WET_WOOD","surface_exposure":0.0,"temperature_k":293.15,"volatile_potential_kg":0.063711499014801,"volume_m3":0.00015707963267948963},{"ash_mass_kg":0.0,"char_mass_kg":0.0,"dry_wood_mass_kg":0.11435397259066847,"external_area_m2":0.006283185307179586,"moisture_mass_kg":0.06861238355440108,"oxygen_factor":1.0,"phase":"WET_WOOD","surface_exposure":1.0,"temperature_k":293.15,"volatile_potential_kg":0.0891960986207214,"volume_m3":0.0002199114857512855},{"ash_mass_kg":0.0,"char_mass_kg":0.0,"dry_wood_mass_kg":0.016336281798666922,"external_area_m2":0.0,"moisture_mass_kg":0.009801769079200153,"oxygen_factor":0.0,"phase":"WET_WOOD","surface_exposure":0.0,"temperature_k":293.15,"volatile_potential_kg":0.012742299802960199,"volume_m3":3.141592653589793e-05},{"ash_mass_kg":0.0,"char_mass_kg":0.0,"dry_wood_mass_kg":0.04900884539600077,"external_area_m2":0.0,"moisture_mass_kg":0.02940530723760046,"oxygen_factor":0.0,"phase":"WET_WOOD","surface_exposure":0.0,"temperature_k":293.15,"volatile_potential_kg":0.038226899408880605,"volume_m3":9.424777960769378e-05},{"ash_mass_kg":0.0,"char_mass_kg":0.0,"dry_wood_mass_kg":0.0816814089933346,"external_area_m2":0.0,"moisture_mass_kg":0.04900884539600076,"oxygen_factor":0.0,"phase":"WET_WOOD","surface_exposure":0.0,"temperature_k":293.15,"volatile_potential_kg":0.063711499014801,"volume_m3":0.00015707963267948963},{"ash_mass_kg":0.0,"char_mass_kg":0.0,"dry_wood_mass_kg":0.11435397259066847,"external_area_m2":0.006283185307179586,"moisture_mass_kg":0.06861238355440108,"oxygen_factor":1.0,"phase":"WET_WOOD","surface_exposure":1.0,"temperature_k":293.15,"volatile_potential_kg":0.0891960986207214,"volume_m3":0.0002199114857512855},{"ash_mass_kg":0.0,"char_mass_kg":0.0,"dry_wood_mass_kg":0.016336281798666922,"external_area_m2":0.0,"moisture_mass_kg":0.009801769079200153,"oxygen_factor":0.0,"phase":"WET_WOOD","surface_exposure":0.0,"temperature_k":293.15,"volatile_potential_kg":0.012742299802960199,"volume_m3":3.141592653589793e-05},{"ash_mass_kg":0.0,"char_mass_kg":0.0,"dry_wood_mass_kg":0.04900884539600077,"external_area_m2":0.0,"moisture_mass_kg":0.02940530723760046,"oxygen_factor":0.0,"phase":"WET_WOOD","surface_exposure":0.0,"temperature_k":293.15,"volatile_potential_kg":0.038226899408880605,"volume_m3":9.424777960769378e-05},{"ash_mass_kg":0.0,"char_mass_kg":0.0,"dry_wood_mass_kg":0.0816814089933346,"external_area_m2":0.0,"moisture_mass_kg":0.04900884539600076,"oxygen_factor":0.0,"phase":"WET_WOOD","surface_exposure":0.0,"temperature_k":293.15,"volatile_potential_kg":0.063711499014801,"volume_m3":0.00015707963267948963},{"ash_mass_kg":0.0,"char_mass_kg":0.0,"dry_wood_mass_kg":0.11435397259066847,"external_area_m2":0.006283185307179586,"moisture_mass_kg":0.06861238355440108,"oxygen_factor":1.0,"phase":"WET_WOOD","surface_exposure":1.0,"temperature_k":293.15,"volatile_potential_kg":0.0891960986207214,"volume_m3":0.0002199114857512855},{"ash_mass_kg":0.0,"char_mass_kg":0.0,"dry_wood_mass_kg":0.016336281798666922,"external_area_m2":0.0,"moisture_mass_kg":0.009801769079200153,"oxygen_factor":0.0,"phase":"WET_WOOD","surface_exposure":0.0,"temperature_k":293.15,"volatile_potential_kg":0.012742299802960199,"volume_m3":3.141592653589793e-05},{"ash_mass_kg":0.0,"char_mass_kg":0.0,"dry_wood_mass_kg":0.04900884539600077,"external_area_m2":0.0,"moisture_mass_kg":0.02940530723760046,"oxygen_factor":0.0,"phase":"WET_WOOD","surface_exposure":0.0,"temperature_k":293.15,"volatile_potential_kg":0.038226899408880605,"volume_m3":9.424777960769378e-05},{"ash_mass_kg":0.0,"char_mass_kg":0.0,"dry_wood_mass_kg":0.0816814089933346,"external_area_m2":0.0,"moisture_mass_kg":0.04900884539600076,"oxygen_factor":0.0,"phase":"WET_WOOD","surface_exposure":0.0,"temperature_k":293.15,"volatile_potential_kg":0.063711499014801,"volume_m3":0.00015707963267948963},{"ash_mass_kg":0.0,"char_mass_kg":0.0,"dry_wood_mass_kg":0.11435397259066847,"external_area_m2":0.006283185307179586,"moisture_mass_kg":0.06861238355440108,"oxygen_factor":1.0,"phase":"WET_WOOD","surface_exposure":1.0,"temperature_k":293.15,"volatile_potential_kg":0.0891960986207214,"volume_m3":0.0002199114857512855},{"ash_mass_kg":0.0,"char_mass_kg":0.0,"dry_wood_mass_kg":0.016336281798666922,"external_area_m2":0.0,"moisture_mass_kg":0.009801769079200153,"oxygen_factor":0.0,"phase":"WET_WOOD","surface_exposure":0.0,"temperature_k":293.15,"volatile_potential_kg":0.012742299802960199,"volume_m3":3.141592653589793e-05},{"ash_mass_kg":0.0,"char_mass_kg":0.0,"dry_wood_mass_kg":0.04900884539600077,"external_area_m2":0.0,"moisture_mass_kg":0.02940530723760046,"oxygen_factor":0.0,"phase":"WET_WOOD","surface_exposure":0.0,"temperature_k":293.15,"volatile_potential_kg":0.038226899408880605,"volume_m3":9.424777960769378e-05},{"ash_mass_kg":0.0,"char_mass_kg":0.0,"dry_wood_mass_kg":0.0816814089933346,"external_area_m2":0.0,"moisture_mass_kg":0.04900884539600076,"oxygen_factor":0.0,"phase":"WET_WOOD","surface_exposure":0.0,"temperature_k":293.15,"volatile_potential_kg":0.063711499014801,"volume_m3":0.00015707963267948963},{"ash_mass_kg":0.0,"char_mass_kg":0.0,"dry_wood_mass_kg":0.11435397259066847,"external_area_m2":0.006283185307179586,"moisture_mass_kg":0.06861238355440108,"oxygen_factor":1.0,"phase":"WET_WOOD","surface_exposure":1.0,"temperature_k":293.15,"volatile_potential_kg":0.0891960986207214,"volume_m3":0.0002199114857512855},{"ash_mass_kg":0.0,"char_mass_kg":0.0,"dry_wood_mass_kg":0.016336281798666922,"external_area_m2":0.0,"moisture_mass_kg":0.009801769079200153,"oxygen_factor":0.0,"phase":"WET_WOOD","surface_exposure":0.0,"temperature_k":293.15,"volatile_potential_kg":0.012742299802960199,"volume_m3":3.141592653589793e-05},{"ash_mass_kg":0.0,"char_mass_kg":0.0,"dry_wood_mass_kg":0.04900884539600077,"external_area_m2":0.0,"moisture_mass_kg":0.02940530723760046,"oxygen_factor":0.0,"phase":"WET_WOOD","surface_exposure":0.0,"temperature_k":293.15,"volatile_potential_kg":0.038226899408880605,"volume_m3":9.424777960769378e-05},{"ash_mass_kg":0.0,"char_mass_kg":0.0,"dry_wood_mass_kg":0.0816814089933346,"external_area_m2":0.0,"moisture_mass_kg":0.04900884539600076,"oxygen_factor":0.0,"phase":"WET_WOOD","surface_exposure":0.0,"temperature_k":293.15,"volatile_potential_kg":0.063711499014801,"volume_m3":0.00015707963267948963},{"ash_mass_kg":0.0,"char_mass_kg":0.0,"dry_wood_mass_kg":0.11435397259066847,"external_area_m2":0.006283185307179586,"moisture_mass_kg":0.06861238355440108,"oxygen_factor":1.0,"phase":"WET_WOOD","surface_exposure":1.0,"temperature_k":293.15,"volatile_potential_kg":0.0891960986207214,"volume_m3":0.0002199114857512855},{"ash_mass_kg":0.0,"char_mass_kg":0.0,"dry_wood_mass_kg":0.016336281798666922,"external_area_m2":0.0,"moisture_mass_kg":0.009801769079200153,"oxygen_factor":0.0,"phase":"WET_WOOD","surface_exposure":0.0,"temperature_k":293.15,"volatile_potential_kg":0.012742299802960199,"volume_m3":3.141592653589793e-05},{"ash_mass_kg":0.0,"char_mass_kg":0.0,"dry_wood_mass_kg":0.04900884539600077,"external_area_m2":0.0,"moisture_mass_kg":0.02940530723760046,"oxygen_factor":0.0,"phase":"WET_WOOD","surface_exposure":0.0,"temperature_k":293.15,"volatile_potential_kg":0.038226899408880605,"volume_m3":9.424777960769378e-05},{"ash_mass_kg":0.0,"char_mass_kg":0.0,"dry_wood_mass_kg":0.0816814089933346,"external_area_m2":0.0,"moisture_mass_kg":0.04900884539600076,"oxygen_factor":0.0,"phase":"WET_WOOD","surface_exposure":0.0,"temperature_k":293.15,"volatile_potential_kg":0.063711499014801,"volume_m3":0.00015707963267948963},{"ash_mass_kg":0.0,"char_mass_kg":0.0,"dry_wood_mass_kg":0.11435397259066847,"external_area_m2":0.006283185307179586,"moisture_mass_kg":0.06861238355440108,"oxygen_factor":1.0,"phase":"WET_WOOD","surface_exposure":1.0,"temperature_k":293.15,"volatile_potential_kg":0.0891960986207214,"volume_m3":0.0002199114857512855},{"ash_mass_kg":0.0,"char_mass_kg":0.0,"dry_wood_mass_kg":0.016336281798666922,"external_area_m2":0.0,"moisture_mass_kg":0.009801769079200153,"oxygen_factor":0.0,"phase":"WET_WOOD","surface_exposure":0.0,"temperature_k":293.15,"volatile_potential_kg":0.012742299802960199,"volume_m3":3.141592653589793e-05},{"ash_mass_kg":0.0,"char_mass_kg":0.0,"dry_wood_mass_kg":0.04900884539600077,"external_area_m2":0.0,"moisture_mass_kg":0.02940530723760046,"oxygen_factor":0.0,"phase":"WET_WOOD","surface_exposure":0.0,"temperature_k":293.15,"volatile_potential_kg":0.038226899408880605,"volume_m3":9.424777960769378e-05},{"ash_mass_kg":0.0,"char_mass_kg":0.0,"dry_wood_mass_kg":0.0816814089933346,"external_area_m2":0.0,"moisture_mass_kg":0.04900884539600076,"oxygen_factor":0.0,"phase":"WET_WOOD","surface_exposure":0.0,"temperature_k":293.15,"volatile_potential_kg":0.063711499014801,"volume_m3":0.00015707963267948963},{"ash_mass_kg":0.0,"char_mass_kg":0.0,"dry_wood_mass_kg":0.11435397259066847,"external_area_m2":0.006283185307179586,"moisture_mass_kg":0.06861238355440108,"oxygen_factor":1.0,"phase":"WET_WOOD","surface_exposure":1.0,"temperature_k":293.15,"volatile_potential_kg":0.0891960986207214,"volume_m3":0.0002199114857512855},{"ash_mass_kg":0.0,"char_mass_kg":0.0,"dry_wood_mass_kg":0.016336281798666922,"external_area_m2":0.0,"moisture_mass_kg":0.009801769079200153,"oxygen_factor":0.0,"phase":"WET_WOOD","surface_exposure":0.0,"temperature_k":293.15,"volatile_potential_kg":0.012742299802960199,"volume_m3":3.141592653589793e-05},{"ash_mass_kg":0.0,"char_mass_kg":0.0,"dry_wood_mass_kg":0.04900884539600077,"external_area_m2":0.0,"moisture_mass_kg":0.02940530723760046,"oxygen_factor":0.0,"phase":"WET_WOOD","surface_exposure":0.0,"temperature_k":293.15,"volatile_potential_kg":0.038226899408880605,"volume_m3":9.424777960769378e-05},{"ash_mass_kg":0.0,"char_mass_kg":0.0,"dry_wood_mass_kg":0.0816814089933346,"external_area_m2":0.0,"moisture_mass_kg":0.04900884539600076,"oxygen_factor":0.0,"phase":"WET_WOOD","surface_exposure":0.0,"temperature_k":293.15,"volatile_potential_kg":0.063711499014801,"volume_m3":0.00015707963267948963},{"ash_mass_kg":0.0,"char_mass_kg":0.0,"dry_wood_mass_kg":0.11435397259066847,"external_area_m2":0.006283185307179586,"moisture_mass_kg":0.06861238355440108,"oxygen_factor":1.0,"phase":"WET_WOOD","surface_exposure":1.0,"temperature_k":293.15,"volatile_potential_kg":0.0891960986207214,"volume_m3":0.0002199114857512855},{"ash_mass_kg":0.0,"char_mass_kg":0.0,"dry_wood_mass_kg":0.016336281798666922,"external_area_m2":0.0,"moisture_mass_kg":0.009801769079200153,"oxygen_factor":0.0,"phase":"WET_WOOD","surface_exposure":0.0,"temperature_k":293.15,"volatile_potential_kg":0.012742299802960199,"volume_m3":3.141592653589793e-05},{"ash_mass_kg":0.0,"char_mass_kg":0.0,"dry_wood_mass_kg":0.04900884539600077,"external_area_m2":0.0,"moisture_mass_kg":0.02940530723760046,"oxygen_factor":0.0,"phase":"WET_WOOD","surface_exposure":0.0,"temperature_k":293.15,"volatile_potential_kg":0.038226899408880605,"volume_m3":9.424777960769378e-05},{"ash_mass_kg":0.0,"char_mass_kg":0.0,"dry_wood_mass_kg":0.0816814089933346,"external_area_m2":0.0,"moisture_mass_kg":0.04900884539600076,"oxygen_factor":0.0,"phase":"WET_WOOD","surface_exposure":0.0,"temperature_k":293.15,"volatile_potential_kg":0.063711499014801,"volume_m3":0.00015707963267948963},{"ash_mass_kg":0.0,"char_mass_kg":0.0,"dry_wood_mass_kg":0.11435397259066847,"external_area_m2":0.006283185307179586,"moisture_mass_kg":0.06861238355440108,"oxygen_factor":1.0,"phase":"WET_WOOD","surface_exposure":1.0,"temperature_k":293.15,"volatile_potential_kg":0.0891960986207214,"volume_m3":0.0002199114857512855},{"ash_mass_kg":0.0,"char_mass_kg":0.0,"dry_wood_mass_kg":0.016336281798666922,"external_area_m2":0.0,"moisture_mass_kg":0.009801769079200153,"oxygen_factor":0.0,"phase":"WET_WOOD","surface_exposure":0.0,"temperature_k":293.15,"volatile_potential_kg":0.012742299802960199,"volume_m3":3.141592653589793e-05},{"ash_mass_kg":0.0,"char_mass_kg":0.0,"dry_wood_mass_kg":0.04900884539600077,"external_area_m2":0.0,"moisture_mass_kg":0.02940530723760046,"oxygen_factor":0.0,"phase":"WET_WOOD","surface_exposure":0.0,"temperature_k":293.15,"volatile_potential_kg":0.038226899408880605,"volume_m3":9.424777960769378e-05},{"ash_mass_kg":0.0,"char_mass_kg":0.0,"dry_wood_mass_kg":0.0816814089933346,"external_area_m2":0.0,"moisture_mass_kg":0.04900884539600076,"oxygen_factor":0.0,"phase":"WET_WOOD","surface_exposure":0.0,"temperature_k":293.15,"volatile_potential_kg":0.063711499014801,"volume_m3":0.00015707963267948963},{"ash_mass_kg":0.0,"char_mass_kg":0.0,"dry_wood_mass_kg":0.11435397259066847,"external_area_m2":0.006283185307179586,"moisture_mass_kg":0.06861238355440108,"oxygen_factor":1.0,"phase":"WET_WOOD","surface_exposure":1.0,"temperature_k":293.15,"volatile_potential_kg":0.0891960986207214,"volume_m3":0.0002199114857512855},{"ash_mass_kg":0.0,"char_mass_kg":0.0,"dry_wood_mass_kg":0.016336281798666922,"external_area_m2":0.0,"moisture_mass_kg":0.009801769079200153,"oxygen_factor":0.0,"phase":"WET_WOOD","surface_exposure":0.0,"temperature_k":293.15,"volatile_potential_kg":0.012742299802960199,"volume_m3":3.141592653589793e-05},{"ash_mass_kg":0.0,"char_mass_kg":0.0,"dry_wood_mass_kg":0.04900884539600077,"external_area_m2":0.0,"moisture_mass_kg":0.02940530723760046,"oxygen_factor":0.0,"phase":"WET_WOOD","surface_exposure":0.0,"temperature_k":293.15,"volatile_potential_kg":0.038226899408880605,"volume_m3":9.424777960769378e-05},{"ash_mass_kg":0.0,"char_mass_kg":0.0,"dry_wood_mass_kg":0.0816814089933346,"external_area_m2":0.0,"moisture_mass_kg":0.04900884539600076,"oxygen_factor":0.0,"phase":"WET_WOOD","surface_exposure":0.0,"temperature_k":293.15,"volatile_potential_kg":0.063711499014801,"volume_m3":0.00015707963267948963},{"ash_mass_kg":0.0,"char_mass_kg":0.0,"dry_wood_mass_kg":0.11435397259066847,"external_area_m2":0.006283185307179586,"moisture_mass_kg":0.06861238355440108,"oxygen_factor":1.0,"phase":"WET_WOOD","surface_exposure":1.0,"temperature_k":293.15,"volatile_potential_kg":0.0891960986207214,"volume_m3":0.0002199114857512855},{"ash_mass_kg":0.0,"char_mass_kg":0.0,"dry_wood_mass_kg":0.016336281798666922,"external_area_m2":0.0,"moisture_mass_kg":0.009801769079200153,"oxygen_factor":0.0,"phase":"WET_WOOD","surface_exposure":0.0,"temperature_k":293.15,"volatile_potential_kg":0.012742299802960199,"volume_m3":3.141592653589793e-05},{"ash_mass_kg":0.0,"char_mass_kg":0.0,"dry_wood_mass_kg":0.04900884539600077,"external_area_m2":0.0,"moisture_mass_kg":0.02940530723760046,"oxygen_factor":0.0,"phase":"WET_WOOD","surface_exposure":0.0,"temperature_k":293.15,"volatile_potential_kg":0.038226899408880605,"volume_m3":9.424777960769378e-05},{"ash_mass_kg":0.0,"char_mass_kg":0.0,"dry_wood_mass_kg":0.0816814089933346,"external_area_m2":0.0,"moisture_mass_kg":0.04900884539600076,"oxygen_factor":0.0,"phase":"WET_WOOD","surface_exposure":0.0,"temperature_k":293.15,"volatile_potential_kg":0.063711499014801,"volume_m3":0.00015707963267948963},{"ash_mass_kg":0.0,"char_mass_kg":0.0,"dry_wood_mass_kg":0.11435397259066847,"external_area_m2":0.006283185307179586,"moisture_mass_kg":0.06861238355440108,"oxygen_factor":1.0,"phase":"WET_WOOD","surface_exposure":1.0,"temperature_k":293.15,"volatile_potential_kg":0.0891960986207214,"volume_m3":0.0002199114857512855},{"ash_mass_kg":0.0,"char_mass_kg":0.0,"dry_wood_mass_kg":0.016336281798666922,"external_area_m2":0.0,"moisture_mass_kg":0.009801769079200153,"oxygen_factor":0.0,"phase":"WET_WOOD","surface_exposure":0.0,"temperature_k":293.15,"volatile_potential_kg":0.012742299802960199,"volume_m3":3.141592653589793e-05},{"ash_mass_kg":0.0,"char_mass_kg":0.0,"dry_wood_mass_kg":0.04900884539600077,"external_area_m2":0.0,"moisture_mass_kg":0.02940530723760046,"oxygen_factor":0.0,"phase":"WET_WOOD","surface_exposure":0.0,"temperature_k":293.15,"volatile_potential_kg":0.038226899408880605,"volume_m3":9.424777960769378e-05},{"ash_mass_kg":0.0,"char_mass_kg":0.0,"dry_wood_mass_kg":0.0816814089933346,"external_area_m2":0.0,"moisture_mass_kg":0.04900884539600076,"oxygen_factor":0.0,"phase":"WET_WOOD","surface_exposure":0.0,"temperature_k":293.15,"volatile_potential_kg":0.063711499014801,"volume_m3":0.00015707963267948963},{"ash_mass_kg":0.0,"char_mass_kg":0.0,"dry_wood_mass_kg":0.11435397259066847,"external_area_m2":0.006283185307179586,"moisture_mass_kg":0.06861238355440108,"oxygen_factor":1.0,"phase":"WET_WOOD","surface_exposure":1.0,"temperature_k":293.15,"volatile_potential_kg":0.0891960986207214,"volume_m3":0.0002199114857512855},{"ash_mass_kg":0.0,"char_mass_kg":0.0,"dry_wood_mass_kg":0.016336281798666922,"external_area_m2":0.0,"moisture_mass_kg":0.009801769079200153,"oxygen_factor":0.0,"phase":"WET_WOOD","surface_exposure":0.0,"temperature_k":293.15,"volatile_potential_kg":0.012742299802960199,"volume_m3":3.141592653589793e-05},{"ash_mass_kg":0.0,"char_mass_kg":0.0,"dry_wood_mass_kg":0.04900884539600077,"external_area_m2":0.0,"moisture_mass_kg":0.02940530723760046,"oxygen_factor":0.0,"phase":"WET_WOOD","surface_exposure":0.0,"temperature_k":293.15,"volatile_potential_kg":0.038226899408880605,"volume_m3":9.424777960769378e-05},{"ash_mass_kg":0.0,"char_mass_kg":0.0,"dry_wood_mass_kg":0.0816814089933346,"external_area_m2":0.0,"moisture_mass_kg":0.04900884539600076,"oxygen_factor":0.0,"phase":"WET_WOOD","surface_exposure":0.0,"temperature_k":293.15,"volatile_potential_kg":0.063711499014801,"volume_m3":0.00015707963267948963},{"ash_mass_kg":0.0,"char_mass_kg":0.0,"dry_wood_mass_kg":0.11435397259066847,"external_area_m2":0.006283185307179586,"moisture_mass_kg":0.06861238355440108,"oxygen_factor":1.0,"phase":"WET_WOOD","surface_exposure":1.0,"temperature_k":293.15,"volatile_potential_kg":0.0891960986207214,"volume_m3":0.0002199114857512855},{"ash_mass_kg":0.0,"char_mass_kg":0.0,"dry_wood_mass_kg":0.016336281798666922,"external_area_m2":0.0,"moisture_mass_kg":0.009801769079200153,"oxygen_factor":0.0,"phase":"WET_WOOD","surface_exposure":0.0,"temperature_k":293.15,"volatile_potential_kg":0.012742299802960199,"volume_m3":3.141592653589793e-05},{"ash_mass_kg":0.0,"char_mass_kg":0.0,"dry_wood_mass_kg":0.04900884539600077,"external_area_m2":0.0,"moisture_mass_kg":0.02940530723760046,"oxygen_factor":0.0,"phase":"WET_WOOD","surface_exposure":0.0,"temperature_k":293.15,"volatile_potential_kg":0.038226899408880605,"volume_m3":9.424777960769378e-05},{"ash_mass_kg":0.0,"char_mass_kg":0.0,"dry_wood_mass_kg":0.0816814089933346,"external_area_m2":0.0,"moisture_mass_kg":0.04900884539600076,"oxygen_factor":0.0,"phase":"WET_WOOD","surface_exposure":0.0,"temperature_k":293.15,"volatile_potential_kg":0.063711499014801,"volume_m3":0.00015707963267948963},{"ash_mass_kg":0.0,"char_mass_kg":0.0,"dry_wood_mass_kg":0.11435397259066847,"external_area_m2":0.006283185307179586,"moisture_mass_kg":0.06861238355440108,"oxygen_factor":1.0,"phase":"WET_WOOD","surface_exposure":1.0,"temperature_k":293.15,"volatile_potential_kg":0.0891960986207214,"volume_m3":0.0002199114857512855},{"ash_mass_kg":0.0,"char_mass_kg":0.0,"dry_wood_mass_kg":0.016336281798666922,"external_area_m2":0.0,"moisture_mass_kg":0.009801769079200153,"oxygen_factor":0.0,"phase":"WET_WOOD","surface_exposure":0.0,"temperature_k":293.15,"volatile_potential_kg":0.012742299802960199,"volume_m3":3.141592653589793e-05},{"ash_mass_kg":0.0,"char_mass_kg":0.0,"dry_wood_mass_kg":0.04900884539600077,"external_area_m2":0.0,"moisture_mass_kg":0.02940530723760046,"oxygen_factor":0.0,"phase":"WET_WOOD","surface_exposure":0.0,"temperature_k":293.15,"volatile_potential_kg":0.038226899408880605,"volume_m3":9.424777960769378e-05},{"ash_mass_kg":0.0,"char_mass_kg":0.0,"dry_wood_mass_kg":0.0816814089933346,"external_area_m2":0.0,"moisture_mass_kg":0.04900884539600076,"oxygen_factor":0.0,"phase":"WET_WOOD","surface_exposure":0.0,"temperature_k":293.15,"volatile_potential_kg":0.063711499014801,"volume_m3":0.00015707963267948963},{"ash_mass_kg":0.0,"char_mass_kg":0.0,"dry_wood_mass_kg":0.11435397259066847,"external_area_m2":0.006283185307179586,"moisture_mass_kg":0.06861238355440108,"oxygen_factor":1.0,"phase":"WET_WOOD","surface_exposure":1.0,"temperature_k":293.15,"volatile_potential_kg":0.0891960986207214,"volume_m3":0.0002199114857512855},{"ash_mass_kg":0.0,"char_mass_kg":0.0,"dry_wood_mass_kg":0.016336281798666922,"external_area_m2":0.0,"moisture_mass_kg":0.009801769079200153,"oxygen_factor":0.0,"phase":"WET_WOOD","surface_exposure":0.0,"temperature_k":293.15,"volatile_potential_kg":0.012742299802960199,"volume_m3":3.141592653589793e-05},{"ash_mass_kg":0.0,"char_mass_kg":0.0,"dry_wood_mass_kg":0.04900884539600077,"external_area_m2":0.0,"moisture_mass_kg":0.02940530723760046,"oxygen_factor":0.0,"phase":"WET_WOOD","surface_exposure":0.0,"temperature_k":293.15,"volatile_potential_kg":0.038226899408880605,"volume_m3":9.424777960769378e-05},{"ash_mass_kg":0.0,"char_mass_kg":0.0,"dry_wood_mass_kg":0.0816814089933346,"external_area_m2":0.0,"moisture_mass_kg":0.04900884539600076,"oxygen_factor":0.0,"phase":"WET_WOOD","surface_exposure":0.0,"temperature_k":293.15,"volatile_potential_kg":0.063711499014801,"volume_m3":0.00015707963267948963},{"ash_mass_kg":0.0,"char_mass_kg":0.0,"dry_wood_mass_kg":0.11435397259066847,"external_area_m2":0.006283185307179586,"moisture_mass_kg":0.06861238355440108,"oxygen_factor":1.0,"phase":"WET_WOOD","surface_exposure":1.0,"temperature_k":293.15,"volatile_potential_kg":0.0891960986207214,"volume_m3":0.0002199114857512855},{"ash_mass_kg":0.0,"char_mass_kg":0.0,"dry_wood_mass_kg":0.016336281798666922,"external_area_m2":0.0,"moisture_mass_kg":0.009801769079200153,"oxygen_factor":0.0,"phase":"WET_WOOD","surface_exposure":0.0,"temperature_k":293.15,"volatile_potential_kg":0.012742299802960199,"volume_m3":3.141592653589793e-05},{"ash_mass_kg":0.0,"char_mass_kg":0.0,"dry_wood_mass_kg":0.04900884539600077,"external_area_m2":0.0,"moisture_mass_kg":0.02940530723760046,"oxygen_factor":0.0,"phase":"WET_WOOD","surface_exposure":0.0,"temperature_k":293.15,"volatile_potential_kg":0.038226899408880605,"volume_m3":9.424777960769378e-05},{"ash_mass_kg":0.0,"char_mass_kg":0.0,"dry_wood_mass_kg":0.0816814089933346,"external_area_m2":0.0,"moisture_mass_kg":0.04900884539600076,"oxygen_factor":0.0,"phase":"WET_WOOD","surface_exposure":0.0,"temperature_k":293.15,"volatile_potential_kg":0.063711499014801,"volume_m3":0.00015707963267948963},{"ash_mass_kg":0.0,"char_mass_kg":0.0,"dry_wood_mass_kg":0.11435397259066847,"external_area_m2":0.006283185307179586,"moisture_mass_kg":0.06861238355440108,"oxygen_factor":1.0,"phase":"WET_WOOD","surface_exposure":1.0,"temperature_k":293.15,"volatile_potential_kg":0.0891960986207214,"volume_m3":0.0002199114857512855},{"ash_mass_kg":0.0,"char_mass_kg":0.0,"dry_wood_mass_kg":0.016336281798666922,"external_area_m2":0.00041887902047863906,"moisture_mass_kg":0.009801769079200153,"oxygen_factor":1.0,"phase":"WET_WOOD","surface_exposure":1.0,"temperature_k":293.15,"volatile_potential_kg":0.012742299802960199,"volume_m3":3.141592653589793e-05},{"ash_mass_kg":0.0,"char_mass_kg":0.0,"dry_wood_mass_kg":0.04900884539600077,"external_area_m2":0.0012566370614359172,"moisture_mass_kg":0.02940530723760046,"oxygen_factor":1.0,"phase":"WET_WOOD","surface_exposure":1.0,"temperature_k":293.15,"volatile_potential_kg":0.038226899408880605,"volume_m3":9.424777960769378e-05},{"ash_mass_kg":0.0,"char_mass_kg":0.0,"dry_wood_mass_kg":0.0816814089933346,"external_area_m2":0.0020943951023931952,"moisture_mass_kg":0.04900884539600076,"oxygen_factor":1.0,"phase":"WET_WOOD","surface_exposure":1.0,"temperature_k":293.15,"volatile_potential_kg":0.063711499014801,"volume_m3":0.00015707963267948963},{"ash_mass_kg":0.0,"char_mass_kg":0.0,"dry_wood_mass_kg":0.11435397259066847,"external_area_m2":0.00921533845053006,"moisture_mass_kg":0.06861238355440108,"oxygen_factor":1.0,"phase":"WET_WOOD","surface_exposure":1.0,"temperature_k":293.15,"volatile_potential_kg":0.0891960986207214,"volume_m3":0.0002199114857512855},{"ash_mass_kg":0.0,"char_mass_kg":0.0,"dry_wood_mass_kg":0.016336281798666922,"external_area_m2":0.00041887902047863906,"moisture_mass_kg":0.009801769079200153,"oxygen_factor":1.0,"phase":"WET_WOOD","surface_exposure":1.0,"temperature_k":293.15,"volatile_potential_kg":0.012742299802960199,"volume_m3":3.141592653589793e-05},{"ash_mass_kg":0.0,"char_mass_kg":0.0,"dry_wood_mass_kg":0.04900884539600077,"external_area_m2":0.0012566370614359172,"moisture_mass_kg":0.02940530723760046,"oxygen_factor":1.0,"phase":"WET_WOOD","surface_exposure":1.0,"temperature_k":293.15,"volatile_potential_kg":0.038226899408880605,"volume_m3":9.424777960769378e-05},{"ash_mass_kg":0.0,"char_mass_kg":0.0,"dry_wood_mass_kg":0.0816814089933346,"external_area_m2":0.0020943951023931952,"moisture_mass_kg":0.04900884539600076,"oxygen_factor":1.0,"phase":"WET_WOOD","surface_exposure":1.0,"temperature_k":293.15,"volatile_potential_kg":0.063711499014801,"volume_m3":0.00015707963267948963},{"ash_mass_kg":0.0,"char_mass_kg":0.0,"dry_wood_mass_kg":0.11435397259066847,"external_area_m2":0.00921533845053006,"moisture_mass_kg":0.06861238355440108,"oxygen_factor":1.0,"phase":"WET_WOOD","surface_exposure":1.0,"temperature_k":293.15,"volatile_potential_kg":0.0891960986207214,"volume_m3":0.0002199114857512855},{"ash_mass_kg":0.0,"char_mass_kg":0.0,"dry_wood_mass_kg":0.016336281798666922,"external_area_m2":0.00041887902047863906,"moisture_mass_kg":0.009801769079200153,"oxygen_factor":1.0,"phase":"WET_WOOD","surface_exposure":1.0,"temperature_k":293.15,"volatile_potential_kg":0.012742299802960199,"volume_m3":3.141592653589793e-05},{"ash_mass_kg":0.0,"char_mass_kg":0.0,"dry_wood_mass_kg":0.04900884539600077,"external_area_m2":0.0012566370614359172,"moisture_mass_kg":0.02940530723760046,"oxygen_factor":1.0,"phase":"WET_WOOD","surface_exposure":1.0,"temperature_k":293.15,"volatile_potential_kg":0.038226899408880605,"volume_m3":9.424777960769378e-05},{"ash_mass_kg":0.0,"char_mass_kg":0.0,"dry_wood_mass_kg":0.0816814089933346,"external_area_m2":0.0020943951023931952,"moisture_mass_kg":0.04900884539600076,"oxygen_factor":1.0,"phase":"WET_WOOD","surface_exposure":1.0,"temperature_k":293.15,"volatile_potential_kg":0.063711499014801,"volume_m3":0.00015707963267948963},{"ash_mass_kg":0.0,"char_mass_kg":0.0,"dry_wood_mass_kg":0.11435397259066847,"external_area_m2":0.00921533845053006,"moisture_mass_kg":0.06861238355440108,"oxygen_factor":1.0,"phase":"WET_WOOD","surface_exposure":1.0,"temperature_k":293.15,"volatile_potential_kg":0.0891960986207214,"volume_m3":0.0002199114857512855},{"ash_mass_kg":0.0,"char_mass_kg":0.0,"dry_wood_mass_kg":0.016336281798666922,"external_area_m2":0.00041887902047863906,"moisture_mass_kg":0.009801769079200153,"oxygen_factor":1.0,"phase":"WET_WOOD","surface_exposure":1.0,"temperature_k":293.15,"volatile_potential_kg":0.012742299802960199,"volume_m3":3.141592653589793e-05},{"ash_mass_kg":0.0,"char_mass_kg":0.0,"dry_wood_mass_kg":0.04900884539600077,"external_area_m2":0.0012566370614359172,"moisture_mass_kg":0.02940530723760046,"oxygen_factor":1.0,"phase":"WET_WOOD","surface_exposure":1.0,"temperature_k":293.15,"volatile_potential_kg":0.038226899408880605,"volume_m3":9.424777960769378e-05},{"ash_mass_kg":0.0,"char_mass_kg":0.0,"dry_wood_mass_kg":0.0816814089933346,"external_area_m2":0.0020943951023931952,"moisture_mass_kg":0.04900884539600076,"oxygen_factor":1.0,"phase":"WET_WOOD","surface_exposure":1.0,"temperature_k":293.15,"volatile_potential_kg":0.063711499014801,"volume_m3":0.00015707963267948963},{"ash_mass_kg":0.0,"char_mass_kg":0.0,"dry_wood_mass_kg":0.11435397259066847,"external_area_m2":0.00921533845053006,"moisture_mass_kg":0.06861238355440108,"oxygen_factor":1.0,"phase":"WET_WOOD","surface_exposure":1.0,"temperature_k":293.15,"volatile_potential_kg":0.0891960986207214,"volume_m3":0.0002199114857512855},{"ash_mass_kg":0.0,"char_mass_kg":0.0,"dry_wood_mass_kg":0.016336281798666922,"external_area_m2":0.00041887902047863906,"moisture_mass_kg":0.009801769079200153,"oxygen_factor":1.0,"phase":"WET_WOOD","surface_exposure":1.0,"temperature_k":293.15,"volatile_potential_kg":0.012742299802960199,"volume_m3":3.141592653589793e-05},{"ash_mass_kg":0.0,"char_mass_kg":0.0,"dry_wood_mass_kg":0.04900884539600077,"external_area_m2":0.0012566370614359172,"moisture_mass_kg":0.02940530723760046,"oxygen_factor":1.0,"phase":"WET_WOOD","surface_exposure":1.0,"temperature_k":293.15,"volatile_potential_kg":0.038226899408880605,"volume_m3":9.424777960769378e-05},{"ash_mass_kg":0.0,"char_mass_kg":0.0,"dry_wood_mass_kg":0.0816814089933346,"external_area_m2":0.0020943951023931952,"moisture_mass_kg":0.04900884539600076,"oxygen_factor":1.0,"phase":"WET_WOOD","surface_exposure":1.0,"temperature_k":293.15,"volatile_potential_kg":0.063711499014801,"volume_m3":0.00015707963267948963},{"ash_mass_kg":0.0,"char_mass_kg":0.0,"dry_wood_mass_kg":0.11435397259066847,"external_area_m2":0.00921533845053006,"moisture_mass_kg":0.06861238355440108,"oxygen_factor":1.0,"phase":"WET_WOOD","surface_exposure":1.0,"temperature_k":293.15,"volatile_potential_kg":0.0891960986207214,"volume_m3":0.0002199114857512855},{"ash_mass_kg":0.0,"char_mass_kg":0.0,"dry_wood_mass_kg":0.016336281798666922,"external_area_m2":0.00041887902047863906,"moisture_mass_kg":0.009801769079200153,"oxygen_factor":1.0,"phase":"WET_WOOD","surface_exposure":1.0,"temperature_k":293.15,"volatile_potential_kg":0.012742299802960199,"volume_m3":3.141592653589793e-05},{"ash_mass_kg":0.0,"char_mass_kg":0.0,"dry_wood_mass_kg":0.04900884539600077,"external_area_m2":0.0012566370614359172,"moisture_mass_kg":0.02940530723760046,"oxygen_factor":1.0,"phase":"WET_WOOD","surface_exposure":1.0,"temperature_k":293.15,"volatile_potential_kg":0.038226899408880605,"volume_m3":9.424777960769378e-05},{"ash_mass_kg":0.0,"char_mass_kg":0.0,"dry_wood_mass_kg":0.0816814089933346,"external_area_m2":0.0020943951023931952,"moisture_mass_kg":0.04900884539600076,"oxygen_factor":1.0,"phase":"WET_WOOD","surface_exposure":1.0,"temperature_k":293.15,"volatile_potential_kg":0.063711499014801,"volume_m3":0.00015707963267948963},{"ash_mass_kg":0.0,"char_mass_kg":0.0,"dry_wood_mass_kg":0.11435397259066847,"external_area_m2":0.00921533845053006,"moisture_mass_kg":0.06861238355440108,"oxygen_factor":1.0,"phase":"WET_WOOD","surface_exposure":1.0,"temperature_k":293.15,"volatile_potential_kg":0.0891960986207214,"volume_m3":0.0002199114857512855},{"ash_mass_kg":0.0,"char_mass_kg":0.0,"dry_wood_mass_kg":0.016336281798666922,"external_area_m2":0.00041887902047863906,"moisture_mass_kg":0.009801769079200153,"oxygen_factor":1.0,"phase":"WET_WOOD","surface_exposure":1.0,"temperature_k":293.15,"volatile_potential_kg":0.012742299802960199,"volume_m3":3.141592653589793e-05},{"ash_mass_kg":0.0,"char_mass_kg":0.0,"dry_wood_mass_kg":0.04900884539600077,"external_area_m2":0.0012566370614359172,"moisture_mass_kg":0.02940530723760046,"oxygen_factor":1.0,"phase":"WET_WOOD","surface_exposure":1.0,"temperature_k":293.15,"volatile_potential_kg":0.038226899408880605,"volume_m3":9.424777960769378e-05},{"ash_mass_kg":0.0,"char_mass_kg":0.0,"dry_wood_mass_kg":0.0816814089933346,"external_area_m2":0.0020943951023931952,"moisture_mass_kg":0.04900884539600076,"oxygen_factor":1.0,"phase":"WET_WOOD","surface_exposure":1.0,"temperature_k":293.15,"volatile_potential_kg":0.063711499014801,"volume_m3":0.00015707963267948963},{"ash_mass_kg":0.0,"char_mass_kg":0.0,"dry_wood_mass_kg":0.11435397259066847,"external_area_m2":0.00921533845053006,"moisture_mass_kg":0.06861238355440108,"oxygen_factor":1.0,"phase":"WET_WOOD","surface_exposure":1.0,"temperature_k":293.15,"volatile_potential_kg":0.0891960986207214,"volume_m3":0.0002199114857512855},{"ash_mass_kg":0.0,"char_mass_kg":0.0,"dry_wood_mass_kg":0.016336281798666922,"external_area_m2":0.00041887902047863906,"moisture_mass_kg":0.009801769079200153,"oxygen_factor":1.0,"phase":"WET_WOOD","surface_exposure":1.0,"temperature_k":293.15,"volatile_potential_kg":0.012742299802960199,"volume_m3":3.141592653589793e-05},{"ash_mass_kg":0.0,"char_mass_kg":0.0,"dry_wood_mass_kg":0.04900884539600077,"external_area_m2":0.0012566370614359172,"moisture_mass_kg":0.02940530723760046,"oxygen_factor":1.0,"phase":"WET_WOOD","surface_exposure":1.0,"temperature_k":293.15,"volatile_potential_kg":0.038226899408880605,"volume_m3":9.424777960769378e-05},{"ash_mass_kg":0.0,"char_mass_kg":0.0,"dry_wood_mass_kg":0.0816814089933346,"external_area_m2":0.0020943951023931952,"moisture_mass_kg":0.04900884539600076,"oxygen_factor":1.0,"phase":"WET_WOOD","surface_exposure":1.0,"temperature_k":293.15,"volatile_potential_kg":0.063711499014801,"volume_m3":0.00015707963267948963},{"ash_mass_kg":0.0,"char_mass_kg":0.0,"dry_wood_mass_kg":0.11435397259066847,"external_area_m2":0.00921533845053006,"moisture_mass_kg":0.06861238355440108,"oxygen_factor":1.0,"phase":"WET_WOOD","surface_exposure":1.0,"temperature_k":293.15,"volatile_potential_kg":0.0891960986207214,"volume_m3":0.0002199114857512855},{"ash_mass_kg":0.0,"char_mass_kg":0.0,"dry_wood_mass_kg":0.016336281798666922,"external_area_m2":0.00041887902047863906,"moisture_mass_kg":0.009801769079200153,"oxygen_factor":1.0,"phase":"WET_WOOD","surface_exposure":1.0,"temperature_k":293.15,"volatile_potential_kg":0.012742299802960199,"volume_m3":3.141592653589793e-05},{"ash_mass_kg":0.0,"char_mass_kg":0.0,"dry_wood_mass_kg":0.04900884539600077,"external_area_m2":0.0012566370614359172,"moisture_mass_kg":0.02940530723760046,"oxygen_factor":1.0,"phase":"WET_WOOD","surface_exposure":1.0,"temperature_k":293.15,"volatile_potential_kg":0.038226899408880605,"volume_m3":9.424777960769378e-05},{"ash_mass_kg":0.0,"char_mass_kg":0.0,"dry_wood_mass_kg":0.0816814089933346,"external_area_m2":0.0020943951023931952,"moisture_mass_kg":0.04900884539600076,"oxygen_factor":1.0,"phase":"WET_WOOD","surface_exposure":1.0,"temperature_k":293.15,"volatile_potential_kg":0.063711499014801,"volume_m3":0.00015707963267948963},{"ash_mass_kg":0.0,"char_mass_kg":0.0,"dry_wood_mass_kg":0.11435397259066847,"external_area_m2":0.00921533845053006,"moisture_mass_kg":0.06861238355440108,"oxygen_factor":1.0,"phase":"WET_WOOD","surface_exposure":1.0,"temperature_k":293.15,"volatile_potential_kg":0.0891960986207214,"volume_m3":0.0002199114857512855},{"ash_mass_kg":0.0,"char_mass_kg":0.0,"dry_wood_mass_kg":0.016336281798666922,"external_area_m2":0.00041887902047863906,"moisture_mass_kg":0.009801769079200153,"oxygen_factor":1.0,"phase":"WET_WOOD","surface_exposure":1.0,"temperature_k":293.15,"volatile_potential_kg":0.012742299802960199,"volume_m3":3.141592653589793e-05},{"ash_mass_kg":0.0,"char_mass_kg":0.0,"dry_wood_mass_kg":0.04900884539600077,"external_area_m2":0.0012566370614359172,"moisture_mass_kg":0.02940530723760046,"oxygen_factor":1.0,"phase":"WET_WOOD","surface_exposure":1.0,"temperature_k":293.15,"volatile_potential_kg":0.038226899408880605,"volume_m3":9.424777960769378e-05},{"ash_mass_kg":0.0,"char_mass_kg":0.0,"dry_wood_mass_kg":0.0816814089933346,"external_area_m2":0.0020943951023931952,"moisture_mass_kg":0.04900884539600076,"oxygen_factor":1.0,"phase":"WET_WOOD","surface_exposure":1.0,"temperature_k":293.15,"volatile_potential_kg":0.063711499014801,"volume_m3":0.00015707963267948963},{"ash_mass_kg":0.0,"char_mass_kg":0.0,"dry_wood_mass_kg":0.11435397259066847,"external_area_m2":0.00921533845053006,"moisture_mass_kg":0.06861238355440108,"oxygen_factor":1.0,"phase":"WET_WOOD","surface_exposure":1.0,"temperature_k":293.15,"volatile_potential_kg":0.0891960986207214,"volume_m3":0.0002199114857512855},{"ash_mass_kg":0.0,"char_mass_kg":0.0,"dry_wood_mass_kg":0.016336281798666922,"external_area_m2":0.00041887902047863906,"moisture_mass_kg":0.009801769079200153,"oxygen_factor":1.0,"phase":"WET_WOOD","surface_exposure":1.0,"temperature_k":293.15,"volatile_potential_kg":0.012742299802960199,"volume_m3":3.141592653589793e-05},{"ash_mass_kg":0.0,"char_mass_kg":0.0,"dry_wood_mass_kg":0.04900884539600077,"external_area_m2":0.0012566370614359172,"moisture_mass_kg":0.02940530723760046,"oxygen_factor":1.0,"phase":"WET_WOOD","surface_exposure":1.0,"temperature_k":293.15,"volatile_potential_kg":0.038226899408880605,"volume_m3":9.424777960769378e-05},{"ash_mass_kg":0.0,"char_mass_kg":0.0,"dry_wood_mass_kg":0.0816814089933346,"external_area_m2":0.0020943951023931952,"moisture_mass_kg":0.04900884539600076,"oxygen_factor":1.0,"phase":"WET_WOOD","surface_exposure":1.0,"temperature_k":293.15,"volatile_potential_kg":0.063711499014801,"volume_m3":0.00015707963267948963},{"ash_mass_kg":0.0,"char_mass_kg":0.0,"dry_wood_mass_kg":0.11435397259066847,"external_area_m2":0.00921533845053006,"moisture_mass_kg":0.06861238355440108,"oxygen_factor":1.0,"phase":"WET_WOOD","surface_exposure":1.0,"temperature_k":293.15,"volatile_potential_kg":0.0891960986207214,"volume_m3":0.0002199114857512855},{"ash_mass_kg":0.0,"char_mass_kg":0.0,"dry_wood_mass_kg":0.016336281798666922,"external_area_m2":0.00041887902047863906,"moisture_mass_kg":0.009801769079200153,"oxygen_factor":1.0,"phase":"WET_WOOD","surface_exposure":1.0,"temperature_k":293.15,"volatile_potential_kg":0.012742299802960199,"volume_m3":3.141592653589793e-05},{"ash_mass_kg":0.0,"char_mass_kg":0.0,"dry_wood_mass_kg":0.04900884539600077,"external_area_m2":0.0012566370614359172,"moisture_mass_kg":0.02940530723760046,"oxygen_factor":1.0,"phase":"WET_WOOD","surface_exposure":1.0,"temperature_k":293.15,"volatile_potential_kg":0.038226899408880605,"volume_m3":9.424777960769378e-05},{"ash_mass_kg":0.0,"char_mass_kg":0.0,"dry_wood_mass_kg":0.0816814089933346,"external_area_m2":0.0020943951023931952,"moisture_mass_kg":0.04900884539600076,"oxygen_factor":1.0,"phase":"WET_WOOD","surface_exposure":1.0,"temperature_k":293.15,"volatile_potential_kg":0.063711499014801,"volume_m3":0.00015707963267948963},{"ash_mass_kg":0.0,"char_mass_kg":0.0,"dry_wood_mass_kg":0.11435397259066847,"external_area_m2":0.00921533845053006,"moisture_mass_kg":0.06861238355440108,"oxygen_factor":1.0,"phase":"WET_WOOD","surface_exposure":1.0,"temperature_k":293.15,"volatile_potential_kg":0.0891960986207214,"volume_m3":0.0002199114857512855}],"elapsed_seconds":0.0,"emitted_char_gas_kg":0.0,"emitted_pyrolysis_gas_kg":0.0,"emitted_water_kg":0.0,"initial_mass_kg":120.4441384452115,"parameters":{"ambient_temperature_k":293.15,"ash_specific_heat_j_kg_k":800.0,"char_ash_yield":0.08,"char_oxidation_heat_j_kg":15000000.0,"char_oxidation_max_fraction_s":0.0005,"char_oxidation_start_temperature_k":673.15,"char_specific_heat_j_kg_k":1000.0,"conductivity_axial_w_m_k":0.25,"conductivity_radial_w_m_k":0.12,"convection_w_m2_k":12.0,"dry_wood_density_kg_m3":520.0,"emissivity":0.82,"evaporation_max_fraction_s":0.08,"evaporation_start_temperature_k":353.15,"max_temperature_k":1600.0,"pyrolysis_char_yield":0.22,"pyrolysis_full_temperature_k":773.15,"pyrolysis_heat_j_kg":300000.0,"pyrolysis_max_fraction_s":0.025,"pyrolysis_start_temperature_k":573.15,"water_latent_heat_j_kg":2256000.0,"water_specific_heat_j_kg_k":4180.0,"wood_specific_heat_j_kg_k":1700.0},"spec":{"axial_cells":24,"circumferential_cells":12,"length_m":1.8,"log_id":"Log_01","radial_cells":4,"radius_m":0.16},"version":1}'
            custom double campfire:densityKgM3 = 520
            custom double campfire:initialMassKg = 75.27758652825719
            custom double campfire:lengthM = 1.8
            custom string campfire:logId = "Log_01"
            custom double campfire:radiusM = 0.16
            custom double campfire:surfaceTemperatureK = 293.15
            double height = 1.8
            rel material:binding:physics = </World/PhysicsMaterials/Wood> (
                bindMaterialAs = "weakerThanDescendants"
            )
            vector3f physics:angularVelocity = (0, 0, 0)
            bool physics:kinematicEnabled = 0
            float physics:mass = 75.27759
            bool physics:rigidBodyEnabled = 1
            vector3f physics:velocity = (0, 0, 0)
            float physxRigidBody:angularDamping = 0.2
            float physxRigidBody:linearDamping = 0.05
            color3f[] primvars:displayColor = [(0.3, 0.12, 0.045)]
            double radius = 0.16
            quatf xformOp:orient = (1, 0, 0, 0)
            double3 xformOp:translate = (0, 0.34, 0.18)
            uniform token[] xformOpOrder = ["xformOp:translate", "xformOp:orient"]
        }

        def Cylinder "Log_02" (
            prepend apiSchemas = ["PhysicsCollisionAPI", "PhysicsRigidBodyAPI", "PhysicsMassAPI", "PhysxRigidBodyAPI", "MaterialBindingAPI"]
        )
        {
            uniform token axis = "X"
            custom double campfire:densityKgM3 = 520
            custom double campfire:initialMassKg = 75.27758652825719
            custom double campfire:lengthM = 1.8
            custom string campfire:logId = "Log_02"
            custom double campfire:radiusM = 0.16
            double height = 1.8
            rel material:binding:physics = </World/PhysicsMaterials/Wood> (
                bindMaterialAs = "weakerThanDescendants"
            )
            vector3f physics:angularVelocity = (0, 0, 0)
            bool physics:kinematicEnabled = 0
            float physics:mass = 75.27759
            bool physics:rigidBodyEnabled = 1
            vector3f physics:velocity = (0, 0, 0)
            float physxRigidBody:angularDamping = 0.2
            float physxRigidBody:linearDamping = 0.05
            color3f[] primvars:displayColor = [(0.3, 0.12, 0.045)]
            double radius = 0.16
            quatf xformOp:orient = (0.70710677, 0, 0, 0.70710677)
            double3 xformOp:translate = (-0.34, 0, 0.5)
            uniform token[] xformOpOrder = ["xformOp:translate", "xformOp:orient"]
        }

        def Cylinder "Log_03" (
            prepend apiSchemas = ["PhysicsCollisionAPI", "PhysicsRigidBodyAPI", "PhysicsMassAPI", "PhysxRigidBodyAPI", "MaterialBindingAPI"]
        )
        {
            uniform token axis = "X"
            custom double campfire:densityKgM3 = 520
            custom double campfire:initialMassKg = 75.27758652825719
            custom double campfire:lengthM = 1.8
            custom string campfire:logId = "Log_03"
            custom double campfire:radiusM = 0.16
            double height = 1.8
            rel material:binding:physics = </World/PhysicsMaterials/Wood> (
                bindMaterialAs = "weakerThanDescendants"
            )
            vector3f physics:angularVelocity = (0, 0, 0)
            bool physics:kinematicEnabled = 0
            float physics:mass = 75.27759
            bool physics:rigidBodyEnabled = 1
            vector3f physics:velocity = (0, 0, 0)
            float physxRigidBody:angularDamping = 0.2
            float physxRigidBody:linearDamping = 0.05
            color3f[] primvars:displayColor = [(0.3, 0.12, 0.045)]
            double radius = 0.16
            quatf xformOp:orient = (0.70710677, 0, 0, 0.70710677)
            double3 xformOp:translate = (0.34, 0, 0.5)
            uniform token[] xformOpOrder = ["xformOp:translate", "xformOp:orient"]
        }
    }

    def "PhysicsMaterials"
    {
        def Material "Wood" (
            prepend apiSchemas = ["PhysicsMaterialAPI"]
        )
        {
            float physics:dynamicFriction = 0.55
            float physics:restitution = 0.1
            float physics:staticFriction = 0.7
        }
    }
}
